task,dataset,method,gamma,seed,k,T,L,warm_G,warm_Phi,warm_Phi_A,warm_Phi_B,final_G,final_Phi,final_Phi_A,final_Phi_B,serialized_payload_bytes,coordinate_array_bytes,phase1_seconds,phase2_seconds,D_loc,D_q,actual_Q_within_ideal_grid_envelope,additional_quantization_duplicate_ids,anchor_H,baseline_duplicate_ids,duplicate_ids,ideal_grid_Q_envelope,max_squared_residual,mean_squared_residual,n_anchor_ids,n_unique_anchor_locations,weight_on_collided_locations,weighted_Q
P4_adult_centralized_gNone,adult,centralized,,42,8,15,6,243.7107134350861,132.19940223810352,132.19940223810352,111.51131119698256,193.61733044031863,96.8512360349798,96.8512360349798,96.76609440533882,25117684,24853488,0.09837024999433197,2.5109606659971178,,,,,,,,,,,,,,
P4_adult_merged_1k_g0.0,adult,merged_1k,0.0,42,8,15,6,224.72915415763728,122.92285648459941,122.92285648459941,101.80629767303788,195.50177944952017,97.75154483910099,97.7502346104192,97.75154483910099,697000,659200,0.18560675001936033,2.539066625002306,219.57857882687125,219.57857882687125,True,0,108.31280254742742,5,5,0.0,0.0,0.0,800,795,0.08249686141195028,0.0
P4_adult_merged_2k_g0.0,adult,merged_2k,0.0,42,8,15,6,236.04387213392957,125.39436597902457,125.39436597902457,110.64950615490501,192.5891777613241,96.31522941219968,96.27394834912441,96.31522941219968,1369000,1318400,0.28959545798716135,2.4731857079896145,174.4543315926632,174.4543315926632,True,0,150.08385814851914,14,14,0.0,0.0,0.0,1600,1586,0.09614996521820435,0.0
P4_adult_splitgroup_2k_g0.0,adult,splitgroup_2k,0.0,42,8,15,6,232.37557188506273,120.60655305216073,120.60655305216073,111.76901883290198,191.92006163741334,95.96037551857934,95.95968611883399,95.96037551857934,1377200,1318400,0.19842795800650492,2.497854792018188,194.13186352043448,194.13186352043448,True,0,136.4318385651923,8,8,0.0,0.0,0.0,1600,1592,0.06790682612051656,0.0
P4_adult_merged_1k_g0.01,adult,merged_1k,0.01,42,8,15,6,222.99416590781658,120.86612863036022,120.86612863036022,102.12803727745636,196.5088823817031,98.26403500451018,98.24484737719293,98.26403500451018,697000,659200,0.36874870798783377,2.532933459006017,219.57857882687125,219.6167218421843,True,0,104.05209637461027,5,5,0.00515,0.0009631362915039453,0.0008767218526601792,800,795,0.08249686141195028,0.0017538208973205045
P4_adult_merged_2k_g0.01,adult,merged_2k,0.01,42,8,15,6,234.51855829027292,124.50759837722867,124.50759837722867,110.01095991304425,195.43461811189053,97.7205179811403,97.71410013075023,97.7205179811403,1369000,1318400,0.6620059169945307,2.5179570829786826,174.4543315926632,174.49077341432758,True,0,146.06039744796325,14,14,0.00515,0.0009631362915039453,0.000877701904773712,1600,1586,0.09614996521820435,0.0017538291079202096
P4_adult_splitgroup_2k_g0.01,adult,splitgroup_2k,0.01,42,8,15,6,240.12610493334748,123.68999467002492,123.68999467002492,116.43611026332255,193.70300594466576,97.00329073627535,97.00329073627535,96.69971520839043,1377200,1318400,0.5752803749928717,2.499888499994995,194.13186352043448,194.1707254743749,True,0,146.33038287211556,8,8,0.00515,0.0009582316398620612,0.0008780869762301442,1600,1592,0.06790682612051656,0.001753810290849049
P4_adult_merged_1k_g0.05,adult,merged_1k,0.05,42,8,15,6,218.87882975109275,119.08949922624504,119.08949922624504,99.78933052484771,196.5201413333815,98.26331649610064,98.26331649610064,98.25682483728086,697000,659200,0.36678025001310743,2.5279824169992935,219.57857882687125,219.78774377856192,True,0,100.5236333170577,5,5,0.12875,0.02706745386123663,0.024442782887816445,800,795,0.08249686141195028,0.04869447458382352
P4_adult_merged_2k_g0.05,adult,merged_2k,0.05,42,8,15,6,235.76817627082943,124.96033502727389,124.96033502727389,110.80784124355556,191.90345762696805,95.97477293176607,95.92868469520198,95.97477293176607,1369000,1318400,0.6564144589938223,2.4987532919913065,174.4543315926632,174.65698455300398,True,0,148.18947785931041,14,14,0.12875,0.02706745386123663,0.024458084595203416,1600,1586,0.09614996521820435,0.04867532035937606
P4_adult_splitgroup_2k_g0.05,adult,splitgroup_2k,0.05,42,8,15,6,235.7268502014674,119.05816386238317,119.05816386238317,116.66868633908426,191.12949417026223,95.63391284171225,95.63391284171225,95.49558132854999,1377200,1318400,0.5756957920093555,2.47832858300535,194.13186352043448,194.36126480284258,True,0,142.48757967970653,8,8,0.12875,0.026609942913055427,0.024444623963534848,1600,1592,0.06790682612051656,0.04868610184554191
P4_adult_merged_1k_g0.1,adult,merged_1k,0.1,42,8,15,6,219.46366623056187,117.00640987247344,117.00640987247344,102.45725635808842,194.58540337665167,97.3458407629568,97.3458407629568,97.23956261369487,697000,659200,0.36256858400884084,2.501317083981121,219.57857882687125,219.415013658818,True,2,103.92437088369438,5,7,0.515,0.10164627552032467,0.0943602511495352,800,793,0.11507852539632887,0.1902691672904669
P4_adult_merged_2k_g0.1,adult,merged_2k,0.1,42,8,15,6,239.34005681308128,128.0309383501221,128.0309383501221,111.30911846295915,193.23619476205533,96.7013731363173,96.7013731363173,96.53482162573803,1369000,1318400,0.649487249989761,2.50572595797712,174.4543315926632,174.37288034432882,True,4,153.53937536429595,14,18,0.515,0.10267921924591067,0.09435509997606278,1600,1582,0.1332622314643728,0.19033222977432654
P4_adult_splitgroup_2k_g0.1,adult,splitgroup_2k,0.1,42,8,15,6,229.98087563970282,120.59597177707181,120.59597177707181,109.384903862631,193.09939590789145,96.55983760377315,96.55983760377315,96.5395583041183,1377200,1318400,0.5635357919964008,2.508637874998385,194.13186352043448,194.04139738658927,True,4,135.2602082525654,8,12,0.515,0.10362171173095694,0.09465060540884734,1600,1588,0.09056428171428606,0.19077184196110883
P4_adult_merged_1k_g0.5,adult,merged_1k,0.5,42,8,15,6,222.27642811351032,118.31813449462702,118.31813449462702,103.9582936188833,191.56653568893057,95.89036597398997,95.89036597398997,95.6761697149406,697000,659200,0.3104014169948641,2.541844958002912,219.57857882687125,219.718194216495,True,14,103.334707115611,5,19,12.875,1.7722798585891724,1.5249240084737539,800,781,0.29187325902917155,3.0166704844156897
P4_adult_merged_2k_g0.5,adult,merged_2k,0.5,42,8,15,6,235.1197158561676,121.03973142090103,121.03973142090103,114.07998443526655,192.3047709903861,96.20828110754609,96.20828110754609,96.09648988284,1369000,1318400,0.5473372919950634,2.505317083996488,174.4543315926632,175.19468145994966,True,28,143.3096777186232,14,42,12.875,1.7722798585891724,1.5253895238041877,1600,1558,0.2769271693075884,3.020558553269594
P4_adult_splitgroup_2k_g0.5,adult,splitgroup_2k,0.5,42,8,15,6,226.85505734838955,124.54726129480848,124.54726129480848,102.30779605358107,195.59480249165924,97.9740198926849,97.9740198926849,97.62078259897434,1377200,1318400,0.4600604589795694,2.4890794169914443,194.13186352043448,194.37127364852654,True,27,130.08407742917285,8,35,12.875,1.7836843132972717,1.5255189586803317,1600,1565,0.2109081710433676,3.026567361483826
P4_adult_merged_1k_g1.0,adult,merged_1k,1.0,42,8,15,6,223.5653854316898,118.61668191531201,118.61668191531201,104.94870351637779,194.31255031866323,97.27423942652544,97.27423942652544,97.03831089213777,697000,659200,0.30949558402062394,2.5253659169829916,219.57857882687125,222.94127727823366,True,26,101.33088845166132,5,31,51.5,5.184220016002655,4.433857113942504,800,769,0.392566105977834,8.817179413418415
P4_adult_merged_2k_g1.0,adult,merged_2k,1.0,42,8,15,6,219.8543324796517,118.20007163742598,118.20007163742598,101.65426084222574,192.56212682032753,96.29701671939237,96.29701671939237,96.26511010093516,1369000,1318400,0.5395317499933299,2.5261398339935113,174.4543315926632,178.6148738366178,True,66,127.83112236350077,14,80,51.5,5.242185533046722,4.434501462280751,1600,1520,0.4933283359373699,8.79206207146714
P4_adult_splitgroup_2k_g1.0,adult,splitgroup_2k,1.0,42,8,15,6,234.75223577340188,117.80437124783923,117.80437124783923,116.94786452556265,197.52264022299468,98.90394742301375,98.90394742301375,98.61869279998092,1377200,1318400,0.449724874983076,2.480097375024343,194.13186352043448,198.63033539049778,True,70,137.83302614262763,8,78,51.5,5.368831217288971,4.42698822747916,1600,1522,0.47497216553446087,8.772157194589555
P4_bank_centralized_gNone,bank,centralized,,42,8,15,6,98.48817851816524,50.624074106902796,50.624074106902796,47.864104411262446,67.44473988203883,33.73406735680765,33.71067252523119,33.73406735680765,15557164,15190896,0.11344295801245607,1.6606979589851107,,,,,,,,,,,,,,
P4_bank_merged_1k_g0.0,bank,merged_1k,0.0,42,8,15,6,88.49885644558726,44.58454526148684,44.58454526148684,43.91431118410042,66.62679123321044,33.36872162381967,33.36872162381967,33.258069609390766,61320,53760,0.18780579199665226,1.6691383339930326,100.90299564717775,100.90299564717775,True,0,56.71731299470361,0,0,0.0,0.0,0.0,160,160,0.0,0.0
P4_bank_merged_2k_g0.0,bank,merged_2k,0.0,42,8,15,6,93.11516403192626,47.50698943613251,47.50698943613251,45.60817459579375,66.38381531850125,33.201073222499254,33.201073222499254,33.182742096001995,117640,107520,0.3011956669797655,1.6568028749898076,83.60160356462306,83.60160356462306,True,0,62.02207644236746,0,0,0.0,0.0,0.0,320,320,0.0,0.0
P4_bank_splitgroup_2k_g0.0,bank,splitgroup_2k,0.0,42,8,15,6,94.51790965581148,47.568655911463175,46.9492537443483,47.568655911463175,64.78214805385217,32.41951736522587,32.36263068862629,32.41951736522587,119280,107520,0.19650629098759964,1.6682288750016596,93.82344849472123,93.82344849472123,True,0,64.69748082667594,0,0,0.0,0.0,0.0,320,320,0.0,0.0
P4_bank_merged_1k_g0.01,bank,merged_1k,0.01,42,8,15,6,92.00777369482218,49.04357791793399,49.04357791793399,42.96419577688819,67.30198008975042,33.65366245660618,33.648317633144245,33.65366245660618,61320,53760,0.20418891700683162,1.6749784999992698,100.90299564717775,100.90171575069843,True,0,58.75984677856883,0,0,0.0021000000000000003,0.00042262706756591317,0.0003486816674470898,160,160,0.0,0.0006894242870332282
P4_bank_merged_2k_g0.01,bank,merged_2k,0.01,42,8,15,6,90.75405481832259,47.864631087711416,47.864631087711416,42.88942373061117,66.95366558057,33.4905994177829,33.4630661627871,33.4905994177829,117640,107520,0.32745966702350415,1.6810286250256468,83.60160356462306,83.59662819606456,True,0,60.06969650394849,0,0,0.0021000000000000003,0.0004370799064636231,0.0003496413695812222,320,320,0.0,0.0006930087953988242
P4_bank_splitgroup_2k_g0.01,bank,splitgroup_2k,0.01,42,8,15,6,95.45179572750861,48.828174684636856,48.828174684636856,46.62362104287175,66.29065183123073,33.149273459910006,33.141378371320734,33.149273459910006,119280,107520,0.22633454098831862,1.6818506669951603,93.82344849472123,93.81783848216062,True,0,66.22914723718765,0,0,0.0021000000000000003,0.00044177598953247234,0.00035015287578105906,320,320,0.0,0.0006958512062223924
P4_bank_merged_1k_g0.05,bank,merged_1k,0.05,42,8,15,6,95.12212795497604,51.08575380728577,51.08575380728577,44.036374147690275,67.68360035374351,33.84780838640879,33.84780838640879,33.835791967334714,61320,53760,0.20409495799685828,1.6746662499790546,100.90299564717775,100.80515979157556,True,0,59.82651087171858,0,0,0.052500000000000005,0.012224767208099382,0.00971165163815021,160,160,0.0,0.019189235061152894
P4_bank_merged_2k_g0.05,bank,merged_2k,0.05,42,8,15,6,92.1220140838847,47.12010070065906,47.12010070065906,45.001913383225634,66.30738319748582,33.16725108579878,33.16725108579878,33.14013211168704,117640,107520,0.33112562500173226,1.6751992079953197,83.60160356462306,83.52302251688141,True,0,62.18930884202776,0,0,0.052500000000000005,0.012224767208099382,0.009714984387159342,320,320,0.0,0.01937456698396584
P4_bank_splitgroup_2k_g0.05,bank,splitgroup_2k,0.05,42,8,15,6,93.54848332001872,49.082716229811666,44.46576709020706,49.082716229811666,65.48693232926546,32.76418941117345,32.76418941117345,32.72274291809202,119280,107520,0.2284990000189282,1.6633402919978835,93.82344849472123,93.70395955122083,True,0,66.52652827549744,0,0,0.052500000000000005,0.012154414653778063,0.009786366865038865,320,320,0.0,0.01965577281458578
P4_bank_merged_1k_g0.1,bank,merged_1k,0.1,42,8,15,6,93.98579496320373,48.67533445299669,48.67533445299669,45.31046051020704,67.31717938768696,33.68026973071224,33.63690965697473,33.68026973071224,61320,53760,0.2034754589840304,1.6834112500073388,100.90299564717775,100.5918912532159,True,0,59.8247681396227,0,0,0.21000000000000002,0.040441017150878986,0.03418024905025959,160,160,0.0,0.06756965854092759
P4_bank_merged_2k_g0.1,bank,merged_2k,0.1,42,8,15,6,96.1744674096931,49.58261432034382,46.59185308934927,49.58261432034382,66.04990901305874,33.03765317786218,33.03765317786218,33.012255835196555,117640,107520,0.33238195898593403,1.6680853329889942,83.60160356462306,83.32310944343041,True,0,65.42654109779753,0,0,0.21000000000000002,0.04055611848831179,0.034113681286573404,320,320,0.0,0.06758003574998857
P4_bank_splitgroup_2k_g0.1,bank,splitgroup_2k,0.1,42,8,15,6,91.0170400478209,49.46671197533548,49.46671197533548,41.550328072485414,67.36959080847794,33.69108595514316,33.67850485333478,33.69108595514316,119280,107520,0.22723049999331124,1.6772794999997132,93.82344849472123,93.52783162240233,True,0,60.86299589167869,0,0,0.21000000000000002,0.04176800966262826,0.03428120939433574,320,320,0.0,0.06794481358630236
P4_bank_merged_1k_g0.5,bank,merged_1k,0.5,42,8,15,6,99.92180808357715,50.52293633692995,49.39887174664719,50.52293633692995,67.0667393330084,33.55214473879039,33.55214473879039,33.514594594218,61320,53760,0.19716708399937488,1.674430916988058,100.90299564717775,101.76348218262912,True,0,68.35790490714018,0,0,5.25,1.0935460329055786,0.9498198974877596,160,160,0.0,1.9317748059539643
P4_bank_merged_2k_g0.5,bank,merged_2k,0.5,42,8,15,6,91.08080918318292,46.3594383623505,46.3594383623505,44.721370820832426,67.74296227960164,33.880104818199946,33.862857461401696,33.880104818199946,117640,107520,0.3183906669728458,1.672102749987971,83.60160356462306,84.56512255368449,True,0,62.111754919639296,0,0,5.25,1.106599748134613,0.9499850802123546,320,320,0.0,1.9298974375828344
P4_bank_splitgroup_2k_g0.5,bank,splitgroup_2k,0.5,42,8,15,6,91.55839332450785,49.418882270319536,49.418882270319536,42.139511054188304,67.00257523332922,33.51092517117044,33.51092517117044,33.49165006215878,119280,107520,0.21275424998020753,1.668452709011035,93.82344849472123,94.30935432109759,True,0,61.1788001383089,0,0,5.25,1.139752447605133,0.953578145429492,320,320,0.0,1.9222052349844236
P4_bank_merged_1k_g1.0,bank,merged_1k,1.0,42,8,15,6,101.5644314969525,52.43078459041108,52.43078459041108,49.133646906541415,67.30963966065399,33.67799977081883,33.631639889835164,33.67799977081883,61320,53760,0.19650041600107215,1.6778727499768138,100.90299564717775,106.43701374077104,True,0,68.74937117162162,0,0,21.0,4.1483370661735535,3.5144469726830723,160,160,0.0,6.953976734292439
P4_bank_merged_2k_g1.0,bank,merged_2k,1.0,42,8,15,6,97.40567263538253,50.6495889825409,46.756083652841625,50.6495889825409,65.56928282675379,32.82100791281574,32.82100791281574,32.748274913938054,117640,107520,0.3196704160072841,1.6826861670124345,83.60160356462306,89.63866753889538,True,2,66.8854741797175,0,2,21.0,4.326828300952911,3.529772525280714,320,318,0.07820119852986285,6.980361662634159
P4_bank_splitgroup_2k_g1.0,bank,splitgroup_2k,1.0,42,8,15,6,89.78186413833309,45.899485374309094,45.899485374309094,43.882378764024004,66.44818099336683,33.25882125372685,33.25882125372685,33.18935973963998,119280,107520,0.2125394999748096,1.678676292009186,93.82344849472123,99.4031894071308,True,0,57.719712959843925,0,0,21.0,4.154859125614166,3.5137252401560546,320,320,0.0,7.00838108134266
P4_credit_centralized_gNone,credit,centralized,,42,8,15,6,41.79377557212739,21.8540689919069,19.93970658022049,21.8540689919069,26.795367335612703,13.410331997055124,13.385035338557579,13.410331997055124,5782009,5520000,0.0719020830001682,1.0914902919903398,,,,,,,,,,,,,,
P4_credit_merged_1k_g0.0,credit,merged_1k,0.0,42,8,15,6,37.78257051846667,20.434205697702968,17.348364820763702,20.434205697702968,25.847896629907474,12.92585972345162,12.922036906455855,12.92585972345162,185000,147200,0.1295091659994796,1.0896992500056513,34.985361103470076,34.985361103470076,True,0,27.735536609099597,0,0,0.0,0.0,0.0,800,800,0.0,0.0
P4_credit_merged_2k_g0.0,credit,merged_2k,0.0,42,8,15,6,35.02550681496884,19.63041142732807,15.39509538764077,19.63041142732807,26.904873676559838,13.454171565491112,13.450702111068727,13.454171565491112,345000,294400,0.20295783298206516,1.089468707999913,25.31512261964784,25.31512261964784,True,0,27.014999999798732,1,1,0.0,0.0,0.0,1600,1599,0.0011084347984023602,0.0
P4_credit_splitgroup_2k_g0.0,credit,splitgroup_2k,0.0,42,8,15,6,39.64519481895079,20.36352214430639,19.2816726746444,20.36352214430639,26.061450507805382,13.049231135493356,13.012219372312027,13.049231135493356,353200,294400,0.14098691698745824,1.0903731250145938,28.882440785520426,28.882440785520426,True,0,31.196036806181603,0,0,0.0,0.0,0.0,1600,1600,0.0,0.0
P4_credit_merged_1k_g0.01,credit,merged_1k,0.01,42,8,15,6,39.970236087408026,21.926483149572462,18.043752937835563,21.926483149572462,26.41998523234449,13.22305381501537,13.19693141732912,13.22305381501537,185000,147200,0.1758745829865802,1.0998005419969559,34.985361103470076,34.97859438636318,True,0,30.05680014148811,0,0,0.00115,0.00031318368911743377,0.0001985986611843112,800,800,0.0,0.00039645175569202196
P4_credit_merged_2k_g0.01,credit,merged_2k,0.01,42,8,15,6,40.01581356314594,22.357533059553354,17.658280503592586,22.357533059553354,26.801827729025245,13.403668398307191,13.403668398307191,13.398159330718054,345000,294400,0.2938395419914741,1.0865748329961207,25.31512261964784,25.310104239802367,True,0,31.99703206413871,1,1,0.00115,0.00031318368911743377,0.00019832435524463684,1600,1599,0.0011084347984023602,0.00039491218266618576
P4_credit_splitgroup_2k_g0.01,credit,splitgroup_2k,0.01,42,8,15,6,43.39005664555747,22.823296381381383,20.566760264176093,22.823296381381383,26.669548875181825,13.348672312053408,13.348672312053408,13.320876563128415,353200,294400,0.2371159579779487,1.0839594999852125,28.882440785520426,28.87980293053617,True,0,35.1876064460095,0,0,0.00115,0.00030467014312744083,0.0001971831653714183,1600,1600,0.0,0.000395850266423056
P4_credit_merged_1k_g0.05,credit,merged_1k,0.05,42,8,15,6,37.09148779346738,19.9671158489872,17.124371944480178,19.9671158489872,25.93297907763048,12.968032169727417,12.968032169727417,12.964946907903066,185000,147200,0.17671149998204783,1.118816040980164,34.985361103470076,34.98861859312883,True,0,26.189361434899688,0,0,0.028750000000000005,0.0065884041786193805,0.004280033963918685,800,800,0.0,0.008564876731075458
P4_credit_merged_2k_g0.05,credit,merged_2k,0.05,42,8,15,6,36.32720360458536,20.343993946295118,15.98320965829024,20.343993946295118,26.641120731179402,13.325978176975847,13.315142554203556,13.325978176975847,345000,294400,0.29661991700413637,1.092900500021642,25.31512261964784,25.318029510691748,True,0,28.537649734886617,1,1,0.028750000000000005,0.0072124719619751166,0.004271453383564948,1600,1599,0.0011084347984023602,0.008563048427012082
P4_credit_splitgroup_2k_g0.05,credit,splitgroup_2k,0.05,42,8,15,6,34.328851164786656,19.0501938591325,15.278657305654155,19.0501938591325,26.942723770700336,13.476255119741719,13.466468650958618,13.476255119741719,353200,294400,0.231793832994299,1.0854937919939402,28.882440785520426,28.894477370082743,True,0,26.788626028583927,0,0,0.028750000000000005,0.006812436580657961,0.0042638843372464165,1600,1600,0.0,0.008496302408511139
P4_credit_merged_1k_g0.1,credit,merged_1k,0.1,42,8,15,6,38.292365244429796,20.847683312535214,17.444681931894582,20.847683312535214,26.922518675098082,13.464275391522985,13.464275391522985,13.458243283575097,185000,147200,0.17938804099685512,1.0988448330026586,34.985361103470076,35.147567663305,True,0,28.2633656550431,0,0,0.11500000000000002,0.03081501007080075,0.01997820290923119,800,800,0.0,0.040115300793849715
P4_credit_merged_2k_g0.1,credit,merged_2k,0.1,42,8,15,6,39.51437899077378,21.85399649452219,17.660382496251593,21.85399649452219,25.692793292367444,12.855582506427188,12.837210785940256,12.855582506427188,345000,294400,0.2930455830064602,1.082199208001839,25.31512261964784,25.45124976807314,True,1,32.57994683360521,1,2,0.11500000000000002,0.03095656394958498,0.019902840712666518,1600,1598,0.0014160127240846077,0.04017712706516358
P4_credit_splitgroup_2k_g0.1,credit,splitgroup_2k,0.1,42,8,15,6,42.12995007021503,24.007715969753246,18.12223410046178,24.007715969753246,26.331326064027017,13.16743437074743,13.16389169327959,13.16743437074743,353200,294400,0.23576437501469627,1.1092156249796972,28.882440785520426,28.984645615822643,True,0,35.27632132274351,0,0,0.11500000000000002,0.030856006145477288,0.019950108702480797,1600,1600,0.0,0.04053366542352895
P4_credit_merged_1k_g0.5,credit,merged_1k,0.5,42,8,15,6,40.305681763739244,21.90818526447001,18.39749649926923,21.90818526447001,27.192136086223048,13.598214282862822,13.598214282862822,13.593921803360224,185000,147200,0.1598907499865163,1.0883029579999857,34.985361103470076,36.36085628789828,True,3,29.124492250292384,0,3,2.875,0.9535134434700012,0.5745874558389187,800,797,0.038528605143160095,1.1748763568211638
P4_credit_merged_2k_g0.5,credit,merged_2k,0.5,42,8,15,6,39.39429086594158,22.804336521166892,16.589954344774686,22.804336521166892,26.19210493417886,13.111330023744273,13.080774910434588,13.111330023744273,345000,294400,0.2616094579861965,1.089060749975033,25.31512261964784,26.691430032386737,True,11,31.647577569217763,1,12,2.875,0.9535134434700012,0.5734254176169634,1600,1588,0.049293945705366826,1.1769355563053014
P4_credit_splitgroup_2k_g0.5,credit,splitgroup_2k,0.5,42,8,15,6,41.268138244206526,21.291370893469097,19.976767350737433,21.291370893469097,26.525659122029463,13.28806815216663,13.237590969862833,13.28806815216663,353200,294400,0.20082224998623133,1.0878214160038624,28.882440785520426,30.070750577005278,True,10,32.44314798877646,0,10,2.875,1.0214157700538635,0.5742988513782621,1600,1590,0.059072388883513634,1.1817221052206561
P4_credit_merged_1k_g1.0,credit,merged_1k,1.0,42,8,15,6,38.66124703225022,20.954343434269294,17.706903597980933,20.954343434269294,26.898000459013574,13.457179526334539,13.440820932679033,13.457179526334539,185000,147200,0.15735204200609587,1.081168417003937,34.985361103470076,38.300182127858825,True,38,28.803105880702088,0,38,11.5,3.521748721599579,1.6939795456826687,800,762,0.37015215375275057,3.270471447781184
P4_credit_merged_2k_g1.0,credit,merged_2k,1.0,42,8,15,6,38.45611767056425,21.491061906554993,16.96505576400925,21.491061906554993,25.87164805452014,12.954541778513,12.917106276007141,12.954541778513,345000,294400,0.2605920000059996,1.0813040830253158,25.31512261964784,28.486869781869252,True,121,33.30329514636828,1,122,11.5,3.521748721599579,1.6974694544821978,1600,1478,0.5197002077112887,3.2606615298354886
P4_credit_splitgroup_2k_g1.0,credit,splitgroup_2k,1.0,42,8,15,6,38.09160483483473,19.419590722984253,18.672014111850476,19.419590722984253,26.27120665139065,13.137908311460317,13.133298339930334,13.137908311460317,353200,294400,0.19756108400179073,1.0943074579990935,28.882440785520426,32.592967001485626,True,113,30.178053556808273,0,113,11.5,3.3599125146865845,1.694270775206387,1600,1487,0.4770434043602962,3.2950933766205046
