design_index,master_seed,n,C,k,T,r,deletion_seed,source_identity_hash,request_sha256
0,0,100000,50,4,5,100,12103775271111072815,9af6da5e54d1ea76797f678124682a31d17225b0c43d05cb0a8c8ab93bf9ab33,dba4cb1e7734b9ccced6185e19a31f7d474a5e13b3f487dc3a37ac5bd4206876
0,1,100000,50,4,5,100,4843964103438368813,b371f0269c53285a3594d41117dc8544e73a1db289de31e2de82517930565c4e,09f8cb4dff6ec3612d4fffc3f995068ad845d589825ec40ac847ca0fb22ee78b
0,2,100000,50,4,5,100,7725601498555737608,995f90cc4f1746d22db4a5361ad48ce73c80d9f275c727d4528be9afa9b36c01,2f8130bff989ba7ade8930e596bcb78247236ddf5ca5d0200854a2d887b82340
0,3,100000,50,4,5,100,8519371924369041827,b3fe8527d89bdec58d2739108602142b5f633b652da5867fe28932cfbfa9248d,100a3ad0e168f0f6bacff69d9a6da674258028f3f828b6586837098d812bb138
0,4,100000,50,4,5,100,10457259840692924821,80d53b3c3fb924101902db93bc28185b99e57fef8be9453c3ae11f6d6ef33aff,13d269caf60b090a2308b46e8d21c4b03be3e642e0a60135f1773d94623f5bad
1,0,250000,50,4,5,250,11827843794366784655,751709d03682f2e93ad771d99763b57acd3989d76ce6a7e6b74142f195a0c5f7,4d346fe0ff9f13dccc3e66c54d2b580005d6da5c0bfbc6af4bb20d670e96093c
1,1,250000,50,4,5,250,16013534711029421831,cadec4e5e3743e5d4dd0e68d926cf91a06a1bae886ed615cdfc68da93b1c7f1b,08716fef190fcf00881caed6812360d90dfead498f6dcdf5f8f14cfb8efd0441
1,2,250000,50,4,5,250,14494690998418142704,b20c83b37f247f8b3b092363ed81447ac8ac576cd2a8824e4d1adeb4dc6fcfb0,c49df6a8391770707144bcf298fe31a69679e769e1bb375b1bc5972c2552a6bc
1,3,250000,50,4,5,250,10940610865798739213,78bdc580da93f2bcd9d7df9db1ddf80f351747d02d4e1d3ff226c9355af9d55c,75cba88ca70cc9d0f68c1899262674965ffc0468c44510c9a3b355f2470f85f0
1,4,250000,50,4,5,250,663158970305351582,4608078b4e3ccb40ce85726ae1e3be43db4fc5ffa85d0f41e819713e9c353f36,a310206ecf89a95a90952e95f0e4f591a0428eedeb44b3893a856b9c95ce5899
2,0,500000,50,4,5,500,3915904602281895538,a48ebcb46408fb7d2588f1b354d63b29c849b4bbb27a37e63f7cde6a28759e7c,052c5fdac8b4ac1de8f391f539d86d7a1f909abdf1db55f71e12c2c4ca12a89a
2,1,500000,50,4,5,500,14140512832943504304,f415264253327ef29a92a4543055690bab64b1c1ee09de5bdf6dd32a1274acf3,0830081228f2173bf907dc37d774d6722c5c1a04c2f63fa4b5031ba8b390514e
2,2,500000,50,4,5,500,9306223888907728142,b560cf39971222ad3eefe249bf42a1f8b30ab2205558899c4aea448c75f62cb9,7181b91db70a36ca157f051b665727ea27f791fbbc1c11ec95d1d46d7c1ff026
2,3,500000,50,4,5,500,10789074458811961203,2375f708b6f2811a11f331223287b7a1d029b82e0940a788673423ab168b2f52,0570ff48039be7d153b40b9f51ace8c5e028cebd1fa98c69fe0881162be76f38
2,4,500000,50,4,5,500,10964432046849313026,306fda0eede9a0439420fc2dd1eb9b2e008edd458e6dbb1133987ac64325c24c,5a5c3cae651882637864d1172ff514c0ef410a049401ef60983908c2fd35c837
3,0,1000000,50,4,5,1000,4650155607247067109,09e0595a6f4519ee38b09d0a3fec06d56c1fd1207f63dd9f647eef0359e62b4c,26ede639282e4e0f36836b63b986b292a4151bc389d29cc9c62798238f839262
3,1,1000000,50,4,5,1000,15180023631452827434,f5c696a065c83656e9497b6b460b6f7b116ee3f558fbe223935f042876cbb97e,076715bff8ce504d6deb2dea40d46e2433604333c0bc0d26cf5275418c882aff
3,2,1000000,50,4,5,1000,11361976392397874678,ae9b27ae58e8fdcbd6220c47f9370ca78d4f6884163469bb7eada17ce0780d40,a6688067609e691d163ab40ccb1840363d5c1888a70f55819064a04d2849e0e9
3,3,1000000,50,4,5,1000,6987365890627541814,2c6d43298c1b1eb004192c43d0a6b25d6d5c287e49e78aee8957c22adb20be10,8e086233738a82a96b3aa8853f3fd836b9797246bbfc848341376e3b4ec29207
3,4,1000000,50,4,5,1000,17431407343786113280,134bd0bc0b9cb05aca091f36877c8dcf25f15882917f6fa8c680abac06c3a3f6,e93c1ebc0a9a9873db7f0d3f41565104dfe985daaf6be849c540cb5435b16dd4
4,0,100000,10,4,5,100,17629376022182480358,3c7d09b7d17157f010461461b5758d5b95ed23528fb194736ead7d851b5815d6,39ab9ca9c2ea8ffd1f3ef085a01803d4f586076add4c7b99d56803f19d146f87
4,1,100000,10,4,5,100,17096495444344547254,4c6cc6f3cf1ce65a846caff3fce58f1cbcd76ed348a971bdb1aa3487055c1c25,78d5d22a95f9826a50486859449ecdc2e8e8664bf2b135996b0aa56f51714583
4,2,100000,10,4,5,100,8257178008575583172,20cb867004df39a8964a7d3eda459df0481c3f89a08abedc95cd52aab0ffd767,8107a23d002c0f65083ddaec4b4e2bf0e1c50163a3fe3e57e2d804a11c570d3d
4,3,100000,10,4,5,100,12412761652793907532,1ce31305e52cbc7086364fdc1c1d930461b594af245940f4ef325ec9022b92c1,bb5bc9a4d5dfa49037d38d516441fa8eb3f8f4120b4628a84c95e20abe1f0693
4,4,100000,10,4,5,100,11841971121836778876,7b5836d32f4f9e7915caf9f975d611a0fbfbdc0a0d25f77f085ff10b3aaa4f46,76657e2a6adf83cdbee533e96b26cd2a07808e32a5872bac137e07975dc84f6c
5,0,100000,25,4,5,100,12456807002769484131,f80bb3e1c6f9c3a826ce0a15dc276980eb7cb4510cb5e42338a8b3b78ae519a7,3e7f5f486d0113e64d31c0ad6217b19591eeb039a2afd2ac5c5300520656e294
5,1,100000,25,4,5,100,2014041063039370890,4410d2f6f4ec879f835fd2392a1b97f4da23a43d68feee54d8db8f16adba169a,747f50bf7455c08420825ba9e1be38f0dbd80ab089c3e839bcd84283f2c2fba4
5,2,100000,25,4,5,100,7679644759294742410,09211eb82d0b3e0208d593a7a2395954c1b6d2c18c4853af2d91d0a5445d66dd,a25aff0ed89254d69fc564376d333457634858c02bdb367b1e52984c352635ef
5,3,100000,25,4,5,100,5729209728934970630,19c463311ee88d8f0c3d5fb75e1da306fbff368c9eeca5ec30e70499d2d8336d,e8bfc392347e27207f5e8f16c9c9e88b6cdae2b0a265ccc5b1c7f143cb5668d2
5,4,100000,25,4,5,100,6118582347103731665,37a3666373094a2943c5407ee902036145761c643c432d789423ec05d1939626,a6b8ad3191d58a1eba73a88aea64b0eaf97c55f860666c2005aa02453dbaaf6d
6,0,100000,100,4,5,100,14921083595410353379,c8c03b7ff91ec2f0be3dc3a48af74f895a5e194e5cda9ee07f1dea96dcba11f5,a71884a11dd2a788dc39c10f4b4d5a90854697f207977671b7b24266829fe1ab
6,1,100000,100,4,5,100,16129973964485689149,8a1f99b8caf4d76ce3a3e98eb2ecd435bd0d88e612c698e7268adeac6b53891e,7175400dddbdc7f138c757ce7979489dff0153a0e77682767a7f0be86093f516
6,2,100000,100,4,5,100,920925064541547242,eff9b24781445e1e325e8b83ab14d6e01ea28c004968d90bd850c18dc67bd71f,c5266b3a7fcbb1f93ce89c62c416afc3eacfdeeba563ea49fc92c3264fb37161
6,3,100000,100,4,5,100,9134248507797380982,c43816f5ab8fe8e61047a4119212a8a25cb07e8feedbd3dbc4263c358b1524cb,7ebb3c108c1ec15baeb2f4b7ac92af58e302738d9cd90fd9cd95b62f9efe2c28
6,4,100000,100,4,5,100,15691212972037362465,2aceb576917b63a5b0b596916471ab3edb980cf69b9fce9fc1f1115d80ac215c,ffe4a12f1ab9af92fb84dc21d4743c2528a8fbf375e044a65793130c3d2aaf3b
7,0,100000,250,4,5,100,1891030278377919134,2d22fe343df6277c47b1010a070201cc9647b1cb97f32359012050f67c081017,4fc1115c07cc6f002a8c95d97942746012e6ab5694e85148e34fef0456041d02
7,1,100000,250,4,5,100,7446020290541891146,a304a768fdb7994ebdcb99dc68c192c667ddfe0e2edec85ce9c1ab527ad32f9e,845c65ae5c3d209dbc7a688bdfcdb9e4fdf59e2c498a0955043c5d4f06ebb134
7,2,100000,250,4,5,100,1627461679751517423,24145c3528b4aa088d4512056d5e31ebe922de2666933dfd1a936d98d6e52572,081548a4cd55c206dc66c463fc5f7b255cd563f45451aaa42ad37316b852f1cc
7,3,100000,250,4,5,100,10219233295130181370,9bab103522b39f86c265903708c7a64ba4ab60543a046efc684913d244322718,39b1ca9f77f925d99ed5f9a28045102cb06575dba33cded23b48e736de9d26b3
7,4,100000,250,4,5,100,15181171727460954941,380f023d89cb31be8d7e41615381a56510dec10531b7c1dad9565fafc2362f48,80d64ed421d2bfebcfd7679440c4a7850ff1882ceee8ba20582254c39ed80165
8,0,100000,50,8,5,100,13110566635908947105,db0f74c954133119129fad001ed9aa6c28425b25e4f213c342a052b2dc5a81c7,b47edbd617392046cae1830310bc2fc3ece4c5e4a3cc67f8869c12a2e55c1938
8,1,100000,50,8,5,100,2438820488855748523,606afb5653c6b24150f31683139a493a051866a31d615b94893ca02e91a44cd7,2ea298f3b4174c36dbeb811fbe276aeacc4f3f122745239ccf9b0a69c82142c7
8,2,100000,50,8,5,100,11931773409689126972,0b455da5da98696644d1cf584e928cf9bc476915a2d72fb4e454fff230d75913,3a3b2198410adc6fffb9d547bf33879322ec204c7974fef4bb0f143a04b256ce
8,3,100000,50,8,5,100,5618912710417903586,9bd2adb807731ddf1cd59c2b8fb93349ad7eeeeab34f4d391a51b8585a748dbe,23a26e8095debd42b8f9b336fad892e4ea1500bcd253e9434ad6cee5c923caf8
8,4,100000,50,8,5,100,13290029141228317398,d0fb109921e59cf307b20655d6d3a8c1394c3473a3e82802d8df8eb5745a033e,ed234fe5d935b1dc41b7b0f072a011142b1efaaf0b81a876b375c79b11a70dda
9,0,100000,50,16,5,100,4457937538575626950,f97f77edaeb76a8b1ca8283b73a8b44db5ef7dfd0836cbc197d4ec43c5da093b,f91f4dac0a0ed1522ed5af2e5e70741b7eef4f802775abe64a16e1c6e7a8958a
9,1,100000,50,16,5,100,6240636276972071105,d45ef9627e9f8b196cc8e210f2446bfc6855d1203402d0a91c64ff5fa5e15950,81c91fefadbabc01fc083dbb8510fef5ee392bf2542f3a7df90dd375132e6cdf
9,2,100000,50,16,5,100,10269676350459618816,df557420f594acd1571836340256653d608ccda79326cc7c9ac0751571de3c24,9147abb01474a3f2ec5b1856ed6693d5ae470ab28ec80fd8d7314418d7fff302
9,3,100000,50,16,5,100,5523165021593296566,7b846d7293c55041fd1e2221f5b510a1d9aaf9b514421d676f5b9edd9ccf6dc8,d43c14fed5cd66dbfe9b937af14ffa6782bc4e1a980b5b86816310b7908d2f22
9,4,100000,50,16,5,100,12612393506518594038,da4825e3e0b3a978d5cfaf2057602d3ae1be20f67f6ef77ed63a25c29be5a997,75f939dd73f8cc814fdb2a2989865e454444696acfb0c6191e029c76f7023c55
10,0,100000,50,32,5,100,10264859403406369953,06c3d0dd303b996a9c70c7c6b80d687f9d445ccaa17d8b2b57fe2d76997048b6,dd95bc36e8d6cb5ea00887dc493b272763e6ee0c4e2be099e1d9b5411528c708
10,1,100000,50,32,5,100,12553237974520513924,5da3aae0f9efe3fec2b3a68ba839f40fc8ce07959d0a902ef7183538c8bdb1e8,0281eba57f083eb96dc6fa7fa1faa7dfa01ec0d725419cca2859bbdfd530d303
10,2,100000,50,32,5,100,5787921106647047390,22c80d93f2a4ed81924783c360f5c5fd85a607a74c009b8ab0a6c0b72b50a735,6faa79bfe2a0738dc446142353b160854bf1d0c2c78dbd7aecb5c3002b6964a5
10,3,100000,50,32,5,100,18225066347804924272,521d4025c5aad83e9ac92d969277132332578d96b5e6d15f2c42d4492e73bf52,504d6255ae35d98fe255c807d0603c1a233e8455f4b7fcc5572b0211bdf929e2
10,4,100000,50,32,5,100,16413339594053720910,75b1d83e3ea8cf8a6ee3e628ff02b3903cacccbde38e5bea5a98220d9816795a,12d0a280b4d6b6ddd6e59941ad0920c0b02424aefbd74d6b80ab0c4c37592b98
11,0,100000,50,64,5,100,3079752602189179217,0b4d7527a893cdcb341dcd8ba964f40f7ac548b97cbdf4477135985089185ff6,0b8c08ed62f1cbd1ec155bb449dad14f897342507a866e7a9d7fa0585d935592
11,1,100000,50,64,5,100,18281288544784068604,18602d90531329614292da1b57e46465a8b71c0cabd08be3970b3c30632bf070,1de6ada4149a342830d7133d5c6c52202ea8aab72bdf9a71ed023550f5f9ab4a
11,2,100000,50,64,5,100,3116688209884192135,dd212ec6067687b19861bb627a496957ceb5f37331548f390085968810412404,e955528de8274b127df28f7e7fb5c9bdbb29dd06006ca76ddb5ce674e2c03a28
11,3,100000,50,64,5,100,74784291057691490,5f4c3fc8a21b7154d30f5e0497dd60a35274a3fe89034e6adc3ef0be11d317d6,dd4a6734398b24a8cc6ed1ee7ae967ec603991c773c39f216b4e197c39231e5f
11,4,100000,50,64,5,100,14142216927343986587,669f1af4d241b6ba44eed2add309e65eed61f47c2b956f0a6b59c3cbf27d58cd,0a0f3eb29e76ff62e1f6139c8d230f1a96579ab95cf9dae15fd1352a30d2a1cf
12,0,100000,50,4,10,100,7659895034997655194,70d3c65210d254709924fe879209488f80b48848e6ac31e4f2ed40bc2ed8fe19,002b707f08a000ac8d025139199606f536ecbbae907decf6eacb8b0ed670221b
12,1,100000,50,4,10,100,17738248172755892242,412e81491ec68bac55e6e151ef4e04ab51ac0eda943870a16fff922957cdc8f0,de6ee40718ab4d801bac89f95b3a1da06d5d3e4ea94104cd34bb724ebf8071db
12,2,100000,50,4,10,100,2506933801784898797,f73c49ac23927530137e6667cd2877f1e9cc7ca7de9e811226541c6cd745bb1d,89eea747ef230675c957b9b57063911aec4e559927331fcc02efa3df181352a7
12,3,100000,50,4,10,100,2556633166641129427,391af1b8e7732ed0c2bed4d86a0d42ae99c440989d2fe2a10ff238cb171af4ae,b5aadc1d24209213d20c0ab39116de2f973d7b9b3b930c61854e1ca86ab07bde
12,4,100000,50,4,10,100,7334898572504096503,1bcc1c63ec1c9cd164cd8c437ea7f5271248377201b06d43c763a7edfd85b0b3,57f22153643e1e31a7d8bb05120a2cb9604acebff7fe49b61c7c3c36685a6763
13,0,100000,50,4,20,100,7703601800259066047,8fe0cdaa7893628601b3ad2555ea322c3df643b1f832ee2229e1c7362c2b2bb3,7126ebd6d11067baece338a8ef55618096dc5ab1097489738f50d904f7060d28
13,1,100000,50,4,20,100,7922260283798386090,a00dd549f391ad04512f947b70e401e542777c9ebb2862909b57de134425f41a,6c3cc0f22bd18795bc730144f2532554c2939378c435123f751c302fffa801e7
13,2,100000,50,4,20,100,1762360525827980323,1db07963cf894670f001a65709fbea9952f27fddeecc8da2a163cdfe04410a2c,1e582ae67332afafeeec25452a7da75c748f722bcac24c48be01eaa505b2cadd
13,3,100000,50,4,20,100,13352126193743818191,36c8b86f598ff1e809eb9d0bbe79d636bd9f1cadbdd1e9f120bb63c6e1462b40,ea3266f29d4820b68fb74859a5b97399a611549af9b84c4cfba6197684c21265
13,4,100000,50,4,20,100,1356179880094768545,51c7b7a0de632e00dbba53d2428f6477ad37c9198e1439e36dbf7fc0e5ca4477,9c8b180680b1de20b5b0336db7207f0c79e337470c7e14e913f85d271c9401a9
14,0,100000,50,4,40,100,9957068616575358583,7a072de14988ceed3ecbd7454d9f8c2f3fa376d6547ee30b57107551febd06d2,256daaaedf5db1d910e2c13f5dc82c61250a020ebc6f9cd3245eee85bac9a390
14,1,100000,50,4,40,100,4688136168812338204,f34be63ff045e64a595ab141e25c95c518256404574f2b5842e3a156236a76a7,95462dfe5ee5c86af0f9b6cd12cd048fcd9c4876536ecb22b661c506c9f62d01
14,2,100000,50,4,40,100,12696100318769470383,88a295d27e14289b27d470cab947295b6bc18952a270b9fc2871000354f68019,85368e1e8ae388d1ea10fb769a873845691b92d4165a20780c45ca2d0af9b939
14,3,100000,50,4,40,100,11979936127055633228,30724976761af550aaaf3253e2c49b85b040828cc8e754cbdee445428305bf30,8b68950f0feefbecf0f7a71f8681e4f033ad64fd2392614bdf6f7f4da27934d0
14,4,100000,50,4,40,100,5543446492659953347,6027ea0ef8e31f9c9da0ae618dbadc2d83d68942d44db8b747bce1941e5d8687,7ddc005de596639c1345384bcfbcff6fdf1d6f66252f9f43eb10dc2eb02d8dd5
15,0,100000,50,4,5,1,14092228406411025073,d630111d18ce7663fa28959f4ce370384c1ed51d8bfa557a1eb93ff4bb9339b0,cd988ba9145215fa2c368640c7de08c27fb22db9ac3a7a83fe259341913682de
15,1,100000,50,4,5,1,15649322627808199434,ee2aed24e07e1daf1c31053dc23eb6d999521fa71aa0ee28e27a44ca22831c61,87cc2dd2528c5c8b2cebf14f0a3683294111fa288f3f5e38835b087b5f56a6fc
15,2,100000,50,4,5,1,9389596400227899643,a58139848dbb980d1cda885620f82f49996d11c505ead0040ea1f54b2576d6de,a28a202fd9a5a988a7fcf81188b36599f0c8dea00834c047ea02c65010951530
15,3,100000,50,4,5,1,8760997109192819142,fc1c85b73c7ee097d9820af5d95f43868c92f6c56c5381cf97822d36a8aba3ec,9f060ea9e5cb983ae0a541da0d83b0c954452a8ea3859d3dce8ed33ce1c5b43d
15,4,100000,50,4,5,1,10541045708418928415,c4d55a916f7b53b8704e95365503b21a7ee27b6a92ef213a4363db7b1fdb70ea,1619cd76d05b005ef76316b105bfb15f188c1b56ccc44b9e06187141d7958199
16,0,100000,50,4,5,10,12964115489931076869,ab6f508d254a08c6874568138a29d4a26244fd869ef5673af7e57c62347b8a2f,76041c5f24f7a27cdaba14b58da9239da6d71f618acb3aa67d5c9533ffc7d967
16,1,100000,50,4,5,10,15787293264202373364,f35242c860695a31422f31cbef2772c56f63014f540a5d7c2353a5ee4a2bd398,eac5bc3e7c6891a40c854551c0643253185b92417e67548c79dcde939c9e3dbb
16,2,100000,50,4,5,10,3978853629754017773,9b7f11ebd45de31844fd3968342071d8b0f35e9202dd83f21a1cf8a3dddbe4cb,554688d0388e3d76e85fccce623b482bd662ee809cf481ae74c0473d025c23da
16,3,100000,50,4,5,10,3642927553771692880,eeefd1535d91781d4f912a9cc725a823b8cde551a827686db37ec2a1b56bcc01,ff31da45e8639114a90ffebb821ff894ae27174d45a0bf0332715321d8cd9efb
16,4,100000,50,4,5,10,12042055364163171257,b59ecd1bd92f9833e0d01ff925effb40e1a57882aa92775fb689e699edc4a1f7,a793ab51cf0bd6a1a210c47c87c5bca09b3e58dd481ac5bc7831a8f77a06633a
17,0,100000,50,4,5,1000,16530443321202281334,c42e16aec9e32d91cd79cf32f15d24d002dcfdd1c2b492b53200e60bcd151ed7,ce59dc13d796ca8fb6feeedb16ac3c96fac896daecfdc8e4c6f268f1c585b408
17,1,100000,50,4,5,1000,14809844286314722844,07d181f3ca2c05195356b75522ae97340fd25ccf096391800d3bda982bf7f1d8,1a7a86ae4d96146c16a15ce3e10e1d5d99ccfb245a9c0d949bcb5626f9663efa
17,2,100000,50,4,5,1000,8725888805358618966,17a664d690bc1b9115ebda202ec9a177f39f5d20307170d1a0ef8dc9a4ab5146,bcd8ec68439174b0ae473761e26264511c183c93eb2e72e99582b1328a2d4e52
17,3,100000,50,4,5,1000,16018040506438692653,180f3bfb428a1d41a5d45ec9229357662eff213b7200eec04fd217b05bba1322,e05d5bd7122f31fa3283a5624663f4457be31472d0facbdd75f5d675d0d77bf8
17,4,100000,50,4,5,1000,8510423337529162210,40b03e4eed716c2628ae5dbd433e36598d7cbd1ca88581b8ad708f7e91a7fab8,7d4db5bbc3257d62b6d2f691bf87994eca5669c19c83b95b8fb1122211fab360
18,0,100000,50,4,5,5000,12052194592602579294,4325d1ab7f788a431a5a65d73d9c18b9d7665d44dee53f7fecf106a588ffd0a8,78bc714cf28b9c7bd5e50ec315d45692481b594dc6e0d9093d1e659d62e9aeba
18,1,100000,50,4,5,5000,8012851222469666230,9d004a975819be137088fdb3323af6e584f7d2025da92f59cd4d4cd851bfaf24,ede5ff2f4587fe7643d4de291f130580489de36354216bba4581a3f86bdf3b85
18,2,100000,50,4,5,5000,1118260812711377043,ad8330ba50b7a9c8fa2970416a493bd24c4b5115fa599b867c42fc572d04fcbb,1ee6e91b850f682a95ac1a9c269fd635cb1b2b477c4db3f2b149ef52a98550b0
18,3,100000,50,4,5,5000,4626592227489228354,ac25059c61a5e08518538c70ab24b922109719a0c716ae8e46991615744a6768,4b201f453834fd5d55b088d6651ac639a86aacc24963da7a3087c1288048e756
18,4,100000,50,4,5,5000,17579135597502177235,ce41e433f291dc9892b04c0a598602c67652fd2c684b2179ba3754185a790903,577080bc0031bd98aeb82740623d1ffec83124ff6a8d3af85d5190b31fdc7b4e
