population,dataset,method,T,mean_seed_max_exact,mean_seed_max,max_group_mean_exact,max_group_mean,difference_exact,difference
record,adult,fair,0,104049271331701878569/870023644053504000,119.59361339529657,104049271331701878569/870023644053504000,119.59361339529657,0,0.0
record,adult,fair,1,93825188691361405814432676881181969567652788243073409123/957975597995063636698703792432112601620985971474432000,97.94110506335139,31074642953705547549547695079003191190091113458288053/317631166443986616942541045236111605311998001152000,97.83247438089636,3632238605940882584065336426063569108698359031/33436580935081072221144422045743057120977223680,0.1086306824550354
record,adult,fair,2,233850442185755072277888304951574849954266429720961740679681/2437688656048188806534439137817564528899801427663126528000,95.9312181256392,30454334241135352425558495017133658700719278928453349/317631166443986616942541045236111605311998001152000,95.8795529484223,537118800811792227796657439978084953821048996596219/10396147458410904156151651048351946984390145972633600,0.05166517721689695
record,adult,lloyd,0,104049271331701878569/870023644053504000,119.59361339529657,104049271331701878569/870023644053504000,119.59361339529657,0,0.0
record,adult,lloyd,1,4129541838743060191608394116977718733279595013451831501/40656789304830286968645253790222285479935744147456000,101.5707809040505,4129541838743060191608394116977718733279595013451831501/40656789304830286968645253790222285479935744147456000,101.5707809040505,0,0.0
record,adult,lloyd,2,67089789116614517147881653420057018070720555312355660162279/666120835970339421694283838099001925303267232111919104000,100.71714543936267,67089789116614517147881653420057018070720555312355660162279/666120835970339421694283838099001925303267232111919104000,100.71714543936267,0,0.0
record,bank,fair,0,11692908895825876188667/243810897054452940800,47.958926516784736,11692908895825876188667/243810897054452940800,47.958926516784736,0,0.0
record,bank,fair,1,455701278810796081177795247665094944344244482742230339931/13396764672171212701172681784719361356667109483164467200,34.01577096874843,3000929468688422626963290942903316368694212112520033/88304865712360090911427598038290626659859877068800,33.9837385457728,16954760411489749517357474931035132097637186743092849/529299966611669166667585520104715911911915769770803200,0.032032422975626085
record,bank,fair,2,1315969158457908775135448979347663391473026106276587583/39866364224258829240872331500815015618964096653721600,33.00951024917233,2610686093578186658580359326535316155048913170824305389/79121159678274641456639127842308401487234449853644800,32.996054458679,932603302919938648455865346103390049921105017/69308696756397276144816204860626955590078300160,0.01345579049333168
record,bank,lloyd,0,11692908895825876188667/243810897054452940800,47.958926516784736,11692908895825876188667/243810897054452940800,47.958926516784736,0,0.0
record,bank,lloyd,1,1381404398424687849184939580200202655712281198899221873/39560579839137320728319563921154200743617224926822400,34.91870958519327,1381404398424687849184939580200202655712281198899221873/39560579839137320728319563921154200743617224926822400,34.91870958519327,0,0.0
record,bank,lloyd,2,33737298099239113043409121136028656002450451334320097/989014495978433018207989098028855018590430623170560,34.11203600798871,33737298099239113043409121136028656002450451334320097/989014495978433018207989098028855018590430623170560,34.11203600798871,0,0.0
record,credit,fair,0,7019673334092414097040167/383524371010397751214080,18.303069803879826,7019673334092414097040167/383524371010397751214080,18.303069803879826,0,0.0
record,credit,fair,1,3579483656389410222008375129628098989484817919560078791/265923236806684476446229814151289385947664562415206400,13.460589978421297,32638459664510087462466789408576961207385929803625652801/2430874495567424266101409342000076580094078657914470400,13.426632976743413,238852401131902628031705441305619776541073/7033966172798752698924433279765598456250368,0.033957001677883444
record,credit,fair,2,271459320623018052753715223227359455550846290094652992215429/20924967657844388082600931615936659201449829087327761203200,12.972986389360221,201706853534846954575068336650756740886340276723019884293/15557596771631515303049019788800490112602103410652610560,12.965167853086996,10999063933331760832626713224420922417830787/1406793234559750539784886655953119691250073600,0.007818536273224165
record,credit,lloyd,0,7019673334092414097040167/383524371010397751214080,18.303069803879826,7019673334092414097040167/383524371010397751214080,18.303069803879826,0,0.0
record,credit,lloyd,1,495111573237118908797425845958731209541588806979228529/35575559412530278776819938154151802330663002130350080,13.917183072115874,495111573237118908797425845958731209541588806979228529/35575559412530278776819938154151802330663002130350080,13.917183072115874,0,0.0
record,credit,lloyd,2,151946327085265522534978882254661181607514539964458341/11117362316415712117756230673172438228332188165734400,13.667479997562381,151946327085265522534978882254661181607514539964458341/11117362316415712117756230673172438228332188165734400,13.667479997562381,0,0.0
client,adult,fair,0,1933608489622744439/16392534989209600,117.95664861447871,19133419961087/162487336960,117.75329892813205,833354212120611/4098133747302400,0.20334968634666137
client,adult,fair,1,12894568297517144683132230250332363765257457279/131825388945171560745711322919067005118054400,97.81551490722487,12894568297517144683132230250332363765257457279/131825388945171560745711322919067005118054400,97.81551490722487,0,0.0
client,adult,fair,2,1619827928705456845375464965986160096588765329247/16873649784981959775451049333640576655110963200,95.99748420446363,1619827928705456845375464965986160096588765329247/16873649784981959775451049333640576655110963200,95.99748420446363,0,0.0
client,adult,lloyd,0,1933608489622744439/16392534989209600,117.95664861447871,19133419961087/162487336960,117.75329892813205,833354212120611/4098133747302400,0.20334968634666137
client,adult,lloyd,1,5440772270316849593833353729432954175314476944519/53995679311942271281443357867649845296355082240,100.76310437515895,5440772270316849593833353729432954175314476944519/53995679311942271281443357867649845296355082240,100.76310437515895,0,0.0
client,adult,lloyd,2,168580252409347243406063971223147513514874081113/1687364978498195977545104933364057665511096320,99.90740270038589,168580252409347243406063971223147513514874081113/1687364978498195977545104933364057665511096320,99.90740270038589,0,0.0
client,bank,fair,0,212750304986526299/4635247949905920,45.898365585997276,32668200269037/717142097920,45.55331553368279,3198785095211299/9270495899811840,0.34505005231448554
client,bank,fair,1,25229093557463314879450123821476397355288271500841/752111980275828390009324626225244562129692917760,33.54433145475337,390127964072259490944503910342559737333189307/11636295819228411696593558075736745758949376,33.526817307926464,823287478301417640757098530315545797348790181/47006998767239274375582789139077785133105807360,0.01751414682690174
client,bank,fair,2,32726130083713902845320650209768876263138173234327/1002815973701104520012432834966992749506257223680,32.63423294199353,3037588357807888918473150667606427077299658887/93090366553827293572748464605893966071595008,32.63053385928474,7418998456838942137269285957281145855195748239/2005631947402209040024865669933985499012514447360,0.0036990827087932986
client,bank,lloyd,0,212750304986526299/4635247949905920,45.898365585997276,32668200269037/717142097920,45.55331553368279,3198785095211299/9270495899811840,0.34505005231448554
client,bank,lloyd,1,509650271149375944876557616981352045058711829/14545369774035514620741947594670932198686720,35.0386603480605,509650271149375944876557616981352045058711829/14545369774035514620741947594670932198686720,35.0386603480605,0,0.0
client,bank,lloyd,2,3966223887835199321891820641538283984419732253/116362958192284116965935580757367457589493760,34.08493518428096,3966223887835199321891820641538283984419732253/116362958192284116965935580757367457589493760,34.08493518428096,0,0.0
client,credit,fair,0,10284349629443/511054970880,20.123764008662487,10284349629443/511054970880,20.123764008662487,0,0.0
client,credit,fair,1,283759188031830869959699698870399789280389286267/20565005678750946552024660005091803671528734720,13.798157533456394,760859222428987752248005992630638977032111097/55282273329975662774259838723365063633141760,13.763168129636732,719557288247426123441469611802089824443958183/20565005678750946552024660005091803671528734720,0.0349894038196604
client,credit,fair,2,35950233188155013315184991186753178576332612105/2763422638082158442928313688184211118361673728,13.009314135569511,26909178492337532482744359574202936498615401/2073085249874087354034743952126189886242816,12.980256597731286,6691521489090209640563322861722018639856881/230285219840179870244026140682017593196806144,0.02905753783822596
client,credit,lloyd,0,10284349629443/511054970880,20.123764008662487,10284349629443/511054970880,20.123764008662487,0,0.0
client,credit,lloyd,1,516731451135144462314498155893282400319386413/36287711608448877743734268136523762069667840,14.239846720310512,516731451135144462314498155893282400319386413/36287711608448877743734268136523762069667840,14.239846720310512,0,0.0
client,credit,lloyd,2,3882444500356870043054326110737384029630693/283497746941006857372923969816591891169280,13.694798432259743,3882444500356870043054326110737384029630693/283497746941006857372923969816591891169280,13.694798432259743,0,0.0
