population,dataset,seed,T,n_group0,n_group1,retained_n,source_path,source_sha256,retained_identity_sha256,Phi_A_exact,Phi_A,Phi_B_exact,Phi_B,Phi_exact,Phi,G_exact,G,pooled_SSE_exact,pooled_SSE,population_average_exact,population_average,absolute_group_gap_exact,absolute_group_gap,max_min_group_ratio_exact,max_min_group_ratio,ratio_status,worst_group
record,adult,10000,0,9774,20358,30132,study://Round_Budgets/runs/round-budget-20260926T064431Z/adult_s10000_T0/gate_fresh.json,66c6d4cac85ae12e9794c2d1f8023b7a578a92582b147b5334679572881eb1f2,ee96b8382cdf1149ca3b9ad3519f2d3b1839ff69a9788a169b003a39867021fd,4985542345207/40995127296,121.61304706311894,662141124699/6325010432,104.68617116408892,4985542345207/40995127296,121.61304706311894,6994982604690091/30910325981184,226.29921822720786,27848895057287/8388608,3319846.994553447,27848895057287/252765536256,110.17678861520798,523215251882065/30910325981184,16.926875899030023,3759098928286078/3235883676404013,1.1616916132360808,defined,0
record,adult,10000,1,9774,20358,30132,study://Round_Budgets/runs/round-budget-20260926T064431Z/adult_s10000_T1/gate_fresh.json,7db90cb7bb674c531035a84d17a73bf874ef428d20e30cc520d642c2ada18746,ee96b8382cdf1149ca3b9ad3519f2d3b1839ff69a9788a169b003a39867021fd,1323224670745919742044988971431569329785041595/13303679417141010167564093652152409995083776,99.46306050046745,74041298191957338120133172097770879492502851/769718713975162804354153362010659694313472,96.19266992948089,1323224670745919742044988971431569329785041595/13303679417141010167564093652152409995083776,99.46306050046745,981308799890005757941748591618776688102109258431/5015487140262160833171663306861458568146583552,195.65573042994833,3988711405656383914369783166951320991515144231/1361129467683753853853498429727072845824,2930442.3277559406,3988711405656383914369783166951320991515144231/41013553120246871124313614684536158990368768,97.2534955448009,16402601852417727560173092840626586555812104199/5015487140262160833171663306861458568146583552,3.270390570986562,498855700871211742750960842229701637328960681315/482453099018794015190787749389075050773148577116,1.0339983345236607,defined,0
record,adult,10000,2,9774,20358,30132,study://Round_Budgets/runs/round-budget-20260926T064431Z/adult_s10000_T2/gate_fresh.json,b40d0097d8b72b71269b94a34ef9cee4f25c626cbfb62c32bc05f9a125e70dac,ee96b8382cdf1149ca3b9ad3519f2d3b1839ff69a9788a169b003a39867021fd,107784095507486981331309453318789880891284107/1108639951428417513963674471012700832923648,97.22191173844448,224742072307285233151415180732730376488680441/2309156141925488413062460086031979082940416,97.32649439629674,224742072307285233151415180732730376488680441/2309156141925488413062460086031979082940416,97.32649439629674,423504786947610516470363602155249912710756605/2176860737961007306064089976936396947980288,194.5484061347412,249394625861079160862043475538640193034973411/85070591730234615865843651857942052864,2931619.7382513653,83131541953693053620681158512880064344991137/854449023338476481756533639261169978966016,97.29257063093605,21855540648017619251241905720206524218525741/208978630844256701382152637785894107006107648,0.10458265785225508,40678315087618627200406147712624198144451159821/40634604006322591961903663901183785096014108339,1.0010757107732422,defined,1
record,adult,10001,0,9775,20357,30132,study://Round_Budgets/runs/round-budget-20260926T064431Z/adult_s10001_T0/gate_fresh.json,37f1eb2d056e7a80ea79c1f15c0e7885073703a71608a388db81f09f76af2cdf,f9ce01588c5513b4e51aa40d60ee94f817cc35ac74344d194bd891b54a2cd8ac,780195769757/6559891456,118.93424990186301,35687437245291/341533786112,104.4916746057678,780195769757/6559891456,118.93424990186301,14918116623926015/66769855184896,223.4259245076308,862380179519/262144,3289719.312740326,862380179519/7898923008,109.176931924211,482164330508617/33384927592448,14.442575296095216,15882445284943249/13953787962908781,1.1382174737899933,defined,0
record,adult,10001,1,9775,20357,30132,study://Round_Budgets/runs/round-budget-20260926T064431Z/adult_s10001_T1/gate_fresh.json,923ce68fd1a70808309527a04f3275166ce86ac5a351e28e5826635b340d426c,f9ce01588c5513b4e51aa40d60ee94f817cc35ac74344d194bd891b54a2cd8ac,947545922159917081928947107726305844634079/9783118048976980824572019963663336079360,96.85520683858066,82891102724766531810656945197176765973491487/865891017926193037590489610436063185076224,95.72925577088273,947545922159917081928947107726305844634079/9783118048976980824572019963663336079360,96.85520683858066,38354145964105734353278673667335064253118988213/199154934123024398645812610400294532567531520,192.58446260946337,246323608833126015585274394551089528740879689/85070591730234615865843651857942052864,2895520.1065749857,246323608833126015585274394551089528740879689/2563347070015429445269600917783509936898048,96.09452099346161,224238710713129720376478876633751905312904193/199154934123024398645812610400294532567531520,1.1259510676979274,19289192337409432036827576271984408079215946203/19064953626696302316451097395350656173903042010,1.0117618282794631,defined,0
record,adult,10001,2,9775,20357,30132,study://Round_Budgets/runs/round-budget-20260926T064431Z/adult_s10001_T2/gate_fresh.json,ea9da2d1a0ef5298da116c88cfe8d8f3586920861c0ecdd1e242f8d42eb4fc2b,f9ce01588c5513b4e51aa40d60ee94f817cc35ac74344d194bd891b54a2cd8ac,249597747816920814964283708766660629887426121/2661008109321738784283589430116427413585920,93.79819134806789,2603268360525043299396816379587225302182673291/27708512573638177202895667533954021922439168,93.95193457630012,2603268360525043299396816379587225302182673291/27708512573638177202895667533954021922439168,93.95193457630012,5085225498567758340274349740727967954192729914551/27085071040731318215830515014440056429184286720,187.750125924368,481407137451205921777279365427566056452475487/170141183460469231731687303715884105728,2829456.8525971053,160469045817068640592426455142522018817491829/1708898046676952963513067278522339957932032,93.90205935872511,2082073129350655023213140682528755787198184677/13542535520365659107915257507220028214592143360,0.1537432282322297,5089389644826459650320776022093025465767126283905/5081061352309057030227923459362910442618333545197,1.0016390852107342,defined,1
record,adult,10002,0,9775,20357,30132,study://Round_Budgets/runs/round-budget-20260926T064431Z/adult_s10002_T0/gate_fresh.json,2b37a22145d6c067a76cbfb38bde8c2133b7696deff593d34e2c8ff5a6317ab9,06144fda5836499e2ba09ad2569a4547b4cdfec48dd6a4bca5082cdd53e3c626,858082880689/7130316800,120.34288303838056,9687653701665/85383446528,113.46056051377715,858082880689/7130316800,120.34288303838056,33937004495016473/145151859097600,233.80344355215772,58486521062507/16777216,3486068.3120791316,58486521062507/505531072512,115.69322687107167,998981909355473/145151859097600,6.882322524603411,17467993202185973/16469011292830500,1.060658280669852,defined,0
record,adult,10002,1,9775,20357,30132,study://Round_Budgets/runs/round-budget-20260926T064431Z/adult_s10002_T1/gate_fresh.json,268fe48c09329fc8624ae773c9a8179412210fbd347f699416edbcbe224c885b,06144fda5836499e2ba09ad2569a4547b4cdfec48dd6a4bca5082cdd53e3c626,2589581372187126731401318224019091124425576379/26610081093217387842835894301164274135859200,97.3158015984845,10664994540393859956506169302249310637717429445/110834050294552708811582670135816087689756672,96.22489218837133,2589581372187126731401318224019091124425576379/26610081093217387842835894301164274135859200,97.3158015984845,209682537619576658817121075102200287523550789519481/1083402841629252728633220600577602257167371468800,193.54069378685583,15844157284768113419308805750287492886568582203/5444517870735015415413993718908291383296,2910112.090903861,15844157284768113419308805750287492886568582203/164054212480987484497254458738144635961475072,96.57878968883118,1181894354876696667425465243226264556175043869731/1083402841629252728633220600577602257167371468800,1.0909094101131667,105432215987226677742273270172713276039862916694606/104250321632349981074847804929487011483687872824875,1.0113370811367353,defined,0
record,adult,10002,2,9775,20357,30132,study://Round_Budgets/runs/round-budget-20260926T064431Z/adult_s10002_T2/gate_fresh.json,3a39622cab3ec64df7bdfc1136c9f55408168a5acad7e708ec1848d0098f8e22,06144fda5836499e2ba09ad2569a4547b4cdfec48dd6a4bca5082cdd53e3c626,321447687722458852979290908032304534432212199/3326260136652173480354486787645534266982400,96.63937110041871,167077760758356551350328739069665390768910085/1731782035852386075180979220872126370152448,96.47736106473734,321447687722458852979290908032304534432212199/3326260136652173480354486787645534266982400,96.63937110041871,13076451024617836027897278712437540186500928058543/67712677601828295539576287536100141072960716800,193.11673216515604,989758730755885058380605864310966097507852539/340282366920938463463374607431768211456,2908639.4917014507,989758730755885058380605864310966097507852539/10253388280061717781078403671134039747592192,96.52991808381292,10970133314353712301571317189706628372159411543/67712677601828295539576287536100141072960716800,0.162010035681376,6543710578966094870099425014813623407436543735043/6532740445651741157797853697623916779064384323500,1.0016792544270843,defined,0
record,adult,10003,0,9774,20358,30132,study://Round_Budgets/runs/round-budget-20260926T064431Z/adult_s10003_T0/gate_fresh.json,da0fed5250075c9d0e9f69304e94acbdd71fed986d6e0375a741448ed16e2b4e,9cb96b186419ecc4fe863a040129e2bfdcfee2069c1d077b7476423bd4d225a9,9402226117903/81990254592,114.67492282699168,11615037456829/113850187776,102.02036275672695,9402226117903/81990254592,114.67492282699168,13396243831957009/61820651962368,216.69528558371863,53649564606293/16777216,3197763.240712464,53649564606293/505531072512,106.12515733149024,782313153840715/61820651962368,12.65456007026473,7089278492898862/6306965339058147,1.1240395517945787,defined,0
record,adult,10003,1,9774,20358,30132,study://Round_Budgets/runs/round-budget-20260926T064431Z/adult_s10003_T1/gate_fresh.json,666a7bb4287b37f4809fcd32a0596e2d45b4bc2089de24b8da9ba404eea64c55,9cb96b186419ecc4fe863a040129e2bfdcfee2069c1d077b7476423bd4d225a9,1284735134457420585222091160482233981477970003/13303679417141010167564093652152409995083776,96.56991078739576,10763962975577971769431544084449721278424717357/110839494812423443826998084129534995981139968,97.11306419967094,10763962975577971769431544084449721278424717357/110839494812423443826998084129534995981139968,97.11306419967094,3885657881341403132782022949292608395463652606141/20061948561048643332686653227445834272586334208,193.6829749870667,15902903513407654110319908726378657204336597369/5444517870735015415413993718908291383296,2920902.0690129073,5300967837802551370106636242126219068112199123/54684737493662494832418152912714878653825024,96.9368800283057,3632238605940882584065336426063569108698359031/6687316187016214444228884409148611424195444736,0.543153412275177,1948277298579612890267109479285399551394873841617/1937380582761790242514913470007208844068778764524,1.005624458051649,defined,1
record,adult,10003,2,9774,20358,30132,study://Round_Budgets/runs/round-budget-20260926T064431Z/adult_s10003_T2/gate_fresh.json,be02a8ab04ef28b377e71e7dfab92826334979a1d417b33f725f110ed7a83f35,9cb96b186419ecc4fe863a040129e2bfdcfee2069c1d077b7476423bd4d225a9,79025249772108867044630700129500769306619775/831479963571313135472755853259525624692736,95.0416765699143,836613534600857702315311113036488115545541/8847341539944400050047739793225973497856,94.56100805238218,79025249772108867044630700129500769306619775/831479963571313135472755853259525624692736,95.0416765699143,8197843331744052677535721816143357424615287167/43236958105708283044583304369495332484022272,189.60268462229647,971169396680907049091411402025573271698637703/340282366920938463463374607431768211456,2854010.3487247387,971169396680907049091411402025573271698637703/10253388280061717781078403671134039747592192,94.71692382599026,20782644555269495105870997324722583273169433/43236958105708283044583304369495332484022272,0.4806685175321273,587044712592808726617256629533434286277746900/584075763370627370173560772772759631524436981,1.0050831577140744,defined,0
record,adult,10004,0,9770,20362,30132,study://Round_Budgets/runs/round-budget-20260926T064431Z/adult_s10004_T0/gate_fresh.json,7b7fa131df8ef8b5f511ca23d4df048baa6e1a9d7fbf01e203e8153c01a9bedc,ae88468f8c4ac1563b057648bd07a40c9d2515ee6480c53e566e35c07e5ee84e,20063486062439/163913400320,122.4029641461287,17214640749203/170808836096,100.78308091466548,20063486062439/163913400320,122.4029641461287,372453391721404769/1668802328657920,223.18604506079416,54492767560845/16777216,3248022.0532920957,6054751951205/56170119168,107.79311208323695,36079311481978149/1668802328657920,21.619883231463227,204266351601691459/168187040119713310,1.2145189751618042,defined,0
record,adult,10004,1,9770,20362,30132,study://Round_Budgets/runs/round-budget-20260926T064431Z/adult_s10004_T1/gate_fresh.json,4e490320eaf83bd6ffcb78c2625080b1d9611c867c8ef0553f4c48cd0f8f58da,ae88468f8c4ac1563b057648bd07a40c9d2515ee6480c53e566e35c07e5ee84e,1315971944457812180777325832265803193571462239/13298234899270275152148679658433501703700480,98.95839217955344,1309379060164435206436034378440619120631844485/13857659110488297986082467513051328643334144,94.48775220436903,1315971944457812180777325832265803193571462239/13298234899270275152148679658433501703700480,98.95839217955344,26190543784331517779374010175662991122324177673709/135389329509470671324025707602511480845374586880,193.44614438392247,3934730064786682593649394589147041434835151209/1361129467683753853853498429727072845824,2890783.1019795993,3934730064786682593649394589147041434835151209/41013553120246871124313614684536158990368768,95.93731255740074,605276948718453845613898420933293505177936436809/135389329509470671324025707602511480845374586880,4.47063997518441,13397910366524985812493954298298142313751057055259/12792633417806531966880055877364848808573120618450,1.047314491782118,defined,0
record,adult,10004,2,9770,20362,30132,study://Round_Budgets/runs/round-budget-20260926T064431Z/adult_s10004_T2/gate_fresh.json,74466bd4afd0b333c71271f1658038c76a288b116663167412ea6f51115a7806,ae88468f8c4ac1563b057648bd07a40c9d2515ee6480c53e566e35c07e5ee84e,4018419646062913364007300133528286293892603/41556984060219609850464623932604692824064,96.69661398526614,83536363886139318093948586093636301206579869/866103694405518624130154219565708040208384,96.45076499007143,4018419646062913364007300133528286293892603/41556984060219609850464623932604692824064,96.69661398526614,163438088349891155695704413932385631795069714299/846183309434191695775160672515696755283591168,193.14737897533757,123720560346768451734021587428919164145505899/42535295865117307932921825928971026432,2908656.3953638845,123720560346768451734021587428919164145505899/1281673535007714722634800458891754968449024,96.53047907088425,208033316374928140128876705420299237412650273/846183309434191695775160672515696755283591168,0.24584899519470732,11689008690447577416845235045557566502320168898/11659289645251159111112538373354666611261218859,1.0025489584786602,defined,0
record,bank,10000,0,17978,27188,45166,study://Round_Budgets/runs/round-budget-20260926T064431Z/bank_s10000_T0/gate_fresh.json,1efdb675cbbb6bea3fd7a37f81b18b673102719cc91dc3c9a45eb9d3b9ecfa57,76455f81315def06755c3d3b20095ab7ed37e8c420b6d2e7ab2cac7aa67669ae,1760448768215/37702598656,46.693035254079014,2762171999825/65162706944,42.3888467708804,1760448768215/37702598656,46.693035254079014,52179496169415165/585747572719616,89.08188202495941,33418794144495/16777216,1991915.3538045287,33418794144495/757759737856,44.1020979011763,2521167956561315/585747572719616,4.304188483198616,5470066412597648/4965832821285385,1.1015405893551093,defined,0
record,bank,10000,1,17978,27188,45166,study://Round_Budgets/runs/round-budget-20260926T064431Z/bank_s10000_T1/gate_fresh.json,c877abb64fc228c654c2fcaa2e1b0ec6fb530c6845f42fa0a61ceebd67f58ca3,76455f81315def06755c3d3b20095ab7ed37e8c420b6d2e7ab2cac7aa67669ae,99762174934347028267653181986639353614027215/3058798196252315848072274346204164452777984,32.61482730589324,151129861972016945119919683948003647636560171/4625798495923237472321114413427457066532864,32.671086322763344,151129861972016945119919683948003647636560171/4625798495923237472321114413427457066532864,32.671086322763344,2714673335323973821953435394934980161634125337829/41581302679853981638694497462299411571063914496,65.28591362865659,125446018453181986693786432967321500625293693/85070591730234615865843651857942052864,1474610.8602486385,125446018453181986693786432967321500625293693/3842298346087776660196694379815810759655424,32.64869282753927,2339323208946817412480683082229415575953416409/41581302679853981638694497462299411571063914496,0.05625901687010428,1358506329266460319682958039008604788605039377119/1356167006057513502270477355926375373029085960710,1.0017249521618634,defined,1
record,bank,10000,2,17978,27188,45166,study://Round_Budgets/runs/round-budget-20260926T064431Z/bank_s10000_T2/gate_fresh.json,f651f17afd61c7b02492bfb121fa005990bb194f520602249b8083ca78192553,76455f81315def06755c3d3b20095ab7ed37e8c420b6d2e7ab2cac7aa67669ae,6272893866806755878313648729061157234517565733/195763084560148214276625558157066524977790976,32.043292947192036,2370262814823156919069308820685765584866563403/74012775934771799557137830614839313064525824,32.02504952539671,6272893866806755878313648729061157234517565733/195763084560148214276625558157066524977790976,32.043292947192036,85249444497576234795925904389717379407746971146335/1330601685755327412438223918793581170274045263872,64.06834247258875,15753945126099383554590884011804219573983819345/10889035741470030830827987437816582766592,1446771.3671011042,15753945126099383554590884011804219573983819345/491814188299235412505176880616423777235894272,32.03231118764346,24274727794804613869836433139992038284817428067/1330601685755327412438223918793581170274045263872,0.018243421795324764,14212286537561839901632623470476228574338631429067/14204194961630238363676011326096231228243692286378,1.0005696610017998,defined,0
record,bank,10001,0,17980,27186,45166,study://Round_Budgets/runs/round-budget-20260926T064431Z/bank_s10001_T0/gate_fresh.json,21afb9cfbc8c66f58c81a01fc435bb8dce89a38a04df2853c50babd021edeeeb,08b69632debf53194ab3a3e39ca5a10022f6324ede8178d9ac1b4652cd3ea66f,14605474972817/301654343680,48.41791699280397,2313989935229/57013174272,40.58693389337268,14605474972817/301654343680,48.41791699280397,364954377447171161/4100387493642240,89.00485088617664,33117394454649/16777216,1973950.532355845,33117394454649/757759737856,43.7043469059878,32110065163831801/4100387493642240,7.830983099431289,198532221305501481/166422156141669680,1.1929434512102917,defined,0
record,bank,10001,1,17980,27186,45166,study://Round_Budgets/runs/round-budget-20260926T064431Z/bank_s10001_T1/gate_fresh.json,17cb74cb56cbb952bae0e9cc045af5fb9bdd7c173b66011dfcd666ebe1237e26,08b69632debf53194ab3a3e39ca5a10022f6324ede8178d9ac1b4652cd3ea66f,117863216366406095380155409251026674952597/3296485429546591364801441509495254548480,35.75420516347235,1699984515884872050951281131885399000989913/48181856391211630561017198321041930190848,35.28266951945316,117863216366406095380155409251026674952597/3296485429546591364801441509495254548480,35.75420516347235,1061033433280496353962381310200875554517090037/14936375481275605473915331479522998359162880,71.03687468292551,2129496705570098229719587565983992644148763/1329227995784915872903807060280344576,1602055.2623950865,2129496705570098229719587565983992644148763/60035911657621510315573349684622043119616,35.4703817560795,7043033431875682372587008431928173903343977/14936375481275605473915331479522998359162880,0.4715356440191867,534038233356186018167484159316401864210217007/526995199924310335794897150884473690306873030,1.0133645115418266,defined,0
record,bank,10001,2,17980,27186,45166,study://Round_Budgets/runs/round-budget-20260926T064431Z/bank_s10001_T2/gate_fresh.json,c6cb248dea7f1034d2bfe320109a94774e8782a7fdac923dcc612d7783a8f0d5,08b69632debf53194ab3a3e39ca5a10022f6324ede8178d9ac1b4652cd3ea66f,421990120310900402973563886711583325998069587/12236553914476947146142950883246384883957760,34.48602631592609,27685923230756142092291673035847772428946337/804427515401098527627417571968700051881984,34.41692719443039,421990120310900402973563886711583325998069587/12236553914476947146142950883246384883957760,34.48602631592609,498292610948239855567078397638817219801086695547/7231803363455875763370483971998613466419036160,68.90295351035648,529383177309145835548136183268041045931917669/340282366920938463463374607431768211456,1555717.3358681358,48125743391740530504376016660731004175628879/1397199398577373330980616138114840276238336,34.44443466032271,499711259244420747674116454274271528631556287/7231803363455875763370483971998613466419036160,0.06909912149569603,249396161103742138157376257046545745664859125917/248896449844497717409702140592271474136227569630,1.0020077074604987,defined,0
record,bank,10002,0,17978,27188,45166,study://Round_Budgets/runs/round-budget-20260926T064431Z/bank_s10002_T0/gate_fresh.json,e18bdf2732ca0439b73531fe66d466d2acfc8d096d14779ceefb1ac0b95a7b1e,a6ab6e56fa7280997db309aec0805110848411a37ba10226b1a6084eba3a9d57,14612086301371/301620789248,48.44522268442373,2929865919393/65162706944,44.9623113709946,14612086301371/301620789248,48.44522268442373,54713236346686159/585747572719616,93.40753405541834,17560573868561/8388608,2093383.534975171,17560573868561/378879868928,46.348659057148545,2040106847838805/585747572719616,3.4829113134291343,28376671597262482/26336564749423677,1.0774629063148202,defined,0
record,bank,10002,1,17978,27188,45166,study://Round_Budgets/runs/round-budget-20260926T064431Z/bank_s10002_T1/gate_fresh.json,518d58b5051e282574a29347795164598093d6a2bae9077ea2bd1fa4176e4b09,a6ab6e56fa7280997db309aec0805110848411a37ba10226b1a6084eba3a9d57,12918248374262483570794794407788208448299045/382349774531539481009034293275520556597248,33.786467875102346,9735065898400286095333707510626549840885027/289112405995202342020069650839216066658304,33.67225237149399,12918248374262483570794794407788208448299045/382349774531539481009034293275520556597248,33.786467875102346,21914230195072784067705864300344813667850514571/324853927186359231552300761424214152898936832,67.45872024659634,32388380171063055761462209429041308130069099/21267647932558653966460912964485513216,1522894.3169347686,32388380171063055761462209429041308130069099/960574586521944165049173594953952689913856,33.71771502755986,148413419570964559868760388357198151686550581/1299415708745436926209203045696856611595747328,0.11421550360835264,87805334199862100830692217589736452823088608865/87508507360720171710954696813022056519715507703,1.0033919769413775,defined,0
record,bank,10002,2,17978,27188,45166,study://Round_Budgets/runs/round-budget-20260926T064431Z/bank_s10002_T2/gate_fresh.json,1e823adbed47235ff5dbf5896aff945cc01e52b87090c5b2efab06a8ba81ffdd,a6ab6e56fa7280997db309aec0805110848411a37ba10226b1a6084eba3a9d57,12401293066812580955088864130816863233996901/382349774531539481009034293275520556597248,32.43441971950114,1171889188673964343076646765647863019924083/36139050749400292752508706354902008332288,32.42722662529843,12401293066812580955088864130816863233996901/382349774531539481009034293275520556597248,32.43441971950114,168564484311047236591066831708431344890257592793/2598831417490873852418406091393713223191494656,64.86164634479958,31151520085596010444315212381182671552782229/21267647932558653966460912964485513216,1464737.4352058053,31151520085596010444315212381182671552782229/960574586521944165049173594953952689913856,32.43008978447959,18693639202988912411187285893093912696279401/2598831417490873852418406091393713223191494656,0.007193094202715655,84291588975125112751739009497162219401476936097/84272895335922123839327822211269125488780656696,1.0002218226765376,defined,0
record,bank,10003,0,17980,27186,45166,study://Round_Budgets/runs/round-budget-20260926T064431Z/bank_s10003_T0/gate_fresh.json,c0fe76b2d90edd68a321122036eada4686750cd99e2630aab01eb53293bc47fd,4feb8735ef1c36697863b50c164135233d4d1991d64ff4f8f771ab6bf4562f67,7304447559117/150827171840,48.42925495457596,19815872677223/456105394176,43.44581960715978,7304447559117/150827171840,48.42925495457596,94180851677597383/1025096873410560,91.87507456173574,34424767795457/16777216,2051876.0559235215,34424767795457/757759737856,45.42966071654611,2554251996739999/512548436705280,4.983435347416184,99289355671077381/89072347684117385,1.1147045997169984,defined,0
record,bank,10003,1,17980,27186,45166,study://Round_Budgets/runs/round-budget-20260926T064431Z/bank_s10003_T1/gate_fresh.json,1a1c58bbfb12525503ab89e6227aeb3bedef1241b48bf7c210c96036f679bc29,4feb8735ef1c36697863b50c164135233d4d1991d64ff4f8f771ab6bf4562f67,51755279764023162271818209763820597454609773/1529569239309618393267868860405798110494720,33.836506667317174,104659964746993643351203609716660583766450967/3083638809037544355905100692546683532214272,33.9404097653252,104659964746993643351203609716660583766450967/3083638809037544355905100692546683532214272,33.9404097653252,939452886759314323370876842556131578163870859591/13860956446623761879793427612997342477303152640,67.77691643264238,521001013297073579140883668205264141117791993/340282366920938463463374607431768211456,1531084.3697584937,521001013297073579140883668205264141117791993/15369193384351106640786777519263243038621696,33.899047286863876,1440196316158530356443608796647069896523333739/13860956446623761879793427612997342477303152640,0.10390309800802613,470446541537736426863660225676389324030197096665/469006345221577896507216616879742254133673762926,1.003070739513083,defined,1
record,bank,10003,2,17980,27186,45166,study://Round_Budgets/runs/round-budget-20260926T064431Z/bank_s10003_T2/gate_fresh.json,be43575b790d87a612aa9eed7ef8c92d9b98e33b67d404319f0dcbc6db08422b,4feb8735ef1c36697863b50c164135233d4d1991d64ff4f8f771ab6bf4562f67,1581547944025058635950071607764174948919827/47799038728425574789620901887681190952960,33.08744246951831,76464890984771515890629775665881222789502413/2312729106778158266928825519410012649160704,33.0626231843011,1581547944025058635950071607764174948919827/47799038728425574789620901887681190952960,33.08744246951831,687677384226669916543890015447550977729488681011/10395717334967821409845070709748006857977364480,66.15006565381941,127074425193573392241032067114334821154936877/85070591730234615865843651857942052864,1493752.6894903488,127074425193573392241032067114334821154936877/3842298346087776660196694379815810759655424,33.072503420501015,258014273573988687128332211278784851861988141/10395717334967821409845070709748006857977364480,0.024819285217203085,343967699250121952615509173829414881290675334576/343709684976547963928380841618136096438813346435,1.000750675016887,defined,0
record,bank,10004,0,17983,27183,45166,study://Round_Budgets/runs/round-budget-20260926T064431Z/bank_s10004_T0/gate_fresh.json,1bad1a281d52ae905d1ef36957725a86638cf18a2301eb3a3457b6d2f06015ef,257ff84316dd148b25d3471d17d228a03fb4e0a785334a7acebee71a795cb93e,14424259977703/301704675328,47.809202698041,6579982461017/152018354176,43.284131687144786,14424259977703/301704675328,47.809202698041,124513022127217797/1366873031573504,91.09333438518578,17082103680377/8388608,2036345.4437705278,17082103680377/378879868928,45.08580444959766,3092598765374543/683436515786752,4.525071010896212,130698219657966883/118327824596468711,1.104543416594404,defined,0
record,bank,10004,1,17983,27183,45166,study://Round_Budgets/runs/round-budget-20260926T064431Z/bank_s10004_T1/gate_fresh.json,d6abf5c2a863642434bcf94336d30c2fd9bbcd758413e35611071cb9c9a9572f,257ff84316dd148b25d3471d17d228a03fb4e0a785334a7acebee71a795cb93e,1853638334080609155437925370481378526300019/54636587538743182039838085405763283451904,33.9266857170789,117926592342386060256669992471835837960597/3487894260939619250499589726175624167424,33.81025441712138,1853638334080609155437925370481378526300019/54636587538743182039838085405763283451904,33.9266857170789,606950102516809690291204971419092346033976809/8960400356353881854533446006545178486112256,67.73694013420027,130087204077259014302434115382305759304276343/85070591730234615865843651857942052864,1529167.7350708402,130087204077259014302434115382305759304276343/3842298346087776660196694379815810759655424,33.85661194418014,1043271061630112692434550098799810592429423/8960400356353881854533446006545178486112256,0.11643129995752054,303996686789219901491819760758946078313203116/302953415727589788799385210660146267720773693,1.0034436682587802,defined,0
record,bank,10004,2,17983,27183,45166,study://Round_Budgets/runs/round-budget-20260926T064431Z/bank_s10004_T2/gate_fresh.json,ff302f9b68efdd992eb3e7e2645742bd27065ac7852def9380bcfb0cebf3b647,257ff84316dd148b25d3471d17d228a03fb4e0a785334a7acebee71a795cb93e,806011653135174504384438386025194734898420827/24477191217356945553847462261781950986452992,32.92909084125739,406950633481873725329627429311680127548981193/12333194106682493669766549271757007056011264,32.99636979372405,406950633481873725329627429311680127548981193/12333194106682493669766549271757007056011264,32.99636979372405,7310732415481175693415043138543116613313959953583/110893914810235641831705927777003128944125280256,65.92546063498145,1013431776790397840186660336980117558772682203/680564733841876926926749214863536422912,1489104.1607011326,1013431776790397840186660336980117558772682203/30738386768702213281573555038526486077243392,32.96958244478441,932603302919938648455865346103390049921105017/13861739351279455228963240972125391118015660032,0.0672789524666584,7318193241904535202602690061311943733713328793719/7303271589057816184227396215774289492914591113447,1.0020431463714257,defined,1
record,credit,10000,0,5374,24596,29970,study://Round_Budgets/runs/round-budget-20260926T064431Z/credit_s10000_T0/gate_fresh.json,2afb69d0af9d66b473b155146c004d524ac86d7721ec14cdbb34a33de8665313,75b0d63f253fbf64d5143b5665d37827bd944a08ede4d26fd1a86e535f9e0817,388433100037/22540189696,17.232911757878046,7613643563421/412652404736,18.450500896249306,7613643563421/412652404736,18.450500896249306,39565661311932331/1108797011525632,35.68341265412735,9167375963569/16777216,546418.1878309846,9167375963569/502813163520,18.232171766132286,1350059197892123/1108797011525632,1.2175891383712607,20457860254912227/19107801057020104,1.0706548699069753,defined,1
record,credit,10000,1,5374,24596,29970,study://Round_Budgets/runs/round-budget-20260926T064431Z/credit_s10000_T1/gate_fresh.json,97c3a1433b5b689c0660016ca6a25a04eedbe7418f3fe1ba1c5d7d1bffb311b8,75b0d63f253fbf64d5143b5665d37827bd944a08ede4d26fd1a86e535f9e0817,6223528623643766376288683338204378748379033/457169359958280825663043785084580592091136,13.613179641373378,14437521864175245922590987749643771576845557/1046198137098425305918145230548971366121472,13.799988121004443,14437521864175245922590987749643771576845557/1046198137098425305918145230548971366121472,13.799988121004443,9632762344478050655225137241238942393845835697/351391799297933599625257029310635757596049408,27.41316776237782,35098572351994258221470658837491921902070147/85070591730234615865843651857942052864,412581.7352169658,35098572351994258221470658837491921902070147/2549565634155131437499334246182523324334080,13.766490998230424,262571871126683173101435118337044651600668871/1405567197191734398501028117242543030384197632,0.18680847963106353,38793621249038885794001984083292814226984011659/38268477506785519447799113846618724923782673917,1.0137226191494095,defined,1
record,credit,10000,2,5374,24596,29970,study://Round_Budgets/runs/round-budget-20260926T064431Z/credit_s10000_T2/gate_fresh.json,8f0dc859075eb46d3545a5623d9f8689ff4fccb5e475221d8fe5e49ad8da2df3,75b0d63f253fbf64d5143b5665d37827bd944a08ede4d26fd1a86e535f9e0817,47101690809176995901478193927015098007845/3571635624674068950492529570973285875712,13.18770887035132,431951975413963915311335893746784849534447/32693691784325790809942038454655355191296,13.212089300390755,431951975413963915311335893746784849534447/32693691784325790809942038454655355191296,13.212089300390755,2319168145079838431634317204326474241300014709/87847949824483399906314257327658939399012352,26.399798170742073,526155357032317907114292281600815045550137/1329227995784915872903807060280344576,395835.295901679,526155357032317907114292281600815045550137/39836963033673928710927097596601926942720,13.20771758097027,2141770794803649248801888668747540098103469/87847949824483399906314257327658939399012352,0.024380430039435404,1160654957937321040441559546497610890699059089/1158513187142517391192757657828863350600955620,1.0018487237077434,defined,1
record,credit,10001,0,5378,24592,29970,study://Round_Budgets/runs/round-budget-20260926T064431Z/credit_s10001_T0/gate_fresh.json,50474cf2c86753bd695cae59e5048aa06cc87b64409e42d506ec625d18390ea1,738fb12cd08ef16c92202e0e116105a8cb73a10b2550b22484f62aef72eac26a,183738950547/11278483456,16.291104319460022,3595096307125/206292647936,17.427166421560205,3595096307125/206292647936,17.427166421560205,18704230513562773/554720930299904,33.71827074102023,4330052109313/8388608,516182.4356690645,4330052109313/251406581760,17.22330449346228,630197426155477/554720930299904,1.136062102100181,9667213969859125/9037016543703648,1.0697351192296483,defined,1
record,credit,10001,1,5378,24592,29970,study://Round_Budgets/runs/round-budget-20260926T064431Z/credit_s10001_T1/gate_fresh.json,c0d8fa215b560e9750d837f2c87c3c04085b3cb8933f4bdc463221c7a7ceacea,738fb12cd08ef16c92202e0e116105a8cb73a10b2550b22484f62aef72eac26a,46947408923735616939200865638314207144997/3574294080665638782238337185093846564864,13.134735940639956,434261523778429647961204985016427582466655/32688374872342651146450423226414233812992,13.28489181473058,434261523778429647961204985016427582466655/32688374872342651146450423226414233812992,13.28489181473058,2322259917692703615136507892486596751362601519/87899040031729388932805188055827874723135488,26.419627755370538,528156341625900881839606716293055996756649/1329227995784915872903807060280344576,397340.6693966161,528156341625900881839606716293055996756649/39836963033673928710927097596601926942720,13.257946926814018,13198557187691031598852516931750787143069071/87899040031729388932805188055827874723135488,0.15015587409062348,1167729237440197323367680204709173769252835295/1154530680252506291768827687777422982109766224,1.0114319674768664,defined,1
record,credit,10001,2,5378,24592,29970,study://Round_Budgets/runs/round-budget-20260926T064431Z/credit_s10001_T2/gate_fresh.json,f3dc130e2c01848bc33f1cbd3e20bba3644e97fd5fc4059589a70234b7eeeb82,738fb12cd08ef16c92202e0e116105a8cb73a10b2550b22484f62aef72eac26a,23454118147172303512890790258394338108122013/1830038569300807056506028638768049441210368,12.816187888396959,107735762647209287193498696266258772235764989/8368223967319718693491308345962043856125952,12.874388050313652,107735762647209287193498696266258772235764989/8368223967319718693491308345962043856125952,12.874388050313652,578093302495976417257823151277186619919440327269/22502154248122723566798128142291935929122684928,25.690575938710612,65594940397190795353194743262326555171943501/170141183460469231731687303715884105728,385532.4093971122,7288326710798977261466082584702950574660389/566570140923362541666518721373894072074240,12.863944257494568,1309629020715129268812837242753057164503783573/22502154248122723566798128142291935929122684928,0.058200161916692354,289701465758345773263317994259969838541972055421/288391836737630643994505157017216781377468271848,1.0045411445605743,defined,1
record,credit,10002,0,5380,24590,29970,study://Round_Budgets/runs/round-budget-20260926T064431Z/credit_s10002_T0/gate_fresh.json,ab09a1a11bc0edb3d38d8ff8f934a7cab3afd3063706f3912b0d2935b0e3aae9,1fdc056845115882934cb0bbf641f1543bc40d049df488dc7d8a75e686772ea8,806888419807/45130711040,17.878921054264868,1627843529839/82510348288,19.7289620467612,1627843529839/82510348288,19.7289620467612,1043397042984717/27744104611840,37.60788310102607,9752994488809/16777216,581323.7720018029,9752994488809/502813163520,19.396855922649415,102655461664021/55488209223680,1.8500409924963308,2189449547633455/1984138624305413,1.1034760982992886,defined,1
record,credit,10002,1,5380,24590,29970,study://Round_Budgets/runs/round-budget-20260926T064431Z/credit_s10002_T1/gate_fresh.json,5b4f702ebc3c0ae5331825f01bf5840ffbb2e1f0dccabccec04cad8495176ac0,1fdc056845115882934cb0bbf641f1543bc40d049df488dc7d8a75e686772ea8,94815506832873758209921105467492523612513/7151246617322847396222481984308253818880,13.258598382441054,107693803973684061382950317310564221413229/8171429104087770328676153903073418280960,13.179310816000358,94815506832873758209921105467492523612513/7151246617322847396222481984308253818880,13.258598382441054,92981679490680934306861016239379664008887655/3516983086399376349462216639882799228125184,26.43790919844141,525590722727610003741722374709749409265429/1329227995784915872903807060280344576,395410.5122629817,175196907575870001247240791569916469755143/13278987677891309570309032532200642314240,13.193543952718773,1394265150668471342086915492229911081900659/17584915431996881747311083199413996140625920,0.0792875664406959,233151331302036571438195998344564115563169467/231757066151368100096109082852334204481268808,1.0060160631726234,defined,0
record,credit,10002,2,5380,24590,29970,study://Round_Budgets/runs/round-budget-20260926T064431Z/credit_s10002_T2/gate_fresh.json,510cef8c091ea238e5a2aca8e6d6a619985fb4f25026fd6237c2c7d89eabdaa0,1fdc056845115882934cb0bbf641f1543bc40d049df488dc7d8a75e686772ea8,734585106846018374612724025843220577102649/57209972938582779169779855874466030551040,12.840158264619793,2677836796680584836812453565704489126968771/209188585064646920414109539918679507992576,12.801065583253672,734585106846018374612724025843220577102649/57209972938582779169779855874466030551040,12.840158264619793,7214380047004104971858126804969496673963824777/281358646911950107956977331190623938250014720,25.641223847873466,16327524410786997682513163931895327943254451/42535295865117307932921825928971026432,383858.25415586226,16327524410786997682513163931895327943254451/1274782817077565718749667123091261662167040,12.808083221750493,10999063933331760832626713224420922417830787/281358646911950107956977331190623938250014720,0.039092681366120825,3612689555468718366345376759096958798190827782/3601690491535386605512750045872537875772996995,1.0030538615017535,defined,0
record,credit,10003,0,5379,24591,29970,study://Round_Budgets/runs/round-budget-20260926T064431Z/credit_s10003_T0/gate_fresh.json,568f8f7f0691e6e386b473e3ca24d2a404c8cb2a9fd3599568335634f8a36d01,87d06f2d956350a90cc26351810f290bdad49f6b0a0b92bf980c5c3aa30020b9,1371512610631/90244644864,15.19771741246131,7398857842331/412568518656,17.9336461890835,7398857842331/412568518656,17.9336461890835,12254220490320895/369867676975104,33.13136360154481,4385185226481/8388608,522754.8153973818,1461728408827/83802193920,17.44260311636242,84327635081549/30822306414592,2.735928776622191,13266152111299483/11242288869342307,1.1800223482494072,defined,1
record,credit,10003,1,5379,24591,29970,study://Round_Budgets/runs/round-budget-20260926T064431Z/credit_s10003_T1/gate_fresh.json,43f2b0d5ca938b1b02562b96304b9e1104a0748a4341bb275e8ced6d8d754ff3,87d06f2d956350a90cc26351810f290bdad49f6b0a0b92bf980c5c3aa30020b9,986614102879700910012397035889391837151/74478306138823567503641439346333057024,13.246999751051066,13815619964246543829712987978795112144773/1021470176385839569705547481854811045888,13.52523087177043,13815619964246543829712987978795112144773/1021470176385839569705547481854811045888,13.52523087177043,24516616999904389082395121477767835371479115/915748013129905174241023317482838102638592,26.772230622821496,8387731136442823279875089543231643828113/20769187434139310514121985316880384,403854.56402861036,8387731136442823279875089543231643828113/622452547401155136108235899946905108480,13.475294095048726,127394797994832002140132984105900352049437/457874006564952587120511658741419051319296,0.27823112071936357,24771406595894053086675387445979636075577989/24261827403914725078114855509556034667380241,1.0210033310144275,defined,1
record,credit,10003,2,5379,24591,29970,study://Round_Budgets/runs/round-budget-20260926T064431Z/credit_s10003_T2/gate_fresh.json,ee79bdf86e8bcd5201687df8ae40365fabdf49ceaa6bd75f199145ded62adcf9,87d06f2d956350a90cc26351810f290bdad49f6b0a0b92bf980c5c3aa30020b9,123345142671306482134731357453557194205325/9533223185769416640466104236330631299072,12.938451168900377,3395130079327666316590254226234766895965299/261496365154774929844620155354831627747328,12.983469492274399,3395130079327666316590254226234766895965299/261496365154774929844620155354831627747328,12.983469492274399,12153829039094701109996683449919786969872075257/468862982722511449211403938551213108550959104,25.921920661174774,4135200935355505209398642370956110061197249/10633823966279326983230456482242756608,388872.42712203483,4135200935355505209398642370956110061197249/318695704269391429687416780772815415541760,12.97538962702819,21107425374310301295968205358087119059486957/468862982722511449211403938551213108550959104,0.045018323374021556,6087468232234505705646325827638937044465781107/6066360806860195404350357622280849925406294150,1.003479421360899,defined,1
record,credit,10004,0,5380,24590,29970,study://Round_Budgets/runs/round-budget-20260926T064431Z/credit_s10004_T0/gate_fresh.json,408e66610d5a94ad068bb24aa6f5a4197ebf7fcbad89a8f8d462dcc03cb0af93,b7803be9c9df2af9ca058b0d6ef62e5048d400eb01fe0289fd5585e74298ed48,1400734011621/90261422080,15.518634421464236,1483129572161/82510348288,17.975073465744913,1483129572161/82510348288,17.975073465744913,7434023483689129/221952836894720,33.49370788720915,4408190936213/8388608,525497.309710145,4408190936213/251406581760,17.534111101439606,545213614537051/221952836894720,2.456439044280677,3989618549113090/3444404934576039,1.15828963925351,defined,1
record,credit,10004,1,5380,24590,29970,study://Round_Budgets/runs/round-budget-20260926T064431Z/credit_s10004_T1/gate_fresh.json,a7532e2e4dcd8bc453e1d5f7e9bc41a410fb989364539df658714b99fb516448,b7803be9c9df2af9ca058b0d6ef62e5048d400eb01fe0289fd5585e74298ed48,768572547020979517272986614582596915585179/57209972938582779169779855874466030551040,13.434240702159975,6978396930173777475493676078311833183736257/522971462661617301035273849796698769981440,13.343743260211255,768572547020979517272986614582596915585179/57209972938582779169779855874466030551040,13.434240702159975,1883554333670667386941036475162244470924504147/70339661727987526989244332797655984562503680,26.77798396237123,8515542024215736510039649307477027014906615/21267647932558653966460912964485513216,400398.86174621544,1703108404843147302007929861495405402981323/127478281707756571874966712309126166216704,13.359988713587434,3182779726960623016618805048180672249725507/35169830863993763494622166398827992281251840,0.09049744194872132,1889919893124588632974274085258605815423955161/1877188774216746140907798865065883126425053133,1.0067820131265992,defined,0
record,credit,10004,2,5380,24590,29970,study://Round_Budgets/runs/round-budget-20260926T064431Z/credit_s10004_T2/gate_fresh.json,3c7a69cf5abbbb6b06c232db8c84755abbcd4954c6e374652a89a184d26aca72,b7803be9c9df2af9ca058b0d6ef62e5048d400eb01fe0289fd5585e74298ed48,1469217837854282689144568480490514675089339/114419945877165558339559711748932061102080,12.840574487175054,677500474062570941480653571380219709810399/52297146266161730103527384979669876998144,12.954826839202504,677500474062570941480653571380219709810399/52297146266161730103527384979669876998144,12.954826839202504,7257759213740312797772410107551757624824631221/281358646911950107956977331190623938250014720,25.795401326377558,8244222578479992103951104194292711773193329/21267647932558653966460912964485513216,387641.48271699133,8244222578479992103951104194292711773193329/637391408538782859374833561545630831083520,12.934317074307351,32145887172950532559422320499406452735262019/281358646911950107956977331190623938250014720,0.11425235202744786,3644952550456631665165916214025582038779946620/3612806663283681132606493893526175586044684601,1.0088977601540774,defined,1
client,adult,10000,0,9685,20177,29862,study://Client_Deletion/runs/client-c0-20260926-v1/quality/adult_k10_seed10000/quality.json,46da08719795921ec88522cf4c4029e927f3890188a4ce3a7c0f42a9f076524c,f70e2f6251dbc391a401bb3a64bfcd75744639fdb1563511f936278ae852f575,351573533373/3124756480,112.51229835772675,17632415235535/169256943616,104.17543209062292,351573533373/3124756480,112.51229835772675,27323547716207617/126096422993920,216.68773044834967,26773327103233/8388608,3191629.302887082,26773327103233/250500612096,106.87928815508279,1051249015260467/126096422993920,8.336866267103828,14187398365734042/13136149350473575,1.0800271820312828,defined,0
client,adult,10000,1,9685,20177,29862,study://Client_Deletion/runs/client-c0-20260926-v1/quality/adult_k10_seed10000/quality.json,46da08719795921ec88522cf4c4029e927f3890188a4ce3a7c0f42a9f076524c,f70e2f6251dbc391a401bb3a64bfcd75744639fdb1563511f936278ae852f575,2484864885768852287336244374345894058747229/25747146278353820458146742757630274437120,96.51030288579716,163763997341907137298754761904479942613229811/1716469329340943844325127363537696800636928,95.4074707555573,2484864885768852287336244374345894058747229/25747146278353820458146742757630274437120,96.51030288579716,3190442115861430867989108756762555585756101584591/16624005454667041132288858515862593514168647680,191.91777364135444,243279673686510410493514581883548552493141139/85070591730234615865843651857942052864,2859738.820883825,243279673686510410493514581883548552493141139/2540378010248266098985823131781865582624768,95.76514703917437,18333487348689618512229018672779097337840145521/16624005454667041132288858515862593514168647680,1.1028321302398667,1604387801605060243250668887717667341546970865056/1586054314256370624738439869044888244209130719535,1.0115591800254868,defined,0
client,adult,10000,2,9685,20177,29862,study://Client_Deletion/runs/client-c0-20260926-v1/quality/adult_k10_seed10000/quality.json,46da08719795921ec88522cf4c4029e927f3890188a4ce3a7c0f42a9f076524c,f70e2f6251dbc391a401bb3a64bfcd75744639fdb1563511f936278ae852f575,501896470267947458697098690300832570808982353/5273015557806862429828452916762680204722176,95.1820575467247,2607081489366099265920780034060203515795527185/27463509269455101509202037816603148810190848,94.92892782881515,501896470267947458697098690300832570808982353/5273015557806862429828452916762680204722176,95.1820575467247,20226598770400644430308462126149127201404709251171/106393634909869063246648694501520598490679345152,190.11098537553985,7723645330071935825327053519624569885635966135/2722258935367507707706996859454145691648,2837219.204142032,7723645330071935825327053519624569885635966135/81292096327944515167546340217019698643992576,95.01102418264122,26931390792107317954258422250670361020964621791/106393634909869063246648694501520598490679345152,0.2531297179095548,10126765080596375874131360274199898781212836936481/10099833689804268556177101851949228420191872314690,1.002666518243691,defined,0
client,adult,10001,0,9685,20177,29862,study://Client_Deletion/runs/client-c0-20260926-v1/quality/adult_k10_seed10001/quality.json,dbff76a69efeed63c647b3ffa6d913edb1db8182074d793283be7af75cd37b3f,f70e2f6251dbc391a401bb3a64bfcd75744639fdb1563511f936278ae852f575,19032484747429/162487336960,117.13211074481629,4314000610885/42314235904,101.95151864900375,19032484747429/162487336960,117.13211074481629,718267212080244733/3278506997841920,219.08362939382002,53544489634509/16777216,3191500.2843444943,17848163211503/167000408064,106.8749676627317,49769677417505133/3278506997841920,15.180592095812534,384018444748874933/334248767331369800,1.1489001075901175,defined,0
client,adult,10001,1,9685,20177,29862,study://Client_Deletion/runs/client-c0-20260926-v1/quality/adult_k10_seed10001/quality.json,dbff76a69efeed63c647b3ffa6d913edb1db8182074d793283be7af75cd37b3f,f70e2f6251dbc391a401bb3a64bfcd75744639fdb1563511f936278ae852f575,20148598442730137444971316826143904519036789/205977170226830563665173942061042195496960,97.81957107451116,326632600854079067871689050115768439331051815/3432938658681887688650254727075393601273856,95.14664645347699,20148598442730137444971316826143904519036789/205977170226830563665173942061042195496960,97.81957107451116,6415742905503483638154798527180061826766079161499/33248010909334082264577717031725187028337295360,192.96621752798816,487821388395920167431459584724919675483346127/170141183460469231731687303715884105728,2867156.431348446,162607129465306722477153194908306558494448709/1693585340165510732657215421187910388416512,96.01354334433212,88869426959972093480181626437627156923605504949/33248010909334082264577717031725187028337295360,2.67292462103418,1084102055410575955272496692269614830614947444408/1054478913090585257445769483457072444973745609425,1.0280926834593287,defined,0
client,adult,10001,2,9685,20177,29862,study://Client_Deletion/runs/client-c0-20260926-v1/quality/adult_k10_seed10001/quality.json,dbff76a69efeed63c647b3ffa6d913edb1db8182074d793283be7af75cd37b3f,f70e2f6251dbc391a401bb3a64bfcd75744639fdb1563511f936278ae852f575,323322212791358900314022934284131793706745521023/3374729956996391955090209866728115331022192640,95.80683992834943,667144322480962031991030431737750387720490558855/7030658372980505986355721681050406095408857088,94.89073243053049,323322212791358900314022934284131793706745521023/3374729956996391955090209866728115331022192640,95.80683992834943,6492482525359682905734585238215519853346977720095873/34045963171158100238927582240486591517017390448640,190.69757235887994,495233267636160466152526683010941090713618039939/174224571863520493293247799005065324265472,2842499.552956878,495233267636160466152526683010941090713618039939/5202694164988448970722965773889260713215524864,95.18784920490516,15594881065782812950727753417703674137013328792599/17022981585579050119463791120243295758508695224320,0.9161074978189457,6523672287491248531636040745050927201621004377681071/6461292763228117279833129731380112505072951062510675,1.0096543410968992,defined,0
client,adult,10002,0,9685,20177,29862,study://Client_Deletion/runs/client-c0-20260926-v1/quality/adult_k10_seed10002/quality.json,2800a9ab89a9e5aa2c651b128bbc08df27ba7c63e53df23b09703f0d0553ca95,f70e2f6251dbc391a401bb3a64bfcd75744639fdb1563511f936278ae852f575,19079500517639/162487336960,117.42146110952547,2159697182891/21157117952,102.07898768588385,19079500517639/162487336960,117.42146110952547,719633757405191463/3278506997841920,219.5004487954093,53634655443895/16777216,3196874.5853838325,53634655443895/501001224192,107.05493889839369,50300406483612743/3278506997841920,15.342473423641623,384967081944402103/334666675460789360,1.1503000154238725,defined,0
client,adult,10002,1,9685,20177,29862,study://Client_Deletion/runs/client-c0-20260926-v1/quality/adult_k10_seed10002/quality.json,2800a9ab89a9e5aa2c651b128bbc08df27ba7c63e53df23b09703f0d0553ca95,f70e2f6251dbc391a401bb3a64bfcd75744639fdb1563511f936278ae852f575,526166062390452021460908003210100804152040133/5273015557806862429828452916762680204722176,99.78465957898548,10546222742122576812517916211043695045810046765/109854037077820406036808151266412595240763392,96.0021408648974,526166062390452021460908003210100804152040133/5273015557806862429828452916762680204722176,99.78465957898548,41660938733195732159880685262332045154485488110887/212787269819738126493297389003041196981358690304,195.7868004438829,15807883366027097027126996243144703087330448095/5444517870735015415413993718908291383296,2903449.624253509,752756350763195096529856963959271575587164195/7742104412185191920718699068287590347046912,97.22890711451039,804871830212869588186277860748770547017366943277/212787269819738126493297389003041196981358690304,3.782518714088082,3033272183100614410576211651648629692964489646726/2918290493070204469406743385827376757676294369115,1.0394003579504667,defined,0
client,adult,10002,2,9685,20177,29862,study://Client_Deletion/runs/client-c0-20260926-v1/quality/adult_k10_seed10002/quality.json,2800a9ab89a9e5aa2c651b128bbc08df27ba7c63e53df23b09703f0d0553ca95,f70e2f6251dbc391a401bb3a64bfcd75744639fdb1563511f936278ae852f575,10255164201646317855886138454705218059240454763/105460311156137248596569058335253604094443520,97.24193006090444,42604598385503046507232125523322375576965951437/439416148311281624147232605065650380963053568,96.9572887779309,10255164201646317855886138454705218059240454763/105460311156137248596569058335253604094443520,97.24193006090444,826462431556832516178972366894551577025504551173447/4255745396394762529865947780060823939627173806080,194.19921883883532,63114926788795682219004402432732811695446860963/21778071482940061661655974875633165533184,2898095.308312171,63114926788795682219004402432732811695446860963/650336770623556121340370721736157589151940608,97.04960512732474,1211360829638505333886095507797162099674071838757/4255745396394762529865947780060823939627173806080,0.2846412829735314,413836896193235510756429231201174369562589311506102/412625535363597005422543135693377207462915239667345,1.0029357388862787,defined,0
client,adult,10003,0,9685,20177,29862,study://Client_Deletion/runs/client-c0-20260926-v1/quality/adult_k10_seed10003/quality.json,6774449fed21666760b9608aed6f5aa11627d4bba2ddbdd97f671907eeef71f3,f70e2f6251dbc391a401bb3a64bfcd75744639fdb1563511f936278ae852f575,19379709313183/162487336960,119.26904382680456,8679456170935/84628471808,102.55952855472127,19379709313183/162487336960,119.26904382680456,727266526874115291/3278506997841920,221.82857238152582,54097533996923/16777216,3224464.297111213,54097533996923/501001224192,107.97884592831068,54782262750071491/3278506997841920,16.709515272083287,391024394812093391/336242132062021900,1.162925039804252,defined,0
client,adult,10003,1,9685,20177,29862,study://Client_Deletion/runs/client-c0-20260926-v1/quality/adult_k10_seed10003/quality.json,6774449fed21666760b9608aed6f5aa11627d4bba2ddbdd97f671907eeef71f3,f70e2f6251dbc391a401bb3a64bfcd75744639fdb1563511f936278ae852f575,263696092565550110256380552473160460377069375/2636507778903431214914226458381340102361088,100.0171873853624,2599207791838318673201660983230980490131049677/27463509269455101509202037816603148810190848,94.64223112700154,263696092565550110256380552473160460377069375/2636507778903431214914226458381340102361088,100.0171873853624,2588815388121481961158651932942341954602993000931/13299204363733632905831086812690074811334918144,194.65941851236394,489711031833258653060445468199597849002049569/170141183460469231731687303715884105728,2878262.7572767446,163237010611086217686815156066532616334016523/1693585340165510732657215421187910388416512,96.38546504844768,142965283452140652325686541366274699822142777513/26598408727467265811662173625380149622669836288,5.374956258360873,5320596059695104574642990407250958609028128779375/5034665492790823269991617324518409209383843224349,1.0567923663078922,defined,0
client,adult,10003,2,9685,20177,29862,study://Client_Deletion/runs/client-c0-20260926-v1/quality/adult_k10_seed10003/quality.json,6774449fed21666760b9608aed6f5aa11627d4bba2ddbdd97f671907eeef71f3,f70e2f6251dbc391a401bb3a64bfcd75744639fdb1563511f936278ae852f575,4049708264562604925835946115480998661456995/41195434045366112733034788412208439099392,98.30478445992095,40866265252740736087313156679433453395059951/429117332335235961081281840884424200159232,95.23331306696114,4049708264562604925835946115480998661456995/41195434045366112733034788412208439099392,98.30478445992095,80434459724319242694858734630061354609224456601/415600136366676028307221462896564837854216192,193.5380975268821,30557403287776880358246443628419223351172463/10633823966279326983230456482242756608,2873604.3952464093,30557403287776880358246443628419223351172463/317547251281033262373227891472733197828096,96.22946873104311,638251964880218446866575070999377691496665757/207800068183338014153610731448282418927108096,3.071471392959799,81710963654079679588591884772060109992217788115/79157955794558805801125584488062599226231125087,1.032252069092673,defined,0
client,adult,10004,0,9685,20177,29862,study://Client_Deletion/runs/client-c0-20260926-v1/quality/adult_k10_seed10004/quality.json,b44d3eb6e3aacdf6abde5f63b81c1760434c79d7da5626b8b728e0d70186cd90,f70e2f6251dbc391a401bb3a64bfcd75744639fdb1563511f936278ae852f575,4973395372947/40621834240,122.43158060178722,5223621716679/42314235904,123.44832903352052,5223621716679/42314235904,123.44832903352052,201529751092023849/819626749460480,245.87990963530774,15420638806305/4194304,3676566.793037653,5140212935435/41750102016,123.1185718651682,833354212120611/819626749460480,1.0167484317333069,33727184217357410/33449399479983873,1.008304625544616,defined,1
client,adult,10004,1,9685,20177,29862,study://Client_Deletion/runs/client-c0-20260926-v1/quality/adult_k10_seed10004/quality.json,b44d3eb6e3aacdf6abde5f63b81c1760434c79d7da5626b8b728e0d70186cd90,f70e2f6251dbc391a401bb3a64bfcd75744639fdb1563511f936278ae852f575,156453426013288821129702619779602490383293211/1647817361814644509321391536488337563975680,94.94585361146811,651840297188055635577724407912985394308415639/6865877317363775377300509454150787202547712,94.93911222962785,156453426013288821129702619779602490383293211/1647817361814644509321391536488337563975680,94.94585361146811,12626594831606575918438280409223342440804419700409/66496021818668164529155434063450374056674590720,189.88496584109595,964747149214633277837129647472190375075002061/340282366920938463463374607431768211456,2835137.0596842696,321582383071544425945709882490730125025000687/3387170680331021465314430842375820776833024,94.94129862983958,448275073938257297758627948815353050408772979/66496021818668164529155434063450374056674590720,0.0067413818402653385,6313521553340257087868019518586078896927414236694/6313073278266318830570260890637263543877005463715,1.0000710074244634,defined,0
client,adult,10004,2,9685,20177,29862,study://Client_Deletion/runs/client-c0-20260926-v1/quality/adult_k10_seed10004/quality.json,b44d3eb6e3aacdf6abde5f63b81c1760434c79d7da5626b8b728e0d70186cd90,f70e2f6251dbc391a401bb3a64bfcd75744639fdb1563511f936278ae852f575,307983026813438285725060286697973700509784687/3295634723629289018642783072976675127951360,93.45180902641864,640070539461801867787983531769573835305152141/6865877317363775377300509454150787202547712,93.22487278400185,307983026813438285725060286697973700509784687/3295634723629289018642783072976675127951360,93.45180902641864,775828544168893461287572619368333621882270257199/4156001363666760283072214628965648378542161920,186.6766818104205,237013391568810038378260954616886883953734207/85070591730234615865843651857942052864,2786079.02858367,237013391568810038378260954616886883953734207/2540378010248266098985823131781865582624768,93.29847393288024,7545178663596600773960449758346380127763572007/33248010909334082264577717031725187028337295360,0.22693624241678648,6214173532014744291074541404705015355185925629599/6199083174687551089526620505188322594930398485585,1.0024342885717055,defined,0
client,bank,10000,0,17098,25854,42952,study://Client_Deletion/runs/client-c0-20260926-v1/quality/bank_k10_seed10000/quality.json,af4bacec07c6b1f9f249d6bcf450f7a79e25968de4ebe6ff0dfc3aa778fbe7f6,8e731c66d4b1a1dca6c1d9a484a0fcbf09515aec1e31574b8bae98e07adbd19f,12870268746301/286856839168,44.866522212368885,3058036176677/72293023744,42.300570903023036,12870268746301/286856839168,44.866522212368885,107744290576634355/1236066119974912,87.16709311539192,31218485806363/16777216,1860766.7569138408,31218485806363/720614981632,43.32200495701809,3171685478987663/1236066119974912,2.5659513093458446,55457988027811009/52286302548823346,1.0606599687561773,defined,0
client,bank,10000,1,17098,25854,42952,study://Client_Deletion/runs/client-c0-20260926-v1/quality/bank_k10_seed10000/quality.json,af4bacec07c6b1f9f249d6bcf450f7a79e25968de4ebe6ff0dfc3aa778fbe7f6,8e731c66d4b1a1dca6c1d9a484a0fcbf09515aec1e31574b8bae98e07adbd19f,97162019811591697034545501759991297617664171/2909073954807102924148389518934186439737344,33.39963896450147,293099462407215543056136832977642911673670753/8797660314373943034382087100540935338983424,33.3156148264032,97162019811591697034545501759991297617664171/2909073954807102924148389518934186439737344,33.39963896450147,5017734164328177412718053187628684260505300744431/75211198027582839000932462622524456212969291776,66.71525379090467,487423502030398937125227836497625506908999095/340282366920938463463374607431768211456,1432408.9327368743,69631928861485562446461119499660786701285585/2087972603426878411811266591201329745494016,33.34906250551486,6319556089606057544225617376945756708878209637/75211198027582839000932462622524456212969291776,0.08402413809827139,2512026860208891735131139402502815008607089477034/2505707304119285677586913785125869251898211267397,1.0025220647596058,defined,0
client,bank,10000,2,17098,25854,42952,study://Client_Deletion/runs/client-c0-20260926-v1/quality/bank_k10_seed10000/quality.json,af4bacec07c6b1f9f249d6bcf450f7a79e25968de4ebe6ff0dfc3aa778fbe7f6,8e731c66d4b1a1dca6c1d9a484a0fcbf09515aec1e31574b8bae98e07adbd19f,379092980638938609313982283605942123290470143/11636295819228411696593558075736745758949376,32.578492892257515,381461034906125146296602030285692126178148027/11730213752498590712509449467387913785311232,32.51952973362247,379092980638938609313982283605942123290470143/11636295819228411696593558075736745758949376,32.578492892257515,6528133694558836810757550077028391205214259175197/100281597370110452001243283496699274950625722368,65.09802262587998,1902569065996252657517770658068960625115384367/1361129467683753853853498429727072845824,1397786.9932048942,146351466615096358270597742928381586547337259/4497171761227122733131958811818248682602496,32.543001331833075,5912919733909059378248563203627231820284209551/100281597370110452001243283496699274950625722368,0.058963158635040265,3267023307146372935067899320116009218517271692374/3261110387412463875689650756912381986696987482823,1.0018131614792103,defined,0
client,bank,10001,0,17098,25854,42952,study://Client_Deletion/runs/client-c0-20260926-v1/quality/bank_k10_seed10001/quality.json,b2efe9ce32cdd2a72c460403f65cae4fe3a2556205c84804267cb8467add8a31,8e731c66d4b1a1dca6c1d9a484a0fcbf09515aec1e31574b8bae98e07adbd19f,13544613204873/286856839168,47.21732709653295,18036049229683/433758142464,41.58088912689382,13544613204873/286856839168,47.21732709653295,164640699881976619/1854099179962368,88.79821622342678,7895165608639/4194304,1882354.1661832333,7895165608639/180153745408,43.82459876567408,2612628754354163/463524794990592,5.636437969639123,175091214899393271/154190184864559967,1.135553570113381,defined,0
client,bank,10001,1,17098,25854,42952,study://Client_Deletion/runs/client-c0-20260926-v1/quality/bank_k10_seed10001/quality.json,b2efe9ce32cdd2a72c460403f65cae4fe3a2556205c84804267cb8467add8a31,8e731c66d4b1a1dca6c1d9a484a0fcbf09515aec1e31574b8bae98e07adbd19f,195552319793448788885729963923173229804217501/5818147909614205848296779037868372879474688,33.6107508491333,294165242004537559174078369998976183199860889/8797660314373943034382087100540935338983424,33.43675835311799,195552319793448788885729963923173229804217501/5818147909614205848296779037868372879474688,33.6107508491333,78792554560417251364141050449314183310230162117/1175174969180981859389569728476944628327645184,67.04750920225129,244858780898993174029904166961074706502039195/170141183460469231731687303715884105728,1439150.5684799936,4150148828796494475083121473916520449187105/123862781559221600700668357105163628969984,33.50601994039843,6543092036560450273317629256806475751754447683/37605599013791419500466231311262228106484645888,0.17399249601531003,2527904837969912493925831243634860341679119635427/2514818653896791593379195985121247390175610740061,1.005203629316509,defined,0
client,bank,10001,2,17098,25854,42952,study://Client_Deletion/runs/client-c0-20260926-v1/quality/bank_k10_seed10001/quality.json,b2efe9ce32cdd2a72c460403f65cae4fe3a2556205c84804267cb8467add8a31,8e731c66d4b1a1dca6c1d9a484a0fcbf09515aec1e31574b8bae98e07adbd19f,11780516505182337111579671467457430679290489/363634244350887865518548689866773304967168,32.396609197825605,35578966645327361079784038489928957872389849/1099707539296742879297760887567616917372928,32.353116964242986,11780516505182337111579671467457430679290489/363634244350887865518548689866773304967168,32.396609197825605,608738059575887753553854571170047073633437121707/9401399753447854875116557827815557026621161472,64.74972616206858,59139999655692035302943381424843819230970827/42535295865117307932921825928971026432,1390374.7100579604,59139999655692035302943381424843819230970827/1826976027998518610334858267301163527307264,32.37043001624978,408887874080533811707081069241751931315483505/9401399753447854875116557827815557026621161472,0.04349223358261932,304573473724984143682780826119644412782376302606/304164585850903609871073745050402660851060819101,1.0013442980974812,defined,0
client,bank,10002,0,17098,25854,42952,study://Client_Deletion/runs/client-c0-20260926-v1/quality/bank_k10_seed10002/quality.json,9748f925b01a81f057b18b4769baee5af021a325fe7d2ebe07739336410d100d,8e731c66d4b1a1dca6c1d9a484a0fcbf09515aec1e31574b8bae98e07adbd19f,12543470431065/286856839168,43.727283851575926,6486345632443/144586047488,44.861490753326926,6486345632443/144586047488,44.861490753326926,27375395724803573/309016529993728,88.58877460490285,16001253664197/8388608,1907498.0812307596,16001253664197/360307490816,44.409994441021595,700977362148061/618033059987456,1.1342069017509977,55451768811755207/54049814087459085,1.0259381969756194,defined,1
client,bank,10002,1,17098,25854,42952,study://Client_Deletion/runs/client-c0-20260926-v1/quality/bank_k10_seed10002/quality.json,9748f925b01a81f057b18b4769baee5af021a325fe7d2ebe07739336410d100d,8e731c66d4b1a1dca6c1d9a484a0fcbf09515aec1e31574b8bae98e07adbd19f,388425477015792555879987699561118640183313737/11636295819228411696593558075736745758949376,33.380508973821236,390492189373027089966533189297011077076760399/11730213752498590712509449467387913785311232,33.28943509574584,388425477015792555879987699561118640183313737/11636295819228411696593558075736745758949376,33.380508973821236,6685768487872108838697626230117868139029022436517/100281597370110452001243283496699274950625722368,66.66994406956708,1948327522150666381659574967013270511596908671/1361129467683753853853498429727072845824,1431404.9973998084,1948327522150666381659574967013270511596908671/58463232895952595530715464553637232873832448,33.32568908082996,9133033972091654449841759517572743170573134415/100281597370110452001243283496699274950625722368,0.09107387807539863,3347450760922100246573733994817720441099797785466/3338317726950008592123892235300147697929224651051,1.0027358192715934,defined,0
client,bank,10002,2,17098,25854,42952,study://Client_Deletion/runs/client-c0-20260926-v1/quality/bank_k10_seed10002/quality.json,9748f925b01a81f057b18b4769baee5af021a325fe7d2ebe07739336410d100d,8e731c66d4b1a1dca6c1d9a484a0fcbf09515aec1e31574b8bae98e07adbd19f,2979032297553273771273628306021105686646875/90908561087721966379637172466693326241792,32.76954625515043,374077307224022007440468332950334357579143/11455286867674404992685009245496009555968,32.65542902112981,2979032297553273771273628306021105686646875/90908561087721966379637172466693326241792,32.76954625515043,25628597767989713246852319484214578095537758403/391724989726993953129856576158981542775881728,65.42497527628025,7467959984241537860559248301425117977596591/5316911983139663491615228241121378304,1404567.1637828522,7467959984241537860559248301425117977596591/228372003499814826291857283412645440913408,32.7008559271478,44702572324400113983809257075310711985010347/391724989726993953129856576158981542775881728,0.11411723402061943,4278883390052352226806021456881648134587128125/4263982532610885522144751704523211230592124676,1.0034945868862044,defined,0
client,bank,10003,0,17098,25854,42952,study://Client_Deletion/runs/client-c0-20260926-v1/quality/bank_k10_seed10003/quality.json,c49a36f94b8de84fadc8129adecbddeeaa30b2848f7b718773117c0dc2202dd1,8e731c66d4b1a1dca6c1d9a484a0fcbf09515aec1e31574b8bae98e07adbd19f,14110027359667/286856839168,49.18839446391358,4369423704133/108439535616,40.29364086919146,14110027359667/286856839168,49.18839446391358,331817136664947377/3708198359924736,89.48203533310503,31587722176199/16777216,1882774.9595760703,4512531739457/102944997376,43.83439559452576,32983510691883241/3708198359924736,8.894753594722127,182400323678415309/149416812986532068,1.220748321642065,defined,0
client,bank,10003,1,17098,25854,42952,study://Client_Deletion/runs/client-c0-20260926-v1/quality/bank_k10_seed10003/quality.json,c49a36f94b8de84fadc8129adecbddeeaa30b2848f7b718773117c0dc2202dd1,8e731c66d4b1a1dca6c1d9a484a0fcbf09515aec1e31574b8bae98e07adbd19f,3085462225042003785705503162963327345423765/90908561087721966379637172466693326241792,33.94028228061706,3086672869427002723108475917775029986590863/91642294941395239941480073963968076447744,33.68175001947424,3085462225042003785705503162963327345423765/90908561087721966379637172466693326241792,33.94028228061706,52978479816143434905064386879476686418227294557/783449979453987906259713152317963085551763456,67.6220323000913,15430943058365015740736434079251744650620119/10633823966279326983230456482242756608,1451118.9114374775,15430943058365015740736434079251744650620119/456744006999629652583714566825290881826816,33.78466454268666,202547094680542345355665637359223707496718983/783449979453987906259713152317963085551763456,0.2585322611428289,26590513455411988625210026258417955062862006770/26387966360731446279854360621058731355365287787,1.007675737186855,defined,0
client,bank,10003,2,17098,25854,42952,study://Client_Deletion/runs/client-c0-20260926-v1/quality/bank_k10_seed10003/quality.json,c49a36f94b8de84fadc8129adecbddeeaa30b2848f7b718773117c0dc2202dd1,8e731c66d4b1a1dca6c1d9a484a0fcbf09515aec1e31574b8bae98e07adbd19f,5966058599223647189759844725373142049949701/181817122175443932759274344933386652483584,32.81351353403733,1126095029071629720502169404199381085203005/34365860603023214978055027736488028667904,32.76784021444135,5966058599223647189759844725373142049949701/181817122175443932759274344933386652483584,32.81351353403733,154139130740430987066609882656902678458903702787/2350349938361963718779139456953889256655290368,65.58135374847868,14974818831796684953777199958968190731573741/10633823966279326983230456482242756608,1408225.1953091368,14974818831796684953777199958968190731573741/456744006999629652583714566825290881826816,32.78602149630138,107348283897187377441142872894536100495866867/2350349938361963718779139456953889256655290368,0.04567331959597554,77123239512164087222025512764898607279699784827/77015891228266899844584369892004071179203917960,1.0013938458957647,defined,0
client,bank,10004,0,17098,25854,42952,study://Client_Deletion/runs/client-c0-20260926-v1/quality/bank_k10_seed10004/quality.json,5a639e97f055e46588342dc1c83988f5648196d87e73da77d2e58e86233c0fdf,8e731c66d4b1a1dca6c1d9a484a0fcbf09515aec1e31574b8bae98e07adbd19f,1533502599521/35857104896,42.767050044022604,1175432878477/27109883904,43.35809340384404,1175432878477/27109883904,43.35809340384404,39921139460207713/463524794990592,86.12514344786665,3884368356475/2097152,1852211.1685156822,3884368356475/90076872704,43.12281543387228,273963252191779/463524794990592,0.5910433598214299,20097551356199746/19823588104007967,1.0138200637924064,defined,1
client,bank,10004,1,17098,25854,42952,study://Client_Deletion/runs/client-c0-20260926-v1/quality/bank_k10_seed10004/quality.json,5a639e97f055e46588342dc1c83988f5648196d87e73da77d2e58e86233c0fdf,8e731c66d4b1a1dca6c1d9a484a0fcbf09515aec1e31574b8bae98e07adbd19f,48440307463358006045323189050757812023662399/1454536977403551462074194759467093219868672,33.302905471559264,73439516848219882960510827221871251330516015/2199415078593485758595521775135233834745856,33.39047620569377,73439516848219882960510827221871251330516015/2199415078593485758595521775135233834745856,33.39047620569377,313505571028565180894324981694730890913616311027/4700699876723927437558278913907778513310580736,66.69338167725303,60939912155788944502917008136314531677089207/42535295865117307932921825928971026432,1432690.449574727,60939912155788944502917008136314531677089207/1826976027998518610334858267301163527307264,33.35561672505884,823287478301417640757098530315545797348790181/9401399753447854875116557827815557026621161472,0.0875707341345087,627834429535431779429407061919777327624581412235/626187854578828944147892864859146236029883831873,1.0026295223463098,defined,1
client,bank,10004,2,17098,25854,42952,study://Client_Deletion/runs/client-c0-20260926-v1/quality/bank_k10_seed10004/quality.json,5a639e97f055e46588342dc1c83988f5648196d87e73da77d2e58e86233c0fdf,8e731c66d4b1a1dca6c1d9a484a0fcbf09515aec1e31574b8bae98e07adbd19f,3034234643104197714348263288758835193575521195/93090366553827293572748464605893966071595008,32.59450741715281,765114988629829622953792010598847935136981903/23460427504997181425018898934775827570622464,32.61300283069678,765114988629829622953792010598847935136981903/23460427504997181425018898934775827570622464,32.61300283069678,26156453152728814844390602308480922844089037406749/401126389480441808004973133986797099802502889472,65.20751024784958,7624924574883175452071015352351922804397412613/5444517870735015415413993718908291383296,1400477.4630033132,7624924574883175452071015352351922804397412613/233852931583810382122861858214548931495329792,32.60564031950347,7418998456838942137269285957281145855195748239/401126389480441808004973133986797099802502889472,0.018495413543966492,13081936075592826893263935797219101994972116577494/13074517077135987951126666511261820849116920829255,1.0005674395783086,defined,1
client,credit,10000,0,5332,24369,29701,study://Client_Deletion/runs/client-c0-20260926-v1/quality/credit_k10_seed10000/quality.json,2720660c1294f2edfbd3b7ca20e531e88770df3946fc77b8970fd462cae7efd3,da921b6ebf3f702de3e887683a59137d09d3596196be9f4a6f97ca5e3de0123e,670087797153/44728057856,14.981374762801416,8085069687643/408843976704,19.77544038394023,8085069687643/408843976704,19.77544038394023,37884165316077695/1089978041892864,34.756815146741644,9425245281949/16777216,561788.3969514966,1346463611707/71185727488,18.914797378926522,5225426258434781/1089978041892864,4.794065621138814,21554795787256238/16329369528821457,1.320001715265973,defined,1
client,credit,10000,1,5332,24369,29701,study://Client_Deletion/runs/client-c0-20260926-v1/quality/credit_k10_seed10000/quality.json,2720660c1294f2edfbd3b7ca20e531e88770df3946fc77b8970fd462cae7efd3,da921b6ebf3f702de3e887683a59137d09d3596196be9f4a6f97ca5e3de0123e,23192156578377910476067702360719431783209/1771860918381292858580774811353699319808,13.089151827766152,18124866342388498810903673072594520267457/1349664876220108954449703093832154873856,13.429160572918859,18124866342388498810903673072594520267457/1349664876220108954449703093832154873856,13.429160572918859,381673462561394718116574715922271908507168155/14392826240011241890251633792626099574800384,26.51831240068501,131941354632708903341489740796286553387951/332306998946228968225951765070086144,397046.57154710876,131941354632708903341489740796286553387951/9869850175701946585278993374346628562944,13.368121327467385,4893686789067184522378823370024019757154741/14392826240011241890251633792626099574800384,0.34000874515270757,193283574675230951319476769646147964132161448/188389887886163766797097946276123944375006707,1.025976377203559,defined,1
client,credit,10000,2,5332,24369,29701,study://Client_Deletion/runs/client-c0-20260926-v1/quality/credit_k10_seed10000/quality.json,2720660c1294f2edfbd3b7ca20e531e88770df3946fc77b8970fd462cae7efd3,da921b6ebf3f702de3e887683a59137d09d3596196be9f4a6f97ca5e3de0123e,1463908751108919300970288747327550050448251/113399098776402742949169587926636756467712,12.909350840568978,27030572584646810947422235877577632833078253/2073085249874087354034743952126189886242816,13.0388138096533,27030572584646810947422235877577632833078253/2073085249874087354034743952126189886242816,13.0388138096533,17926436402776863359564701727109012936466684967/690855659520539610732078422046052779590418432,25.948164650222278,32886207589082488151303390866887833034871257/85070591730234615865843651857942052864,386575.512409355,32886207589082488151303390866887833034871257/2526681644979698325831422303832736912113664,13.015572284076464,178880449780472273784436970592958693559941315/1381711319041079221464156844092105559180836864,0.12946296908432148,36031753255334198992913840424810984566493311249/35673992355773254445344966483625067179373428619,1.0100286196171437,defined,1
client,credit,10001,0,5332,24369,29701,study://Client_Deletion/runs/client-c0-20260926-v1/quality/credit_k10_seed10001/quality.json,2d0a081ae5b1abc444980c63ad69beff0ffbd4f33bec66c4f40ff1675fa2195b,da921b6ebf3f702de3e887683a59137d09d3596196be9f4a6f97ca5e3de0123e,389173887937/22364028928,17.401778954495548,2801177970173/136281325568,20.554378661185698,2801177970173/136281325568,20.554378661185698,1723807431488215/45415751745536,37.95615761568124,9960229462267/16777216,593675.9389798045,1422889923181/71185727488,19.9884158439044,286355371264179/90831503491072,3.1525997066901508,3733970234240609/3161259491712251,1.181165369065656,defined,1
client,credit,10001,1,5332,24369,29701,study://Client_Deletion/runs/client-c0-20260926-v1/quality/credit_k10_seed10001/quality.json,2d0a081ae5b1abc444980c63ad69beff0ffbd4f33bec66c4f40ff1675fa2195b,da921b6ebf3f702de3e887683a59137d09d3596196be9f4a6f97ca5e3de0123e,112968468056875274869334092919173749162937593/7257542321689775548746853627304752413933568,15.565664387413836,513993238817876883955635378857400952758551275/33169363997985397664555903234019038179885056,15.49602334398378,112968468056875274869334092919173749162937593/7257542321689775548746853627304752413933568,15.565664387413836,5493540547454913118542250350415006973460221602117/176859048837258140347412076043789511575147118592,31.061687731397615,156740426718688039706242367944143675480372217/340282366920938463463374607431768211456,460618.7153832313,156740426718688039706242367944143675480372217/10106726579918793303325689215330947648454656,15.508525483425855,12316648701074028039354670279683213243030805517/176859048837258140347412076043789511575147118592,0.06964104343005678,2752928598077993573290802510347345093351626203817/2740611949376919545251447840067661880108595398300,1.0044941235492586,defined,0
client,credit,10001,2,5332,24369,29701,study://Client_Deletion/runs/client-c0-20260926-v1/quality/credit_k10_seed10001/quality.json,2d0a081ae5b1abc444980c63ad69beff0ffbd4f33bec66c4f40ff1675fa2195b,da921b6ebf3f702de3e887683a59137d09d3596196be9f4a6f97ca5e3de0123e,5805332388104213503166725705521169182433/442965229595323214645193702838424829952,13.105616423681273,26243042443712443465098534074930408669899/2024497314330163431674554640748232310784,12.962745002403405,5805332388104213503166725705521169182433/442965229595323214645193702838424829952,13.105616423681273,281398047275586327414575322405374310834611245/10794619680008431417688725344469574681100288,26.068361426084678,8012093707954164242066314945112894463083/20769187434139310514121985316880384,385768.2797346371,8012093707954164242066314945112894463083/616865635981371661579937085896664285184,12.988393647844758,1542242655836830302764555030316432778808309/10794619680008431417688725344469574681100288,0.14287142127786626,141470144965711578858669938717845371806709777/139927902309874748555905383687528939027901468,1.01102169496132,defined,0
client,credit,10002,0,5332,24369,29701,study://Client_Deletion/runs/client-c0-20260926-v1/quality/credit_k10_seed10002/quality.json,7adfc4a851a2429d3cf2a4131643c2eec98af40ac0b20b076e3e12e6c54c4650,da921b6ebf3f702de3e887683a59137d09d3596196be9f4a6f97ca5e3de0123e,420684018515/22364028928,18.810743800652983,2907748782879/136281325568,21.336369974095437,2907748782879/136281325568,21.336369974095437,1823311352493763/45415751745536,40.14711377474842,10405982422697/16777216,620244.8858438134,10405982422697/498300092416,20.88296305995803,229406422590181/90831503491072,2.525626173442453,3876029127577707/3417216282397345,1.1342650880904974,defined,1
client,credit,10002,1,5332,24369,29701,study://Client_Deletion/runs/client-c0-20260926-v1/quality/credit_k10_seed10002/quality.json,7adfc4a851a2429d3cf2a4131643c2eec98af40ac0b20b076e3e12e6c54c4650,da921b6ebf3f702de3e887683a59137d09d3596196be9f4a6f97ca5e3de0123e,387970158853865318747697964706951033325805/28349774694100685737292396981659189116928,13.685123181405677,1759507421575038356699094436208987248245979/129567828117130459627171497007886867890176,13.579817205737431,387970158853865318747697964706951033325805/28349774694100685737292396981659189116928,13.685123181405677,18836138372947948470482223235810009738764102073/690855659520539610732078422046052779590418432,27.26494038714311,268434697553612959430849050114492285196473/664613997892457936451903530140172288,403895.64228987054,268434697553612959430849050114492285196473/19739700351403893170557986748693257125888,13.598722005652016,72751229271739434643080168077369723468982017/690855659520539610732078422046052779590418432,0.1053059756682452,9454444801109843952562651701943689731116542045/9381693571838104517919571533866320007647560028,1.0077545944892214,defined,0
client,credit,10002,2,5332,24369,29701,study://Client_Deletion/runs/client-c0-20260926-v1/quality/credit_k10_seed10002/quality.json,7adfc4a851a2429d3cf2a4131643c2eec98af40ac0b20b076e3e12e6c54c4650,da921b6ebf3f702de3e887683a59137d09d3596196be9f4a6f97ca5e3de0123e,5812420142768731078005118907446449095303/442965229595323214645193702838424829952,13.121617125747646,13320720441388328574969749621213401477957/1012248657165081715837277320374116155392,13.159533823136433,13320720441388328574969749621213401477957/1012248657165081715837277320374116155392,13.159533823136433,283695029246096343563384152616182231364372255/10794619680008431417688725344469574681100288,26.28115094888408,32453861025545388227944618149873252051217/83076749736557242056487941267521536,390649.1422504982,32453861025545388227944618149873252051217/2467462543925486646319748343586657140736,13.152726919985799,409296327833928283570667305057195357494641/10794619680008431417688725344469574681100288,0.037916697388787356,142052162786965135923477409960619713360933448/141642866459131207639906742655562518003438807,1.0028896360124993,defined,1
client,credit,10003,0,5332,24369,29701,study://Client_Deletion/runs/client-c0-20260926-v1/quality/credit_k10_seed10003/quality.json,8be9bf4a505802aaab3465d8ae6d520b2be2f2aa600854624b7451f2701e9642,da921b6ebf3f702de3e887683a59137d09d3596196be9f4a6f97ca5e3de0123e,401280634945/22364028928,17.943128057869412,8249178487483/408843976704,20.176837516320667,8249178487483/408843976704,20.176837516320667,2596870339598693/68123627618304,38.11996557419008,9854301027263/16777216,587362.112239778,1407757289609/71185727488,19.77583624254328,608673565420067/272494510473216,2.2337094584512545,10996154923814839/9778807792974705,1.1244882972047678,defined,1
client,credit,10003,1,5332,24369,29701,study://Client_Deletion/runs/client-c0-20260926-v1/quality/credit_k10_seed10003/quality.json,8be9bf4a505802aaab3465d8ae6d520b2be2f2aa600854624b7451f2701e9642,da921b6ebf3f702de3e887683a59137d09d3596196be9f4a6f97ca5e3de0123e,745551848837095938836528205653073032309229/56699549388201371474584793963318378233856,13.149167090069293,852074828297921294621919527239366217914343/64783914058565229813585748503943433945088,13.152567897142463,852074828297921294621919527239366217914343/64783914058565229813585748503943433945088,13.152567897142463,36341404942249256305203655520520939420020709005/1381711319041079221464156844092105559180836864,26.301734987211756,4153851162028781117324206314610537903966601/10633823966279326983230456482242756608,390626.2860097141,4153851162028781117324206314610537903966601/315835205622462290728927787979092114014208,13.151957375499617,4698933626874438188943833401465971333506003/1381711319041079221464156844092105559180836864,0.0034008070731703513,18173051937938065371696299676961202695677107504/18168353004311190933507355843559736724343601501,1.0002586328890548,defined,1
client,credit,10003,2,5332,24369,29701,study://Client_Deletion/runs/client-c0-20260926-v1/quality/credit_k10_seed10003/quality.json,8be9bf4a505802aaab3465d8ae6d520b2be2f2aa600854624b7451f2701e9642,da921b6ebf3f702de3e887683a59137d09d3596196be9f4a6f97ca5e3de0123e,728918634364720490111534771485221463672915/56699549388201371474584793963318378233856,12.8558100060739,1669275195641046703460657332555232856263563/129567828117130459627171497007886867890176,12.883408018015144,1669275195641046703460657332555232856263563/129567828117130459627171497007886867890176,12.883408018015144,35564168887149995669232440640692365027439901467/1381711319041079221464156844092105559180836864,25.739218024089045,4067469025646813897032849436595687176200041/10633823966279326983230456482242756608,382502.9489433971,4067469025646813897032849436595687176200041/315835205622462290728927787979092114014208,12.878453551846642,38132485482248422176458948045641330949370197/1381711319041079221464156844092105559180836864,0.027598011941244522,1369319283562778618900342291874538706091895064/1366386015448759509502153142024873988326558895,1.002146734583679,defined,1
client,credit,10004,0,5332,24369,29701,study://Client_Deletion/runs/client-c0-20260926-v1/quality/credit_k10_seed10004/quality.json,91c408fb80a524d8ecd94b2df0e985eec75691c24ab17a1444633ea70be60ea2,da921b6ebf3f702de3e887683a59137d09d3596196be9f4a6f97ca5e3de0123e,1344201391539/89456115712,15.026377803688646,1279395013915/68140662784,18.77579350777041,1279395013915/68140662784,18.77579350777041,24562416331860857/726652027928576,33.802171311459055,9020571475029/16777216,537667.958440125,9020571475029/498300092416,18.102688745837682,2724520524918263/726652027928576,3.7494157040817635,13643468428389560/10918947903471297,1.249522256998048,defined,1
client,credit,10004,1,5332,24369,29701,study://Client_Deletion/runs/client-c0-20260926-v1/quality/credit_k10_seed10004/quality.json,91c408fb80a524d8ecd94b2df0e985eec75691c24ab17a1444633ea70be60ea2,da921b6ebf3f702de3e887683a59137d09d3596196be9f4a6f97ca5e3de0123e,185566371810237863318228593723032330850753/14174887347050342868646198490829594558464,13.091206107458232,2219907131077072671764236226330448451343/168708109527513619306212886729019359232,13.15827162840113,2219907131077072671764236226330448451343/168708109527513619306212886729019359232,13.15827162840113,3022433375546139953922375034337817369748458747/115142609920089935122013070341008796598403072,26.24947773585936,1038010710143833769275695304633924536166465/2658455991569831745807614120560689152,390456.2322774744,1038010710143833769275695304633924536166465/78958801405615572682231946994773028503552,13.146231853387913,7722099117015626454433300713434122747125509/115142609920089935122013070341008796598403072,0.06706552094289712,1515077737331577790188404167525625746247792128/1507355638214562163733970866812191623500666619,1.0051229443943053,defined,1
client,credit,10004,2,5332,24369,29701,study://Client_Deletion/runs/client-c0-20260926-v1/quality/credit_k10_seed10004/quality.json,91c408fb80a524d8ecd94b2df0e985eec75691c24ab17a1444633ea70be60ea2,da921b6ebf3f702de3e887683a59137d09d3596196be9f4a6f97ca5e3de0123e,364555383151990074555505915902682097684187/28349774694100685737292396981659189116928,12.859198603361406,1665825363778704073820631159723721203434327/129567828117130459627171497007886867890176,12.856782335448143,364555383151990074555505915902682097684187/28349774694100685737292396981659189116928,12.859198603361406,17766030971698896248454729008279341495177784567/690855659520539610732078422046052779590418432,25.715980938809547,1015190373465347074188068537813201650559257/2658455991569831745807614120560689152,381872.1756856588,1015190373465347074188068537813201650559257/78958801405615572682231946994773028503552,12.857216110085815,1669292362796005231518320985578581754121439/690855659520539610732078422046052779590418432,0.002416267913263546,8883850132030846126843123664632460038465953003/8882180839668050121611605343646881456711831564,1.0001879372186773,defined,0
