population,dataset,seed,original_n,removed_n,retained_n,n_group0,n_group1,removed_group0,removed_group1,retained_identity_sha256,removed_identity_sha256
record,adult,10000,30162,30,30132,9774,20358,8,22,ee96b8382cdf1149ca3b9ad3519f2d3b1839ff69a9788a169b003a39867021fd,1da5937884c8d0c7e99f9d83677da3afcd00ede822cb9bfda22d849447282480
record,adult,10001,30162,30,30132,9775,20357,7,23,f9ce01588c5513b4e51aa40d60ee94f817cc35ac74344d194bd891b54a2cd8ac,ca95cdfbb85bf4730d4823e8755cfca3ad68eff1b94669a906e52b6c4860efbf
record,adult,10002,30162,30,30132,9775,20357,7,23,06144fda5836499e2ba09ad2569a4547b4cdfec48dd6a4bca5082cdd53e3c626,8516bfc3a1d04e7ffc5acffed2ee17ff65214e4ad9d9948b03aca11380e84878
record,adult,10003,30162,30,30132,9774,20358,8,22,9cb96b186419ecc4fe863a040129e2bfdcfee2069c1d077b7476423bd4d225a9,60f5d1e9da68ff8e047af3ebe070de1a1afce2bf06f3e67ac2857fc21905183e
record,adult,10004,30162,30,30132,9770,20362,12,18,ae88468f8c4ac1563b057648bd07a40c9d2515ee6480c53e566e35c07e5ee84e,a8d35eab57f80d478e78af7970617836bb179ddf551199d24c4d864dcbff4747
record,bank,10000,45211,45,45166,17978,27188,19,26,76455f81315def06755c3d3b20095ab7ed37e8c420b6d2e7ab2cac7aa67669ae,e4738c8cc3fe8e2fc49014172fcc3d03a8bd0db94cc9db03029e9c9fc38d6f3f
record,bank,10001,45211,45,45166,17980,27186,17,28,08b69632debf53194ab3a3e39ca5a10022f6324ede8178d9ac1b4652cd3ea66f,957ca0c3c6842f018cdbc9ef2049ffc33793ca457b817bf949353fbc0ae361a6
record,bank,10002,45211,45,45166,17978,27188,19,26,a6ab6e56fa7280997db309aec0805110848411a37ba10226b1a6084eba3a9d57,c91a7030048634d64beb7eeeedd67ffa09ff98a69755047eb0a74fc1492a4865
record,bank,10003,45211,45,45166,17980,27186,17,28,4feb8735ef1c36697863b50c164135233d4d1991d64ff4f8f771ab6bf4562f67,d162e30d2325422d8d6453ab787567ec728f9a5188ebffbebc78df7dcf330836
record,bank,10004,45211,45,45166,17983,27183,14,31,257ff84316dd148b25d3471d17d228a03fb4e0a785334a7acebee71a795cb93e,1557b1a75c08770df2e4df54802592671ffff5dad941aaee56d88608690cb54d
record,credit,10000,30000,30,29970,5374,24596,11,19,75b0d63f253fbf64d5143b5665d37827bd944a08ede4d26fd1a86e535f9e0817,1800066eae719c6752b99eb39cfdbca7a412428b88a2f183bec5466aa2882f29
record,credit,10001,30000,30,29970,5378,24592,7,23,738fb12cd08ef16c92202e0e116105a8cb73a10b2550b22484f62aef72eac26a,50d3de4b67940ac5df5d9fd7cfe631747a3ed2821befd3d792300d536323d29e
record,credit,10002,30000,30,29970,5380,24590,5,25,1fdc056845115882934cb0bbf641f1543bc40d049df488dc7d8a75e686772ea8,d8dcefb0130c5cb9cf9ef530f81541d44d181cd867962ab3cac0d78ae72a6c8a
record,credit,10003,30000,30,29970,5379,24591,6,24,87d06f2d956350a90cc26351810f290bdad49f6b0a0b92bf980c5c3aa30020b9,2ab9857a28a2c5dac80e162e06a065cfea2790ddddb5d7efce16e312f7063498
record,credit,10004,30000,30,29970,5380,24590,5,25,b7803be9c9df2af9ca058b0d6ef62e5048d400eb01fe0289fd5585e74298ed48,a0dd27390cd3736d8e12e76667bd959b14ddfe2892c8ed26df02944473adb029
client,adult,10000,30162,300,29862,9685,20177,97,203,f70e2f6251dbc391a401bb3a64bfcd75744639fdb1563511f936278ae852f575,bb9ff9e2f807241ef04b54cb4b7e55cc721ecde19f8310ccc7a52c50b21f4f1e
client,adult,10001,30162,300,29862,9685,20177,97,203,f70e2f6251dbc391a401bb3a64bfcd75744639fdb1563511f936278ae852f575,bb9ff9e2f807241ef04b54cb4b7e55cc721ecde19f8310ccc7a52c50b21f4f1e
client,adult,10002,30162,300,29862,9685,20177,97,203,f70e2f6251dbc391a401bb3a64bfcd75744639fdb1563511f936278ae852f575,bb9ff9e2f807241ef04b54cb4b7e55cc721ecde19f8310ccc7a52c50b21f4f1e
client,adult,10003,30162,300,29862,9685,20177,97,203,f70e2f6251dbc391a401bb3a64bfcd75744639fdb1563511f936278ae852f575,bb9ff9e2f807241ef04b54cb4b7e55cc721ecde19f8310ccc7a52c50b21f4f1e
client,adult,10004,30162,300,29862,9685,20177,97,203,f70e2f6251dbc391a401bb3a64bfcd75744639fdb1563511f936278ae852f575,bb9ff9e2f807241ef04b54cb4b7e55cc721ecde19f8310ccc7a52c50b21f4f1e
client,bank,10000,45211,2259,42952,17098,25854,899,1360,8e731c66d4b1a1dca6c1d9a484a0fcbf09515aec1e31574b8bae98e07adbd19f,f9904bd9232b4a0d19c68b0136fde1aa9ec9668afe18e2d0f36c8f433497684c
client,bank,10001,45211,2259,42952,17098,25854,899,1360,8e731c66d4b1a1dca6c1d9a484a0fcbf09515aec1e31574b8bae98e07adbd19f,f9904bd9232b4a0d19c68b0136fde1aa9ec9668afe18e2d0f36c8f433497684c
client,bank,10002,45211,2259,42952,17098,25854,899,1360,8e731c66d4b1a1dca6c1d9a484a0fcbf09515aec1e31574b8bae98e07adbd19f,f9904bd9232b4a0d19c68b0136fde1aa9ec9668afe18e2d0f36c8f433497684c
client,bank,10003,45211,2259,42952,17098,25854,899,1360,8e731c66d4b1a1dca6c1d9a484a0fcbf09515aec1e31574b8bae98e07adbd19f,f9904bd9232b4a0d19c68b0136fde1aa9ec9668afe18e2d0f36c8f433497684c
client,bank,10004,45211,2259,42952,17098,25854,899,1360,8e731c66d4b1a1dca6c1d9a484a0fcbf09515aec1e31574b8bae98e07adbd19f,f9904bd9232b4a0d19c68b0136fde1aa9ec9668afe18e2d0f36c8f433497684c
client,credit,10000,30000,299,29701,5332,24369,53,246,da921b6ebf3f702de3e887683a59137d09d3596196be9f4a6f97ca5e3de0123e,3de2fb4ba3ac61ece90065ffd4c6269e77e2a9234387bbe6d96321fec99f36c7
client,credit,10001,30000,299,29701,5332,24369,53,246,da921b6ebf3f702de3e887683a59137d09d3596196be9f4a6f97ca5e3de0123e,3de2fb4ba3ac61ece90065ffd4c6269e77e2a9234387bbe6d96321fec99f36c7
client,credit,10002,30000,299,29701,5332,24369,53,246,da921b6ebf3f702de3e887683a59137d09d3596196be9f4a6f97ca5e3de0123e,3de2fb4ba3ac61ece90065ffd4c6269e77e2a9234387bbe6d96321fec99f36c7
client,credit,10003,30000,299,29701,5332,24369,53,246,da921b6ebf3f702de3e887683a59137d09d3596196be9f4a6f97ca5e3de0123e,3de2fb4ba3ac61ece90065ffd4c6269e77e2a9234387bbe6d96321fec99f36c7
client,credit,10004,30000,299,29701,5332,24369,53,246,da921b6ebf3f702de3e887683a59137d09d3596196be9f4a6f97ca5e3de0123e,3de2fb4ba3ac61ece90065ffd4c6269e77e2a9234387bbe6d96321fec99f36c7
