population,dataset,T,metric,seeds,defined_n,undefined_n,mean_exact,mean,sample_variance_exact,sample_variance,min_exact,min,max_exact,max,sample_sd
record,adult,0,Phi_A,5,5,0,104049271331701878569/870023644053504000,119.59361339529657,3350555362376587930195713866296611799/360660190812842331259418758348800000,9.290061525296798,9402226117903/81990254592,114.67492282699168,20063486062439/163913400320,122.4029641461287,3.0479602237064705
record,adult,0,Phi_B,5,5,0,427528063428373983371/4068271907395338240,105.08836999100525,34296889150451138372179682604289925626463/1391925333881426909418365527424929628160,24.639891462290727,17214640749203/170808836096,100.78308091466548,9687653701665/85383446528,113.46056051377715,4.963858525611979
record,adult,0,Phi,5,5,0,104049271331701878569/870023644053504000,119.59361339529657,3350555362376587930195713866296611799/360660190812842331259418758348800000,9.290061525296798,9402226117903/81990254592,114.67492282699168,20063486062439/163913400320,122.4029641461287,3.0479602237064705
record,adult,0,G,5,5,0,24688127488605970342825169473/109880316688138729095168000,224.68198338630182,337807626652305324417682813811438779042474513779361586814601/8807432593102578055200004579312863879179100363109171200000,38.35483531453364,13396243831957009/61820651962368,216.69528558371863,33937004495016473/145151859097600,233.80344355215772,6.193128071865916
record,adult,0,pooled_SSE,5,5,0,55503794966687/16777216,3308283.9826754928,6745822611329057123078605/562949953421312,11982988133.015228,53649564606293/16777216,3197763.240712464,58486521062507/16777216,3486068.3120791316,109466.83576780334
record,adult,0,population_average,5,5,0,55503794966687/505531072512,109.79304336504357,6745822611329057123078605/511123330550266003980288,13.198033054109716,53649564606293/505531072512,106.12515733149024,58486521062507/505531072512,115.69322687107167,3.6329097228130673
record,adult,0,absolute_group_gap,5,5,0,51002903644866108268540096711/3516170134020439331045376000,14.50524340429132,259863920998327754885060922461200664594476047364556082819751/8807432593102578055200004579312863879179100363109171200000,29.505070660641408,998981909355473/145151859097600,6.882322524603411,36079311481978149/1668802328657920,21.619883231463227,5.431857017691225
record,adult,0,max_min_group_ratio,5,5,0,235263565167042182505183094846307417546432761074080645619315876922895776099/206403200697670407557302348009595601240783543522385658557503752762313232500,1.1398251789304619,13394660642548409791966469197789748564547757577746309449334721431352261736427145098355546123748434354766660885387718994556300356850519634600057463/4260228125824280981700677357456068683044970092386206894109518909059749619934577275249522753507425315054899275349656046730144921711814444459905625000,0.0031441181661972088,17467993202185973/16469011292830500,1.060658280669852,204266351601691459/168187040119713310,1.2145189751618042,0.05607243677777174
record,adult,1,Phi_A,5,5,0,31074642953705547549547695079003191190091113458288053/317631166443986616942541045236111605311998001152000,97.83247438089636,11337584166972727208225024517800690655701552241809493252222979035529616430235003569095010207754573403/6725970526437835323522230028432828274807685668502881559668409834296219359661592709522892888473600000,1.6856428559132066,1284735134457420585222091160482233981477970003/13303679417141010167564093652152409995083776,96.56991078739576,1323224670745919742044988971431569329785041595/13303679417141010167564093652152409995083776,99.46306050046745,1.2983230938072412
record,adult,1,Phi_B,5,5,0,2204152247542773165145196891976242136668754421147419559/22971997045822307692185502186000553980167703291232256,95.94952685855498,242356536009465625212705315986898381153414522391492672236298464356516623649192380113140340134527493563993/263856324136634415887804220778959489707223744395282769169569630027883143225994955042123945436081467424768,0.9185170634150296,1309379060164435206436034378440619120631844485/13857659110488297986082467513051328643334144,94.48775220436903,10763962975577971769431544084449721278424717357/110839494812423443826998084129534995981139968,97.11306419967094,0.9583929587674513
record,adult,1,Phi,5,5,0,93825188691361405814432676881181969567652788243073409123/957975597995063636698703792432112601620985971474432000,97.94110506335139,85761479353434557455787950610968192390491279057489693042076453785564542576056962466091610518973133561914593/61181149756933318188601026029512284791689059608233347404423130965675991127637920653553871574135314841600000,1.401763119754311,947545922159917081928947107726305844634079/9783118048976980824572019963663336079360,96.85520683858066,1323224670745919742044988971431569329785041595/13303679417141010167564093652152409995083776,99.46306050046745,1.1839607762735684
record,adult,1,G,5,5,0,12824807134329665065346525748749837439264225886231611297031686947/66181621885937627304872332965654998583277008893435443150848000,193.78200123945135,1262869823168132964425227357052235413088041806865702406159267814644039837872646975676594191064157846957864436678591741673907/985501591976974127567873368955499398256213415552367769481367967805999903090894721250130646819171838837033397668701798400000,1.2814487905947893,38354145964105734353278673667335064253118988213/199154934123024398645812610400294532567531520,192.58446260946337,981308799890005757941748591618776688102109258431/5015487140262160833171663306861458568146583552,195.65573042994833,1.1320109498564002
record,adult,1,pooled_SSE,5,5,0,19801384411317024639790746688082332408930665357/6805647338418769269267492148635364229120,2909551.9392454587,82607679257236492825251898559683181496613873759383124441435217832011231938403026099383553/296427748447529460284341721622241044104371160744039843941011415060257611878236160,278677282.0354193,3934730064786682593649394589147041434835151209/1361129467683753853853498429727072845824,2890783.1019795993,3988711405656383914369783166951320991515144231/1361129467683753853853498429727072845824,2930442.3277559406,16693.629983781815
record,adult,1,population_average,5,5,0,6600461470439008213263582229360777469643555119/68355921867078118540522691140893598317281280,96.56019976256003,82607679257236492825251898559683181496613873759383124441435217832011231938403026099383553/269137846327569897334675530265422634691193138825833459261163912144405100905117540774051840,0.30693445899353006,3934730064786682593649394589147041434835151209/41013553120246871124313614684536158990368768,95.93731255740074,3988711405656383914369783166951320991515144231/41013553120246871124313614684536158990368768,97.2534955448009,0.554016659490967
record,adult,1,absolute_group_gap,5,5,0,14378816943885639491864061804783962148496233582956232077526929/6846374677855616617745413755067758474132104368286425153536000,2.1002088872514486,11215554282916610739810215236536017493529051388269112540864145870908447323250207921699526551931514292565346044482847942547103/3942006367907896510271493475821997593024853662209471077925471871223999612363578885000522587276687355348133590674807193600000,2.8451385503136404,3632238605940882584065336426063569108698359031/6687316187016214444228884409148611424195444736,0.543153412275177,605276948718453845613898420933293505177936436809/135389329509470671324025707602511480845374586880,4.47063997518441,1.6867538499477748
record,adult,1,max_min_group_ratio,5,5,0,12941336565886533186381464161492219603581063611900235804915272583548905750061240802061641793391873658085164910112533031578456067384862724543830087398511412576252131703229999951920958301656548742564021305862343549384597530266573495759727/12662666246527796682517664315380894831274804872457791717842198587105231382876798446321752664567182086340084784971299749122158360984288679509030855960965439444308398843302503099776894005147693672640294188194052605987056065720464603814375,1.0220072387547252,326191680932654378117799381536611373493911874572326647909866430324281538384481549117707110542384388022445178445982057796896927818932269496527930280971936645974982152554780637283769141894286298419700165117749772241551293388915912272456172175976790327690773652707801807855015607342470512780263747040226695244021140181734217473613450946894299561729830673595791513888468085243125722094540566267563476904470611527772720659533023575341485465221564827076731177686139398271353/1026195945414107897530963083445384725548046884333501329428363168440268199012520552590849524412072596174248003817371264990531989961886857470428974351690416749891009497928402607808865352486670869609362137522807507272845138164277973341884893215273192041486528871631192744451635928445783762800129486453205097357654556532509094622769504181645123713210218450464240960650223835572440140684218578932388017354669278475981084945773855210420991625644477045895687796187723516522500000,0.0003178649091241771,1948277298579612890267109479285399551394873841617/1937380582761790242514913470007208844068778764524,1.005624458051649,13397910366524985812493954298298142313751057055259/12792633417806531966880055877364848808573120618450,1.047314491782118,0.017828766337696422
record,adult,2,Phi_A,5,5,0,30454334241135352425558495017133658700719278928453349/317631166443986616942541045236111605311998001152000,95.8795529484223,20382067704223840322020479755186523493403023368049991246273372597215417576592255208397132499914461113/10088955789656752985283345042649242412211528502754322339502614751444329039492389064284339332710400000,2.0202356050682306,249597747816920814964283708766660629887426121/2661008109321738784283589430116427413585920,93.79819134806789,107784095507486981331309453318789880891284107/1108639951428417513963674471012700832923648,97.22191173844448,1.421349923512233
record,adult,2,Phi_B,5,5,0,91652058705870254026037411269966233314773171640911583/957166543575929487174395924416689749173654303801344,95.75351261595756,1867181957179824567669455486378522186497552317231569222744742840726943296445198328535113932335027998693/916167792141091721832653544371387117038971334705842948505450104263483136201371371674041477208616206336,2.0380349246028446,2603268360525043299396816379587225302182673291/27708512573638177202895667533954021922439168,93.95193457630012,224742072307285233151415180732730376488680441/2309156141925488413062460086031979082940416,97.32649439629674,1.4275976059810567
record,adult,2,Phi,5,5,0,233850442185755072277888304951574849954266429720961740679681/2437688656048188806534439137817564528899801427663126528000,95.9312181256392,287569762237222061093555112203133597768011116191414631128456095565366287918640990827955777632756898550808052004517/148558149595650623751817102005895222586047028867911645866783755977023597912603891174044957244791192603433369600000,1.935738719282226,2603268360525043299396816379587225302182673291/27708512573638177202895667533954021922439168,93.95193457630012,224742072307285233151415180732730376488680441/2309156141925488413062460086031979082940416,97.32649439629674,1.3913082761495477
record,adult,2,G,5,5,0,297248134828708183988997938095590209270555198113849727940326401/1551131762951663139957945303882539029295554895939893198848000,191.63306556437985,495727154741249353240598569723590004007002804884938604198575011511445265928857283447170420305283430687139637606576611447803/61593849498560882972992085559718712391013338472022985592585497987874993943180920078133165426198239927314587354293862400000,8.048322337002688,5085225498567758340274349740727967954192729914551/27085071040731318215830515014440056429184286720,187.750125924368,423504786947610516470363602155249912710756605/2176860737961007306064089976936396947980288,194.5484061347412,2.8369565271612265
record,adult,2,pooled_SSE,5,5,0,1227771347139417052086730649694396391853845513/425352958651173079329218259289710264320,2886476.565327709,2120833168421212958644941703658098186472070013437962438347672412100433712073180438372163/1157920892373161954235709850086879078532699846656405640394575840079131296399360,1831587271.97206,481407137451205921777279365427566056452475487/170141183460469231731687303715884105728,2829456.8525971053,249394625861079160862043475538640193034973411/85070591730234615865843651857942052864,2931619.7382513653,42797.04746792774
record,adult,2,population_average,5,5,0,1227771347139417052086730649694396391853845513/12816735350077147226348004588917549684490240,95.79439019406972,2120833168421212958644941703658098186472070013437962438347672412100433712073180438372163/1051319712217069911463576290099307166762473198538411950238921531814082425410615393648640,2.0173056243268808,160469045817068640592426455142522018817491829/1708898046676952963513067278522339957932032,93.90205935872511,83131541953693053620681158512880064344991137/854449023338476481756533639261169978966016,97.29257063093605,1.4203188460084872
record,adult,2,absolute_group_gap,5,5,0,2846273263506918949197327947261873219944936078313658337221053/12409054103613305119663562431060312234364439167519145590784000,0.2293706868985391,42947830407257845743631744458495382136342035942699815829596510031866133461856352239974339477035687307734642962338999499/1924807796830027592906002673741209762219166827250718299768296812121093560724403752441661419568694997728580854821683200000,0.022312789088858,21855540648017619251241905720206524218525741/208978630844256701382152637785894107006107648,0.10458265785225508,20782644555269495105870997324722583273169433/43236958105708283044583304369495332484022272,0.4806685175321273,0.14937466012968198
record,adult,2,max_min_group_ratio,5,5,0,15345435769927154633960375931590607175883961340102421250645573434127654018268209678859847270970820045792579394638826629060284051736337250176152873263259531571309885491036579904832376420631185409226396400736366431335934983436746941299417/15308614979084788000401711398136144550897676397063063759664615195338635533167235774846353019682108201894708407630731193164807580709633220750355784587838475424287460680565076207076913402115110338640580006099009468301089961415364619232500,1.0024052333207591,118039202987878841504850516219179133557039359695149806779377620984201620150546497752692570683210947174805612985430817840678101915630347197043564956899189167490129538237699213220926371518228938844550065212055428995214195244402571431813351421796626755778782525419685551143291864344973288277265852399236775789789664384418149992549292664735975697314223405614297177512809679948018460063420868280986044565519600119520618869343490934983626637670647337952406508758306157389/46870738515571828829397076651699230183714900094500851874027369062188744692093064519911268020279078606671062683880338302260496125562744570404009239847318455418863482227206150502832863675707155764684414814488062996895129407356591801142412233490272073962795327818312246590415100791545982138063670024935742854839069197562500848467566381013134864038705209509947852979096280364207167644240075038161808546658813637322495349888272324138370321514108360702863355031941777811250000,2.5183986155597436e-06,40678315087618627200406147712624198144451159821/40634604006322591961903663901183785096014108339,1.0010757107732422,587044712592808726617256629533434286277746900/584075763370627370173560772772759631524436981,1.0050831577140744,0.0015869463177939397
record,bank,0,Phi_A,5,5,0,11692908895825876188667/243810897054452940800,47.958926516784736,6816007937624075528516189632545901970659/11888750704499409936887383592353660928000,0.5733157425064429,1760448768215/37702598656,46.693035254079014,14612086301371/301620789248,48.44522268442373,0.7571761634563273
record,bank,0,Phi_B,5,5,0,71787151430722821947/1672050257627709440,42.93360866591045,1659389910952341360917136202101332373743/644141275553177743182490667765402173440,2.576127278177113,2313989935229/57013174272,40.58693389337268,2929865919393/65162706944,44.9623113709946,1.6050318620442128
record,bank,0,Phi,5,5,0,11692908895825876188667/243810897054452940800,47.958926516784736,6816007937624075528516189632545901970659/11888750704499409936887383592353660928000,0.5733157425064429,1760448768215/37702598656,46.693035254079014,14612086301371/301620789248,48.44522268442373,0.7571761634563273
record,bank,0,G,5,5,0,883427169775757262416073286557327/9719468909081005676150181068800,90.89253518269518,1204984341962025793221959993435668582983727834524996358080579707/340085073148532332497341918443485100412725130535693277200384000,3.5431850354565495,364954377447171161/4100387493642240,89.00485088617664,54713236346686159/585747572719616,93.40753405541834,1.882334995545838
record,bank,0,pooled_SSE,5,5,0,170246311492477/83886080,2029494.1841659187,6422557276823402292823423/2814749767106560,2281750709.0250196,33117394454649/16777216,1973950.532355845,17560573868561/8388608,2093383.534975171,47767.67431040598
record,bank,0,population_average,5,5,0,15476937408407/344436244480,44.93411380609128,6422557276823402292823423/5741998203155938394767360,1.1185230384247442,33117394454649/757759737856,43.7043469059878,17560573868561/378879868928,46.348659057148545,1.0576024954701764
record,bank,0,absolute_group_gap,5,5,0,48843420609822409609641440716447/9719468909081005676150181068800,5.025317850874287,937172778170577524882375080117666911510033307406874276638924447/340085073148532332497341918443485100412725130535693277200384000,2.7557010059105616,2040106847838805/585747572719616,3.4829113134291343,32110065163831801/4100387493642240,7.830983099431289,1.6600304231882503
record,bank,0,max_min_group_ratio,5,5,0,85296624795436230522132662974119165805323293234408494163664177518092339/76277634170304742387974860169993053327592560947455442263983142293701200,1.1182389926383247,2246536645163828711789889339378693085901744969005832793942043278275866950682043404185010065219110749488550348646756362262522695723938652681/1163655494923768329134434010066059377305430646313369243915995688704704910980311988330033006759212230568557912137245587823459051320238976288000,0.0019305856887746665,28376671597262482/26336564749423677,1.0774629063148202,198532221305501481/166422156141669680,1.1929434512102917,0.04393843065898766
record,bank,1,Phi_A,5,5,0,3000929468688422626963290942903316368694212112520033/88304865712360090911427598038290626659859877068800,33.9837385457728,15821065657837096438455700444234334093349500964491187512707314862321398508127368084561410642785175467/12476398893564718121759329803885487361135983519920310436362371233260962321135762404562956927893504000,1.2680794989648452,99762174934347028267653181986639353614027215/3058798196252315848072274346204164452777984,32.61482730589324,117863216366406095380155409251026674952597/3296485429546591364801441509495254548480,35.75420516347235,1.1260903600354837
record,bank,1,Phi_B,5,5,0,5198286294767912516834917889898428326510237340631/153453430783242097941172454588720022626227978240,33.87533447923141,6425592245404773729189175872964887325532639012484382377352225052168485518007990103836668451244553/7384638819444584973490486082794790605680512224159503290139897975827417879614771463918961672847360,0.8701295219050479,151129861972016945119919683948003647636560171/4625798495923237472321114413427457066532864,32.671086322763344,1699984515884872050951281131885399000989913/48181856391211630561017198321041930190848,35.28266951945316,0.9328073337538936
record,bank,1,Phi,5,5,0,455701278810796081177795247665094944344244482742230339931/13396764672171212701172681784719361356667109483164467200,34.01577096874843,1406073015469027611810135295188285712652206029292858390868947515831333158000007461574382266295909311567350762777/1148629143561821824748576424954210210210433739170186816688726246360922080155361953629100857257932573823205376000,1.2241314120838773,151129861972016945119919683948003647636560171/4625798495923237472321114413427457066532864,32.671086322763344,117863216366406095380155409251026674952597/3296485429546591364801441509495254548480,35.75420516347235,1.1064047234551546
record,bank,1,G,5,5,0,540455213135565653791392301387447005190972063079814351875899/7964376597605785950847159321015660326538596587741275750400,67.85907302500422,980192335710873621142640919592414239681343682467302599011288866174287018805005353161499742395313088721553154126547939/231977305923623187415054601723241573226986370881916525239428965390229874868474065206640870431934528028273675337728000,4.225380287990735,2714673335323973821953435394934980161634125337829/41581302679853981638694497462299411571063914496,65.28591362865659,1061033433280496353962381310200875554517090037/14936375481275605473915331479522998359162880,71.03687468292551,2.0555729828908373
record,bank,1,pooled_SSE,5,5,0,2606499142781791622117375629360336227819261049/1701411834604692317316873037158841057280,1531962.5088815654,1200332595014953375010570787271615653577160868596922762610859832697766272925862731553721/578960446186580977117854925043439539266349923328202820197287920039565648199680,2073254922.544611,125446018453181986693786432967321500625293693/85070591730234615865843651857942052864,1474610.8602486385,2129496705570098229719587565983992644148763/1329227995784915872903807060280344576,1602055.2623950865,45533.00915319139
record,bank,1,population_average,5,5,0,2606499142781791622117375629360336227819261049/76845966921755533203933887596316215193108480,33.91848976844453,109121145001359397728233707933783241234287351690629342055532712063433297538714793777611/107369138766173555989745675945766231886449262375692844817288079642857832605405182689280,1.0163175960552437,125446018453181986693786432967321500625293693/3842298346087776660196694379815810759655424,32.64869282753927,2129496705570098229719587565983992644148763/60035911657621510315573349684622043119616,35.4703817560795,1.0081257838460653
record,bank,1,absolute_group_gap,5,5,0,68680368523544336450312404317544181716731345034876115103/398218829880289297542357966050783016326929829387063787520,0.17246891249263807,9270557331321343042059715144955713238729524367257754771335258794919984473377820374795746093937607451425588557409601/324768228293072462381076442412538202517780919234683135335200551546321824815863691289297218604708339239583145472819200,0.028545148581946712,2339323208946817412480683082229415575953416409/41581302679853981638694497462299411571063914496,0.05625901687010428,7043033431875682372587008431928173903343977/14936375481275605473915331479522998359162880,0.4715356440191867,0.16895309580456558
record,bank,1,max_min_group_ratio,5,5,0,35439684248669370489567053916973572431287885385047128981544853674422781669712429706460938901802248072212287761636373838919218239763852214365683320177377347642833941117351977299722581406489743644033913246787101538934449774796640481/35263396545724759665329182705739322117530533259697392163250654544760836439493915870805897316214499728052539239405166690949816188383792206710519113624702511567519576926109419210891269393444581319668484406601123716802497038779371350,1.0049991696833862,100076020301071690644549124090839896786807905471042658076841155539054973573621768939746743427980602560611370695326204846586053770971941338500927335869984548989106635437746024953895778369768052722398527210326486507002897497147951137676399724674986765646467371897173843211090802054275241426304287193696571977853540291893404307564651126174277260728479208541022466269899904498105021460090879665786561209260634312840664032425374685665775626383643763002576156193/4476625689387718483135827091196297743368416849645722010651576458873729690332493565060442613467002382418300177304900354331788759926947479943226371280838575994808186117596012689231987730860363473799963203957894883768789499077893346918897464631552470167363521027290007216473310011007596452399401600752540515998758129804762156163292931650315145422641682575027656281078912622776208266172392988405186987961099984584877885273598416633588742501518959701552284322961000,2.235523522511872e-05,1358506329266460319682958039008604788605039377119/1356167006057513502270477355926375373029085960710,1.0017249521618634,534038233356186018167484159316401864210217007/526995199924310335794897150884473690306873030,1.0133645115418266,0.004728132318909732
record,bank,2,Phi_A,5,5,0,2610686093578186658580359326535316155048913170824305389/79121159678274641456639127842308401487234449853644800,32.996054458679,1081767840765482990879255569849851225616371983791815166189393937847125195467054594178171070218871570442461/1252031581767006592954792264479516427664718218191042992909836678000204090850616028822701853627968913408000,0.8640100269984976,6272893866806755878313648729061157234517565733/195763084560148214276625558157066524977790976,32.043292947192036,421990120310900402973563886711583325998069587/12236553914476947146142950883246384883957760,34.48602631592609,0.9295213967405471
record,bank,2,Phi_B,5,5,0,100230937147589868597244923383671019927346541678706417/3038623454997446726591920476783998400035515933917184,32.98563926463014,68332054056078650928823986320987447566637422294606698753729177639252570093554652539210160526102958175197/83099092511345581368633330609357396780758453193256158764633723221413945598064268227158888027439134408704,0.8222960322550962,2370262814823156919069308820685765584866563403/74012775934771799557137830614839313064525824,32.02504952539671,27685923230756142092291673035847772428946337/804427515401098527627417571968700051881984,34.41692719443039,0.9068053993305819
record,bank,2,Phi,5,5,0,1315969158457908775135448979347663391473026106276587583/39866364224258829240872331500815015618964096653721600,33.00951024917233,274210622786071258861268381078184389392585165299325813797272811888714514797902465345079709347192384836949/317865399292252856750588516553410095685454387909322642487181683603699063481163753201122957339826061312000,0.8626626974707481,6272893866806755878313648729061157234517565733/195763084560148214276625558157066524977790976,32.043292947192036,421990120310900402973563886711583325998069587/12236553914476947146142950883246384883957760,34.48602631592609,0.928796370293698
record,bank,2,G,5,5,0,208116026812520599968991606816748295965422371542229301199100753279/3154147992703014621685902200220473990439733483836352917982412800,65.98169372330914,60351593477677563536365273792042820574440307929047368277471166697281131107103396525937077754174730584140796560438737019738799029/17907569207770421482503634291269153925080022024874114879210956264679914937374041494786327974803965333987870361458538197286912000,3.3701722873414837,85249444497576234795925904389717379407746971146335/1330601685755327412438223918793581170274045263872,64.06834247258875,498292610948239855567078397638817219801086695547/7231803363455875763370483971998613466419036160,68.90295351035648,1.8358028999164053
record,bank,2,pooled_SSE,5,5,0,16224843987448193457891860119572759785404904301/10889035741470030830827987437816582766592,1490016.5976733053,202773296831000616008312643799483965969345628185845070375399105169943456453857920235326757/118571099379011784113736688648896417641748464297615937576404566024103044751294464,1710140986.2350776,15753945126099383554590884011804219573983819345/10889035741470030830827987437816582766592,1446771.3671011042,529383177309145835548136183268041045931917669/340282366920938463463374607431768211456,1555717.3358681358,41353.8509238871
record,bank,2,population_average,5,5,0,16224843987448193457891860119572759785404904301/491814188299235412505176880616423777235894272,32.98978429954624,202773296831000616008312643799483965969345628185845070375399105169943456453857920235326757/241881195812435786933699058770622167193792898279960840804386585819430125293456795562409984,0.8383177375567427,15753945126099383554590884011804219573983819345/491814188299235412505176880616423777235894272,32.03231118764346,48125743391740530504376016660731004175628879/1397199398577373330980616138114840276238336,34.44443466032271,0.9155969296348381
record,bank,2,absolute_group_gap,5,5,0,117734172552361098047646242972678793987049162564795289827385699/3154147992703014621685902200220473990439733483836352917982412800,0.03732677503551959,14931623660356117802343382652132074904302125547688419968115106048687361041966875089819593269934694121588352175460843157269069/17907569207770421482503634291269153925080022024874114879210956264679914937374041494786327974803965333987870361458538197286912000,0.000833816331357637,18693639202988912411187285893093912696279401/2598831417490873852418406091393713223191494656,0.007193094202715655,499711259244420747674116454274271528631556287/7231803363455875763370483971998613466419036160,0.06909912149569603,0.02887587801881766
record,bank,2,max_min_group_ratio,5,5,0,27411337172073777111254904051095688162935117330016887140356119016444060450397173394439580996960397790615048653057487925541825368079815076902864834508171940290630970507935426835474896065156631696506377230420276212873040495978633937/27380709042338575100680586279438092328163805027720551665241840347234588410530375376008350870095968040818038296225695531127438275685297452937598813194107993626427511181643180348314985158249029139810261291246698813435556175173345560,1.0011186025054297,540950323271939344866978568641016241625772248254626061867185701487422488556768513751036734692222343914771565558285648555539092691612626912259906596286034878209321626923233922042900183005919070475464051781645914939308875650219053506136229256424658767371571570699618650138203812128045272715790293034342461573010491280964925488260894564459163606414879628118237159456274116588634708240234354483987637539272426012188958062491852029348079558731928286713756293/749703227661201410405316611289344295713673012950660310562871634149313501669452514762279923538395916605837965210588935932225489765578759274733124523547987327681011656472954202570219096153167470702740014086963089220797856886080856939330060538918496104448863683909718292929731957031561616982070816626355306982941630350499255146164934658439717456303447132547575342112072310943681578348426543358228448816937668975283889261011276479313939513274643163714683171713600,7.215526135048206e-07,84291588975125112751739009497162219401476936097/84272895335922123839327822211269125488780656696,1.0002218226765376,7318193241904535202602690061311943733713328793719/7303271589057816184227396215774289492914591113447,1.0020431463714257,0.0008494425310195037
record,credit,0,Phi_A,5,5,0,11523047608630963154267/701604200047813066752,16.423857793105697,1966013589005354569890627843639720122079469/1538276417264786552807666269225722524467200,1.2780626205666785,1371512610631/90244644864,15.19771741246131,806888419807/45130711040,17.878921054264868,1.1305143168340146
record,credit,0,Phi_B,5,5,0,7019673334092414097040167/383524371010397751214080,18.303069803879826,5637566999297690874269596293132112415084723371/7354547157946061149424857495883495105699512320,0.7665416888661464,3595096307125/206292647936,17.427166421560205,1627843529839/82510348288,19.7289620467612,0.8755236655089035
record,credit,0,Phi,5,5,0,7019673334092414097040167/383524371010397751214080,18.303069803879826,5637566999297690874269596293132112415084723371/7354547157946061149424857495883495105699512320,0.7665416888661464,3595096307125/206292647936,17.427166421560205,1627843529839/82510348288,19.7289620467612,0.8755236655089035
record,credit,0,G,5,5,0,4219467838779512285034654315376357037/121504208139213098845017944547655680,34.726927596985526,52774315759828282781369380649624562771081364540863558666487048511154203/14763272595537218656159527086134379876400918307738169766970583836262400,3.574703062502646,12254220490320895/369867676975104,33.13136360154481,1043397042984717/27744104611840,37.60788310102607,1.8906885154627258
record,credit,0,pooled_SSE,5,5,0,5645903374549/10485760,538435.3041218758,1978492318838553110698763/2814749767106560,702901672.4539449,4330052109313/8388608,516182.4356690645,9752994488809/16777216,581323.7720018029,26512.292855465083
record,credit,0,population_average,5,5,0,5645903374549/314258227200,17.9658092800092,1978492318838553110698763/2528210774089902587904000,0.7825662081322173,4330052109313/251406581760,17.22330449346228,9752994488809/502813163520,19.396855922649415,0.8846277229050745
record,credit,0,absolute_group_gap,5,5,0,76110722431602943304182957756857659/40501402713071032948339314849218560,1.8792120107741281,843976197833951695055431557421255336885466231220311948414149486547637/1640363621726357628462169676237153319600102034193129974107842648473600,0.5145055563630039,630197426155477/554720930299904,1.136062102100181,84327635081549/30822306414592,2.735928776622191,0.7172904267889011
record,credit,0,max_min_group_ratio,5,5,0,1127497258329049587179915515876427604018912960355074762819510608755442577/1009907999344328439575085355096347332541017223222733992971128695898566880,1.116435614987766,4699669932065219248015242245004022163681207137473891795689927854466622208208562425466121004070603623748932578543096232044549376486725869019591/1835845500851395365489652434130787484334561837565577364334807534209554484548996312621510570927319596796738944307781544936757996013998148099281920,0.002559948497782461,9667213969859125/9037016543703648,1.0697351192296483,13266152111299483/11242288869342307,1.1800223482494072,0.05059593360915935
record,credit,1,Phi_A,5,5,0,197704514114490422703673492214138150864737988711068493/14823149755220949490341640897563250971109584220979200,13.337550883533085,1547825649798781580591946960610693604830448002400216836137015597120950787665806122750940515470058083159/43945153733141378958459791390261519664617858887844909431799210722955329978288486928618803627481366528000,0.03522175981447265,46947408923735616939200865638314207144997/3574294080665638782238337185093846564864,13.134735940639956,6223528623643766376288683338204378748379033/457169359958280825663043785084580592091136,13.613179641373378,0.18767461153409282
record,credit,1,Phi_B,5,5,0,32638459664510087462466789408576961207385929803625652801/2430874495567424266101409342000076580094078657914470400,13.426632976743413,70095860267908003356774402034260935198398485362990883611862261812516800492070264391279873206565510308024431/1181830162640035875588397680761231978421039545109693211257112910090532536036210114832290388806552342495232000,0.059311280490019054,107693803973684061382950317310564221413229/8171429104087770328676153903073418280960,13.179310816000358,14437521864175245922590987749643771576845557/1046198137098425305918145230548971366121472,13.799988121004443,0.24353907384651657
record,credit,1,Phi,5,5,0,3579483656389410222008375129628098989484817919560078791/265923236806684476446229814151289385947664562415206400,13.460589978421297,677926083546676568127100897047330723451587223435004374678130516259416892062007295106627359613204246504071/14143033574748797893166853779381367594970669450510538005854111914794417770693740933146525312717990920192000,0.047933569553073596,94815506832873758209921105467492523612513/7151246617322847396222481984308253818880,13.258598382441054,14437521864175245922590987749643771576845557/1046198137098425305918145230548971366121472,13.799988121004443,0.21893736445173903
record,credit,1,G,5,5,0,2576468919387724265684220295324352113986592158132243294831425042779/96265551486205750613556102641734064561510630191067049151483084800,26.7641838602765,599216543551188318221147890483133805074011546913422342421210872779260945305321111452510696838077923988280822626045218684564131907/3706822561177332080304465804051872448568185530268044182736084687478865923908493508861656316403334572895240398101054152209596416000,0.16165234069387713,2322259917692703615136507892486596751362601519/87899040031729388932805188055827874723135488,26.419627755370538,9632762344478050655225137241238942393845835697/351391799297933599625257029310635757596049408,27.41316776237782,0.4020601207454889
record,credit,1,pooled_SSE,5,5,0,170956699302351705093202684660656389067060447/425352958651173079329218259289710264320,401917.2685302779,1656122322083053294866002841066967135228318141741715993839814199687613062483930654479/36185027886661311069865932815214971204146870208012676262330495002472853012480,45768164.86836371,525590722727610003741722374709749409265429/1329227995784915872903807060280344576,395410.5122629817,35098572351994258221470658837491921902070147/85070591730234615865843651857942052864,412581.7352169658,6765.217281681625
record,credit,1,population_average,5,5,0,56985566434117235031067561553552129689020149/4249276056925219062498890410304205540556800,13.410652937279876,1656122322083053294866002841066967135228318141741715993839814199687613062483930654479/32501424614324287598133543733965620829038802553020173030233886708666618801377247232000,0.05095537631766313,175196907575870001247240791569916469755143/13278987677891309570309032532200642314240,13.193543952718773,35098572351994258221470658837491921902070147/2549565634155131437499334246182523324334080,13.766490998230424,0.22573297569841924
record,credit,1,absolute_group_gap,5,5,0,12090652653693288000865000589820106615105222934851161560869856921/77012441188964600490844882113387251649208504152853639321186467840,0.15699609656609356,38690604919530350614212724730843452334047696551074103466180634220916904309600410277548087334976451640639071245860522080608851267/5930916097883731328487145286482995917709096848428870692377735499966185478253589614178650106245335316632384636961686643535354265600,0.0065235461572852,1394265150668471342086915492229911081900659/17584915431996881747311083199413996140625920,0.0792875664406959,127394797994832002140132984105900352049437/457874006564952587120511658741419051319296,0.27823112071936357,0.08076847254520293
record,credit,1,max_min_group_ratio,5,5,0,4200386284133665718684493219197407903207711862234523150785749523551596600441931029825971713962649037653272721423736996651162399750784854828028543175935471816125948024857831720230956299863626482111456032074163832389982397/4151435878435459371564248081752903875855694065496715811446783729564345801410677984538019977477372601729841848498700883313032385088922409828064590195938985095983090262410732129403306096365227945604099118411328709870337680,1.011791198787985,31704211325163098595645743618440853144392976632818906220497832963470068295059287449738345948530532934352118521712196847598978173355912405244577638664715806821395021128968747247961095863319034795215145743471741517422298122539848073162313762056437132413611905919444286404103390036285001593756815455445924394868432979360928359751344132483934369736338131156504178220094218767990244740075703917966714354471881801513024050679328089050241051/861720992638059710061796490082324721633985034217924638325216346495731891142836857812855693262315581777720065881914609490011139249628524898185772948362893155664688926964182032707740338731321804093242774928495989961748894493810250969939336564589211737855156716611340854477719263654085537281989657954149752671194522335850517514232204918882194994068785729497300312478331628192529775214936568199239778061420024781214063196445518719895861389120,3.6791736067731506e-05,233151331302036571438195998344564115563169467/231757066151368100096109082852334204481268808,1.0060160631726234,24771406595894053086675387445979636075577989/24261827403914725078114855509556034667380241,1.0210033310144275,0.006065619182551069
record,credit,2,Phi_A,5,5,0,766334082044093318022882354955665906234057989070046139/59292599020883797961366563590253003884438336883916800,12.924616135888702,16762792874557622917056494996979984253151114895332928558460755681230413572438965175042427910192846497701/703122459730262063335356662244184314633885742205518550908787371567285279652615790857900858039701864448000,0.023840502664341446,23454118147172303512890790258394338108122013/1830038569300807056506028638768049441210368,12.816187888396959,47101690809176995901478193927015098007845/3571635624674068950492529570973285875712,13.18770887035132,0.15440370029355335
record,credit,2,Phi_B,5,5,0,201706853534846954575068336650756740886340276723019884293/15557596771631515303049019788800490112602103410652610560,12.965167853086996,1168837098501904072408210307341592017277218665723505797186368381979262402849495926735274073828552720755162489/48407763461735869464100769003980061836125779767693033933091344797308212676043166303530614325516383948604702720,0.024145653814926123,2677836796680584836812453565704489126968771/209188585064646920414109539918679507992576,12.801065583253672,431951975413963915311335893746784849534447/32693691784325790809942038454655355191296,13.212089300390755,0.1553887184287396
record,credit,2,Phi,5,5,0,271459320623018052753715223227359455550846290094652992215429/20924967657844388082600931615936659201449829087327761203200,12.972986389360221,1860329175395264051395691341364320274650850227682498831990409695342448099264486359971943170681466024354693245482841/87570854296366731257294893647425031363097438744250890710810570021950489436278988922244469580217276472624622338048000,0.021243702489179075,734585106846018374612724025843220577102649/57209972938582779169779855874466030551040,12.840158264619793,431951975413963915311335893746784849534447/32693691784325790809942038454655355191296,13.212089300390755,0.1457521954866515
record,credit,2,G,5,5,0,638027349390716222722493553790440324625967828444861182078727219945689/24643981180468672157070362276283920527746721328913164582779669708800,25.889783988975697,11281723976983303965142218714735245145113446219495988600336494225386852824113122665474571011827146150029867489166112645100038893409201/121465161684658817607416735467171756394682303455823271779896023039307478594633515298378754175904467284631237364975342459604055359488000,0.0928803273342878,7214380047004104971858126804969496673963824777/281358646911950107956977331190623938250014720,25.641223847873466,2319168145079838431634317204326474241300014709/87847949824483399906314257327658939399012352,26.399798170742073,0.3047627394126254
record,credit,2,pooled_SSE,5,5,0,330369919334003498375863922524451647940081457/850705917302346158658436518579420528640,388347.97385873593,3072802121380503429024900756890350993642119847203042191787204936408646376704779917279/144740111546645244279463731260859884816587480832050705049321980009891412049920,21229789.645355046,16327524410786997682513163931895327943254451/42535295865117307932921825928971026432,383858.25415586226,526155357032317907114292281600815045550137/1329227995784915872903807060280344576,395835.295901679,4607.579586437444
record,credit,2,population_average,5,5,0,36707768814889277597318213613827960882231273/2832850704616812708332593606869470360371200,12.957890352310175,3072802121380503429024900756890350993642119847203042191787204936408646376704779917279/130005698457297150392534174935862483316155210212080692120935546834666475205508988928000,0.023635903332266808,16327524410786997682513163931895327943254451/1274782817077565718749667123091261662167040,12.808083221750493,526155357032317907114292281600815045550137/39836963033673928710927097596601926942720,13.20771758097027,0.153739725940522
record,credit,2,absolute_group_gap,5,5,0,1384715477022772463592412166951605885318765460045547044167020044233/24643981180468672157070362276283920527746721328913164582779669708800,0.0561887897447436,145887277197233473490352450115772622942630819189335878145474158265800001675935407469167152115641262179212198724352426936207722302609/121465161684658817607416735467171756394682303455823271779896023039307478594633515298378754175904467284631237364975342459604055359488000,0.0012010627176867225,2141770794803649248801888668747540098103469/87847949824483399906314257327658939399012352,0.024380430039435404,32145887172950532559422320499406452735262019/281358646911950107956977331190623938250014720,0.11425235202744786,0.034656351765393924
record,credit,2,max_min_group_ratio,5,5,0,1167915597832407928052657895379555778638338163230565787700811587574615869009475591785027427347207229338070634333440604932057462399924355342600247725168325660529805355858381277538127441801972252043384506047266700746891974742061/1162840748868468498696489975083915463563460010712086692334350156631992777459589558887045306084657820882114447528035707010083201955886397088336183978304646395740561140286541634259837653459526929116269894385788824390957023011000,1.0043641822570095,8948419849133774690490467247313579487670277058374263421377586156309862592719419576583376418008155372367089492876596796239159475700727829958665532348642733694979081543469851931841402136462717598948440000520801483624534461723378070121788858110250449411158378303587556498493236387219085518164621864491872603389576499488743959361082733939434371220826932257423383767919458330495733935887210979319983218657790589709098308429961605540053854423309188007/1216978746506082559828407949587268605350343384517186806175308033581089838320876272905010925467312818886803285368057787279333892313064290075044288169811533361364324717176229643245115014247737837845011082960942936384288572839839101017114642380319123912310629171473748839525916940760561126355293777126806920210161729435192129550920533481612441139463563077297670336976989398801261184417933773528744055929855635736746839941164294280986772661225155508900000,7.3529795609204175e-06,1160654957937321040441559546497610890699059089/1158513187142517391192757657828863350600955620,1.0018487237077434,3644952550456631665165916214025582038779946620/3612806663283681132606493893526175586044684601,1.0088977601540774,0.0027116378004667986
client,adult,0,Phi_A,5,5,0,19133419961087/162487336960,117.75329892813205,688407676531319806720883/52804269344705164083200,13.036970022961759,351573533373/3124756480,112.51229835772675,4973395372947/40621834240,122.43158060178722,3.6106744554115866
client,adult,0,Phi_B,5,5,0,90419394350789/846284718080,106.84275920275046,97308735620791857038567/1119059100087101685760,86.9558503328536,4314000610885/42314235904,101.95151864900375,5223621716679/42314235904,123.44832903352052,9.325012082182715
client,adult,0,Phi,5,5,0,1933608489622744439/16392534989209600,117.95664861447871,1679152214304319765674761406964747/107486081348984392315373092864000,15.622043275095967,351573533373/3124756480,112.51229835772675,5223621716679/42314235904,123.44832903352052,3.9524730581113348
client,adult,0,G,5,5,0,147267949653961797/655701399568384,224.5960581308825,3114705138037858361991810023257897/21497216269796878463074618572800,144.88876601264656,27323547716207617/126096422993920,216.68773044834967,201529751092023849/819626749460480,245.87990963530774,12.036974952729883
client,adult,0,pooled_SSE,5,5,0,276505888507013/83886080,3296207.052552855,127780848405586020800327893/2814749767106560,45396876801.925865,53544489634509/16777216,3191500.2843444943,15420638806305/4194304,3676566.793037653,213065.4284531535
client,adult,0,population_average,5,5,0,276505888507013/2505006120960,110.38132250193742,18254406915083717257189699/358574609488403780075520,50.90825293271096,17848163211503/167000408064,106.8749676627317,5140212935435/41750102016,123.1185718651682,7.135001957442686
client,adult,0,absolute_group_gap,5,5,0,185518237896443953/16392534989209600,11.317239098074916,4707551251931745905229156884307193/107486081348984392315373092864000,43.79684506915208,833354212120611/819626749460480,1.0167484317333069,54782262750071491/3278506997841920,16.709515272083287,6.617918484625817
client,adult,0,max_min_group_ratio,5,5,0,1640869519285663316700340484617857082085606718955657617553221698169568957/1478139122632585984895314086056053709211271154624890040770251248196726000,1.1100913940788282,938338595680511464312176323691798710066703170002566589858493196705861294858256752868242926927515445776342794121165366007712058165085841912317/218489526585703106900549467844022988607202945628923280976171124984136225745760343089719156887524773112023970926829906136669439806679711907600000,0.004294661672546787,33727184217357410/33449399479983873,1.008304625544616,391024394812093391/336242132062021900,1.162925039804252,0.0655336682366155
client,adult,1,Phi_A,5,5,0,12894568297517144683132230250332363765257457279/131825388945171560745711322919067005118054400,97.81551490722487,623715518831311411892993608846101394045215809768503677456337723608868306661990113503241/133676409004198156439132370785249772597023240337218080436479886773103328339083395072000,4.665860816262078,156453426013288821129702619779602490383293211/1647817361814644509321391536488337563975680,94.94585361146811,263696092565550110256380552473160460377069375/2636507778903431214914226458381340102361088,100.0171873853624,2.1600603732910053
client,adult,1,Phi_B,5,5,0,52305637721697328633582505036166689701109261681/549270185389102030184040756332062976203816960,95.22752028611221,16060915151339373240381014969240394915993430140753313741660272050328048504917385796818911/60339547311475702671505538089889293711839078979889344847888877394676045727057454636728320,0.266175599038424,2599207791838318673201660983230980490131049677/27463509269455101509202037816603148810190848,94.64223112700154,10546222742122576812517916211043695045810046765/109854037077820406036808151266412595240763392,96.0021408648974,0.5159220862091717
client,adult,1,Phi,5,5,0,12894568297517144683132230250332363765257457279/131825388945171560745711322919067005118054400,97.81551490722487,623715518831311411892993608846101394045215809768503677456337723608868306661990113503241/133676409004198156439132370785249772597023240337218080436479886773103328339083395072000,4.665860816262078,156453426013288821129702619779602490383293211/1647817361814644509321391536488337563975680,94.94585361146811,263696092565550110256380552473160460377069375/2636507778903431214914226458381340102361088,100.0171873853624,2.1600603732910053
client,adult,1,G,5,5,0,1026927510412645484359364580797186597138442630417251/5319681745493453162332434725076029924533967257600,193.0430351933371,2327752728197926394637326286893919984545891347091089279976671446692646470264323635107021043628477/435369444205173424378280696618430468151375302540570087114593814287740939635580828876751765504000,5.34661483294391,12626594831606575918438280409223342440804419700409/66496021818668164529155434063450374056674590720,189.88496584109595,41660938733195732159880685262332045154485488110887/212787269819738126493297389003041196981358690304,195.7868004438829,2.3122748177809465
client,adult,1,pooled_SSE,5,5,0,78094774316731617999846965536831417231624176239/27222589353675077077069968594541456916480,2868748.938689359,92934806243795493692654688520335709635557093207926337715555771843836720063815230682258441/148213874223764730142170860811120522052185580372019921970505707530128805939118080,627031758.8722355,964747149214633277837129647472190375075002061/340282366920938463463374607431768211456,2835137.0596842696,15807883366027097027126996243144703087330448095/5444517870735015415413993718908291383296,2903449.624253509,25040.602206660995
client,adult,1,population_average,5,5,0,78094774316731617999846965536831417231624176239/812920963279445151675463402170196986439925760,96.06687223526083,92934806243795493692654688520335709635557093207926337715555771843836720063815230682258441/132168098507836202537897427504365678903596887551530209566933355829460662605010678862315520,0.7031561117472339,321582383071544425945709882490730125025000687/3387170680331021465314430842375820776833024,94.94129862983958,752756350763195096529856963959271575587164195/7742104412185191920718699068287590347046912,97.22890711451039,0.8385440428190006
client,adult,1,absolute_group_gap,5,5,0,13767307743368228726871458246637817627956231656281/5319681745493453162332434725076029924533967257600,2.5879946211126534,1966763177660184583151946548945428840324597156076239958499610200270276823071440020532488403470297/435369444205173424378280696618430468151375302540570087114593814287740939635580828876751765504000,4.517457997657094,448275073938257297758627948815353050408772979/66496021818668164529155434063450374056674590720,0.0067413818402653385,142965283452140652325686541366274699822142777513/26598408727467265811662173625380149622669836288,5.374956258360873,2.125431249807223
client,adult,1,max_min_group_ratio,5,5,0,21560856736754463986207455101720532180465551721012452338494701419818338524371541738704782372776075997727093700373103779602267762209112578821064778465658515514111324203155061787288726978095844913802464036741383351155737307982421/20990275577193077916576389866764030529474297160834031166314760622628783770588574144125239289215997959844724684348666943665953517741244339092514359161227355485555605454534696618406687418454988122938737611114602342263975908257375,1.0271831190335277,44190679624999363305250914887395988823337733463474012495250912262140335081783108946160946305084484964917255717978233305142175805733986682847687789520202478588857917205130285260209020359100722941510745845894994712762162219218581768588978102956036325354497399366864687561410615789412078728221922634592895112034646445801741744392380113994318379855801024037554109085908160960728972400156228738455617442426491044570985381254686188331454399702458356939341/88118333761301640056516031686440821490940459064776163057971026826879628800622014874165679387616372379476542217494624813776672420277414563716689900085666181751144105436567831970314154027898740086350452636897783262478461322609254828651517506292255527978564418888499698836208110335229042922669261088523781706866506761775718131622808445134900755118318403490123196778818090804036668151618480378579488138083813782989307122011247993535581536961212541848378125,0.0005014924560955134,6313521553340257087868019518586078896927414236694/6313073278266318830570260890637263543877005463715,1.0000710074244634,5320596059695104574642990407250958609028128779375/5034665492790823269991617324518409209383843224349,1.0567923663078922,0.022394027241555134
client,adult,2,Phi_A,5,5,0,1619827928705456845375464965986160096588765329247/16873649784981959775451049333640576655110963200,95.99748420446363,200072897201588232574399598514118791353198968229409374731158230932724759314473618860278343409/56944011413244347472567363836583839129970348011809506776653448087153648219196100966350848000,3.5135019861817143,307983026813438285725060286697973700509784687/3295634723629289018642783072976675127951360,93.45180902641864,4049708264562604925835946115480998661456995/41195434045366112733034788412208439099392,98.30478445992095,1.874433777486341
client,adult,2,Phi_B,5,5,0,668243176047304304170379604879640360954547754155/7030658372980505986355721681050406095408857088,95.0470269776479,87027030685902775341375202013564001946625813979013466965186583210012833977297905816715446469/49430157157560895628497336803237309408738573500325351299390568361718616659605466838407839744,1.7606059881319034,640070539461801867787983531769573835305152141/6865877317363775377300509454150787202547712,93.22487278400185,42604598385503046507232125523322375576965951437/439416148311281624147232605065650380963053568,96.9572887779309,1.32687828685675
client,adult,2,Phi,5,5,0,1619827928705456845375464965986160096588765329247/16873649784981959775451049333640576655110963200,95.99748420446363,200072897201588232574399598514118791353198968229409374731158230932724759314473618860278343409/56944011413244347472567363836583839129970348011809506776653448087153648219196100966350848000,3.5135019861817143,307983026813438285725060286697973700509784687/3295634723629289018642783072976675127951360,93.45180902641864,4049708264562604925835946115480998661456995/41195434045366112733034788412208439099392,98.30478445992095,1.874433777486341
client,adult,2,G,5,5,0,32521471958790356849295694492499668374047746521586297/170229815855790501194637911202432957585086952243200,191.04451118211153,52508370039747295645130964099688137173961417461195738900617886247724470949972484191491275297798531909/5795638041259268625323672633384546392031108027420068999669472855798407388428851994007319502389248000,9.059980914256396,775828544168893461287572619368333621882270257199/4156001363666760283072214628965648378542161920,186.6766818104205,826462431556832516178972366894551577025504551173447/4255745396394762529865947780060823939627173806080,194.19921883883532,3.0099802182500133
client,adult,2,pooled_SSE,5,5,0,2480521904470989183113681495192180950680752050011/871122859317602466466238995025326621327360,2847499.4978482323,271084253034399199950413528250083047147101711160792056202588932734825759123539156377692750341/151771007205135083665582961470587414581438034300948400097797844510851897281656913920,1786139909.2383912,237013391568810038378260954616886883953734207/85070591730234615865843651857942052864,2786079.02858367,63114926788795682219004402432732811695446860963/21778071482940061661655974875633165533184,2898095.308312171,42262.748481829614
client,adult,2,population_average,5,5,0,826840634823663061037893831730726983560250683337/8671156941647414951204942956482101188692541440,95.3552842357589,271084253034399199950413528250083047147101711160792056202588932734825759123539156377692750341/135340132872024271398806965764470455197283212852766934596539756369367718507530935155011092480,2.002984977787281,237013391568810038378260954616886883953734207/2540378010248266098985823131781865582624768,93.29847393288024,63114926788795682219004402432732811695446860963/650336770623556121340370721736157589151940608,97.04960512732474,1.41526851791004
client,adult,2,absolute_group_gap,5,5,0,80898079349822959922531063101541947411885763315211/85114907927895250597318955601216478792543476121600,0.9504572268157235,2156317894883608593214188205528345802026458627005037120014136254543453098924571415664916965145656171/1448909510314817156330918158346136598007777006855017249917368213949601847107212998501829875597312000,1.4882350343708397,7545178663596600773960449758346380127763572007/33248010909334082264577717031725187028337295360,0.22693624241678648,638251964880218446866575070999377691496665757/207800068183338014153610731448282418927108096,3.071471392959799,1.2199323892621425
client,adult,2,max_min_group_ratio,5,5,0,4213347151597926631767808252525888403215840991052976907587957349378916943950860527888540085727979845274117728954781472624847370376441539174773017604452356397210248273726087781689355752553890827956665158087530333964995642505801029767/4171677965869544279955258551384786204943051368184309968000879610620322636722705801068687804140044119522998453924921025555861176957661395210025717479817759808013931736910521594767936079192615462087414338557069742563070199189119484250,1.0099885911782496,10980510794551080040756549752929938695553584585763362735234320949521696056172698235137225950100649085757749293699312714534887927337299070993669209191228325560222262586211807337561959437827731990167568557050713519761252558917295100571569093254580279600170517657425146807530449374537714896404962526292452832575617803511509629705551621813697892605200078833447696680706312843701383338935529921125412585864773021063493226840344350899998848836384224882660432739807/66934219426620994808916899323778364435966379189698614641535634013292055867247364349404042533313242944522938408697426506626327816476519082005162668728378707579941369293675392833953908141539288273231424272557616890360764537174508716129220739462184913857524422730571331586673106418206811826046326944491553297993243405539548755068634750645042136346327072636805322414710958009648082531340808234156248811547124414123725625408790517773856967368535763907349319176915625,0.00016404928433637526,6214173532014744291074541404705015355185925629599/6199083174687551089526620505188322594930398485585,1.0024342885717055,81710963654079679588591884772060109992217788115/79157955794558805801125584488062599226231125087,1.032252069092673,0.012808172560376255
client,bank,0,Phi_A,5,5,0,32668200269037/717142097920,45.55331553368279,354245971573258769730027/51429278860909886832640,6.888021364859392,1533502599521/35857104896,42.767050044022604,14110027359667/286856839168,49.18839446391358,2.6245040226411147
client,bank,0,Phi_B,5,5,0,15354654009873/361465118720,42.47893701125586,1891386282670806936547411/627153753846065733304320,3.015825499045081,4369423704133/108439535616,40.29364086919146,6486345632443/144586047488,44.861490753326926,1.736613226669969
client,bank,0,Phi,5,5,0,212750304986526299/4635247949905920,45.898365585997276,363650949945545476383021843290791/68753675382742509586357923348480,5.289185602386335,1175432878477/27109883904,43.35809340384404,14110027359667/286856839168,49.18839446391358,2.2998229502260243
client,bank,0,G,5,5,0,27203421208968471/309016529993728,88.03225254493864,5640744985598813135201975774915/3055718905899667092727018815488,1.8459633098804489,39921139460207713/463524794990592,86.12514344786665,331817136664947377/3708198359924736,89.48203533310503,1.3586623237141924
client,bank,0,pooled_SSE,5,5,0,2460380071833/1310720,1877121.0264839171,1315952741944240116566683/2814749767106560,467520330.69603276,3884368356475/2097152,1852211.1685156822,16001253664197/8388608,1907498.0812307596,21622.21844991935
client,bank,0,population_average,5,5,0,2460380071833/56298045440,43.70276183842236,1315952741944240116566683/5192859517524876973834240,0.25341581791364837,3884368356475/90076872704,43.12281543387228,16001253664197/360307490816,44.409994441021595,0.503404229137627
client,bank,0,absolute_group_gap,5,5,0,17449291838525533/4635247949905920,3.7644786270559045,1658663219134860930568617031563283/137507350765485019172715846696960,12.06236037492763,273963252191779/463524794990592,0.5910433598214299,32983510691883241/3708198359924736,8.894753594722127,3.473090896439025
client,bank,0,max_min_group_ratio,5,5,0,3727296141874997408586551370851085844260885671027524927899577410457586101/3415326477291374733940273468409597919256108922787839329509406592613807900,1.0913440242559298,4363870027608712642170867844867553937189168949724343273734617929390742416775571436351174872099124156244224519713147224756143445992193123484119/583222747324375560809749613106930543030638457405136817980003880133992600050168738247402099377849600236069127232687011037010412267005686905120500,0.007482338519251248,20097551356199746/19823588104007967,1.0138200637924064,182400323678415309/149416812986532068,1.220748321642065,0.08650051167045919
client,bank,1,Phi_A,5,5,0,390127964072259490944503910342559737333189307/11636295819228411696593558075736745758949376,33.526817307926464,4497340228584837611783743674508157672954891357157189703521365839526135475499363369881/67701690196296306450608402330599553834458287924417532357519498797676146023197665394688,0.06642877327796566,48440307463358006045323189050757812023662399/1454536977403551462074194759467093219868672,33.302905471559264,3085462225042003785705503162963327345423765/90908561087721966379637172466693326241792,33.94028228061706,0.2577377994745157
client,bank,1,Phi_B,5,5,0,5880850037197580851862288367773061146863555397/175953206287478860687641742010818706779668480,33.422806900087004,151035505659569611840929706156085384218266612402841114426860492770354749982156780174789/6191906160568818094615990702944280984306582737070768873819906391153752946611339741102080,0.02439240869336669,390492189373027089966533189297011077076760399/11730213752498590712509449467387913785311232,33.28943509574584,3086672869427002723108475917775029986590863/91642294941395239941480073963968076447744,33.68175001947424,0.15618069244745553
client,bank,1,Phi,5,5,0,25229093557463314879450123821476397355288271500841/752111980275828390009324626225244562129692917760,33.54433145475337,3289862501476032637169071665014168644960441865035619613119376407386403441136114834247033312553/56567243087442807317633202692119332049340163284811838565180782547491860844752669515710212341760,0.05815843802729604,388425477015792555879987699561118640183313737/11636295819228411696593558075736745758949376,33.380508973821236,3085462225042003785705503162963327345423765/90908561087721966379637172466693326241792,33.94028228061706,0.24116060629235456
client,bank,1,G,5,5,0,100707228883623103096966723746074596989597916804843/1504223960551656780018649252450489124259385835520,66.94962420801347,74728136254069323443885001139368078101567413157592707697426179732461375952345751159582110979599/452537944699542458541065621536954656394721306278494708521446260379934886758021356125681698734080,0.16513120530408615,6685768487872108838697626230117868139029022436517/100281597370110452001243283496699274950625722368,66.66994406956708,52978479816143434905064386879476686418227294557/783449979453987906259713152317963085551763456,67.6220323000913,0.40636339070355015
client,bank,1,pooled_SSE,5,5,0,9782129677920175761307327471198658520195448467/6805647338418769269267492148635364229120,1437354.7719257763,635220272042369790470373091736761303717087149609206485056392055585098866280560353336779/9263367138985295633885678800695032628261598773251245123156606720633050371194880,68573366.73713566,1948327522150666381659574967013270511596908671/1361129467683753853853498429727072845824,1431404.9973998084,15430943058365015740736434079251744650620119/10633823966279326983230456482242756608,1451118.9114374775,8280.903739154059
client,bank,1,population_average,5,5,0,1397447096845739394472475353028379788599349781/41759452068537568236225331824026594909880320,33.46421055889775,635220272042369790470373091736761303717087149609206485056392055585098866280560353336779/17089748003231968548799080492999803036321407766729144663716939106729621242955095888363520,0.03716966873486014,1948327522150666381659574967013270511596908671/58463232895952595530715464553637232873832448,33.32568908082996,15430943058365015740736434079251744650620119/456744006999629652583714566825290881826816,33.78466454268666,0.1927943690434452
client,bank,1,absolute_group_gap,5,5,0,209145346230156420833771539830992431555169198521/1504223960551656780018649252450489124259385835520,0.13903870149326353,2656019491082939455175500489194459657660225031229436981255289179625085801908292583278970312731/452537944699542458541065621536954656394721306278494708521446260379934886758021356125681698734080,0.005869164171076028,6319556089606057544225617376945756708878209637/75211198027582839000932462622524456212969291776,0.08402413809827139,202547094680542345355665637359223707496718983/783449979453987906259713152317963085551763456,0.2585322611428289,0.07661047037498221
client,bank,1,max_min_group_ratio,5,5,0,4200274691906062849150160976132941915163209767210615923231671543934328135841133414911685998571575906531764129943590287285245419881712884932838149968010875115307913284838736912719315569375692900332332360838346678717623001604400/4182901618327892704304181050119107804291375800221697954908080761633043055566921239691151749346047445536023853739462948985084364841899384516127987118652332496842064442896924807573124484956200303169196144877409024718326313775801,1.0041533545761745,179365616617434774409983863910398121055278504273833522367685424078952376354778998003093763124315905703426677508928126302446586283250573654826673928058299517213172203647534789181990634804256132894113041669715065980827534161750558023248743720852984960544161755176469626658919983792125000503766868967461332984015615409001508723976703855765699220733161235672018971547143514718183498600799536125987528529083794011347674624393323187359257448821586659107/34993331897220207541672445165904438729448800055343074945147187729572765792916673794468372890260283135752155578127406271157380738153844619967457320337152622720491787895739830848244296575625665373016595492081610893699582856984435068269382184677310474688058907976800004973379264558776337315688397690664764332935919156729424057429480231976001716132929521557005144059000930182119394345845762302327368532286971100171148083539551411534627038357027010586383202,5.125708439089311e-06,2512026860208891735131139402502815008607089477034/2505707304119285677586913785125869251898211267397,1.0025220647596058,26590513455411988625210026258417955062862006770/26387966360731446279854360621058731355365287787,1.007675737186855,0.002264002747147033
client,bank,2,Phi_A,5,5,0,3037588357807888918473150667606427077299658887/93090366553827293572748464605893966071595008,32.63053385928474,241630953749745097634529808279161014211466835901168790130475214114955154369052308228129/8665816345125927225677875498316742890810660854325444141762495846102546690969301170520064,0.027883230399366816,11780516505182337111579671467457430679290489/363634244350887865518548689866773304967168,32.396609197825605,5966058599223647189759844725373142049949701/181817122175443932759274344933386652483584,32.81351353403733,0.16698272485310214
client,bank,2,Phi_B,5,5,0,11465738635750279737049847054313336621774793039/351906412574957721375283484021637413559336960,32.58178375282668,4178647706339313459610683585846954596174614092118083168456451103999248696709580158479/171997393349133835961555297304007805119627298251965802050552955309826470739203881697280,0.024294831595832185,35578966645327361079784038489928957872389849/1099707539296742879297760887567616917372928,32.353116964242986,1126095029071629720502169404199381085203005/34365860603023214978055027736488028667904,32.76784021444135,0.1558679941355254
client,bank,2,Phi,5,5,0,32726130083713902845320650209768876263138173234327/1002815973701104520012432834966992749506257223680,32.63423294199353,5554849869884255935156774953896033134687656008545939705440559780511415824572495838502005499159/201127975422018870462695831794202069508765025012664314898420560168859949670231713833636310548480,0.027618484490925414,11780516505182337111579671467457430679290489/363634244350887865518548689866773304967168,32.396609197825605,5966058599223647189759844725373142049949701/181817122175443932759274344933386652483584,32.81351353403733,0.1661880997271628
client,bank,2,G,5,5,0,392375722700971183189590378335390843700368863542067/6016895842206627120074597009801956497037543342080,65.21231761211142,246475247953737447132799691548113096402313304426410223524057987244322957251447211025045893105173/2413535705064226445552349981530424834105180300151971778781046722026319396042780566003635726581760,0.10212206408903261,608738059575887753553854571170047073633437121707/9401399753447854875116557827815557026621161472,64.74972616206858,154139130740430987066609882656902678458903702787/2350349938361963718779139456953889256655290368,65.58135374847868,0.31956543005937393
client,bank,2,pooled_SSE,5,5,0,38119419060540004066465447446658808630047880513/27222589353675077077069968594541456916480,1400286.3050716314,6887296659851690239588591464496925310940389737737491381548237020738330407434788022928019/148213874223764730142170860811120522052185580372019921970505707530128805939118080,46468636.596420445,59139999655692035302943381424843819230970827/42535295865117307932921825928971026432,1390374.7100579604,14974818831796684953777199958968190731573741/10633823966279326983230456482242756608,1408225.1953091368,6816.790784263549
client,bank,2,population_average,5,5,0,38119419060540004066465447446658808630047880513/1169264657919051910614309291072744657476648960,32.601189818207104,6887296659851690239588591464496925310940389737737491381548237020738330407434788022928019/273435968051711496780785287887996848581142524267666314619471025707673939887281534213816320,0.02518796890154986,59139999655692035302943381424843819230970827/1826976027998518610334858267301163527307264,32.37043001624978,14974818831796684953777199958968190731573741/456744006999629652583714566825290881826816,32.78602149630138,0.1587071797416546
client,bank,2,absolute_group_gap,5,5,0,337838303595650954257424181835671457289215269857/6016895842206627120074597009801956497037543342080,0.05614827187564421,3050686100468156914256597477933097277550920744277009835081780987290591192101322185446976148173/2413535705064226445552349981530424834105180300151971778781046722026319396042780566003635726581760,0.0012639904576787586,7418998456838942137269285957281145855195748239/401126389480441808004973133986797099802502889472,0.018495413543966492,44702572324400113983809257075310711985010347/391724989726993953129856576158981542775881728,0.11411723402061943,0.035552643469631884
client,bank,2,max_min_group_ratio,5,5,0,341402832595773893608411761105916107552335130755755420978937839855164543412488662052223256652147371252198025480938988369571599986311377729693298558423941763758418450091842401518350073344799043134517690278261661308212283878109/340815720809240397035912075917625990377697058156890799368249076399926510039981991098526623031165292895340154618701687875933167902872601446712564141417267902360414867934219731365271773377724097801549477565641781048232930725480,1.001722666387394,68730954410867834746797106544904589240859710429635394524690121085832469032155294435545034879643597768504130463741158881032297623977111823728761486736271594477432410356306816366238480297337070950412593919435531886387307930323254638845812359398259655438779471849952177720777782138901080665692994259464434960826831391798634406526184783225669290645590000613968569161966590936278700974330084327366177250646757314728102163829031851817303823016289559/58077677775361048896315250107980669674606529166745024346091617067119504383478093251578153799032914470282385729787967975564692394597147499351142157082197814878612565959324082706216719024520713870952414458870193703190577235305704555699919877003305241920927207701902698554636372629102476699247166824801375181309775617240814461555167188347620020053480223569817760308904904653896236268108960769984033754391508520417522454265913533337083064476319560615200,1.1834315186759473e-06,13081936075592826893263935797219101994972116577494/13074517077135987951126666511261820849116920829255,1.0005674395783086,4278883390052352226806021456881648134587128125/4263982532610885522144751704523211230592124676,1.0034945868862044,0.0010878563869720797
client,credit,0,Phi_A,5,5,0,7528931151433/447280578560,16.8326806759016,3801064510540862422147/1250374474731052072960,3.039940903590861,670087797153/44728057856,14.981374762801416,420684018515/22364028928,18.810743800652983,1.743542630276318
client,credit,0,Phi_B,5,5,0,10284349629443/511054970880,20.123764008662487,15657627951817278015343/17411812217410509864960,0.8992532056003235,1279395013915/68140662784,18.77579350777041,2907748782879/136281325568,21.336369974095437,0.9482896211602885
client,credit,0,Phi,5,5,0,10284349629443/511054970880,20.123764008662487,15657627951817278015343/17411812217410509864960,0.8992532056003235,1279395013915/68140662784,18.77579350777041,2907748782879/136281325568,21.336369974095437,0.9482896211602885
client,credit,0,G,5,5,0,402817132126031081/10899780418928640,36.95644468456409,6762339931336224204976509005999/990043443173834990830045102080,6.83034666605925,24562416331860857/726652027928576,33.802171311459055,1823311352493763/45415751745536,40.14711377474842,2.61349319227337
client,credit,0,pooled_SSE,5,5,0,9733265933841/16777216,580147.8584910035,140189940633412369690913/140737488355328,996109439.4371085,9020571475029/16777216,537667.958440125,10405982422697/16777216,620244.8858438134,31561.201489124403
client,credit,0,population_average,5,5,0,9733265933841/498300092416,19.53294025423398,140189940633412369690913/124151491050897070358528,1.129184510365165,9020571475029/498300092416,18.102688745837682,10405982422697/498300092416,20.88296305995803,1.0626309379860748
client,credit,0,absolute_group_gap,5,5,0,35872085667489527/10899780418928640,3.2910833327608873,1037606667051231518532069692441/990043443173834990830045102080,1.0480415523231188,608673565420067/272494510473216,2.2337094584512545,5225426258434781/1089978041892864,4.794065621138814,1.0237390059595848
client,credit,0,max_min_group_ratio,5,5,0,192576528384538161761316394708385587502595579467541581023120511/160228275020680738902797509095741835081155027203100785297007825,1.2018885453249886,23287959416686555391753236343794826485922041189264394077200726565188301442516693032340168756883793550163678849786345255959/3423080015480387098755862409997430730819008010139072015251719328990324208546718842120663575995656680324509320733186414830750,0.006803217953238051,10996154923814839/9778807792974705,1.1244882972047678,21554795787256238/16329369528821457,1.320001715265973,0.08248162191202384
client,credit,1,Phi_A,5,5,0,3211125942493488928830495039119005856835707/234114268441605662862801729913056529481728,13.716062518822637,59609040180794305024656962143942913058291038891425835352444510244284698665151999625085/52671920551118217515518367739162226661757196744331621426049983229500608771270717210624,1.1317043228553552,23192156578377910476067702360719431783209/1771860918381292858580774811353699319808,13.089151827766152,112968468056875274869334092919173749162937593/7257542321689775548746853627304752413933568,15.565664387413836,1.0638159252687258
client,credit,1,Phi_B,5,5,0,760859222428987752248005992630638977032111097/55282273329975662774259838723365063633141760,13.763168129636732,1781738107675218060102313473353826394804963316786985223359905860180260861280832679310867/1833677846718083072741446546676476882709382352805035969115589805349392572918148953538560,0.9716745560645634,852074828297921294621919527239366217914343/64783914058565229813585748503943433945088,13.152567897142463,513993238817876883955635378857400952758551275/33169363997985397664555903234019038179885056,15.49602334398378,0.9857355406317474
client,credit,1,Phi,5,5,0,283759188031830869959699698870399789280389286267/20565005678750946552024660005091803671528734720,13.798157533456394,160276414649506129012406674139173973245160936479410997005531559767178641056748819270637024458001/156395615778098299825942858218116079918748401575682602790039900174598887335997925243400560312320,1.024813987605088,852074828297921294621919527239366217914343/64783914058565229813585748503943433945088,13.152567897142463,112968468056875274869334092919173749162937593/7257542321689775548746853627304752413933568,15.565664387413836,1.0123309674237413
client,credit,1,G,5,5,0,261287666412158946231107586746288326924905348489/9508551012755813997172692260418790944900382720,27.47923064845937,72559186410606423571364816131364249412900690799534162842749275922387757630013000673994378800721/17377290642010922202882539802012897768749822397298066976671100019399876370666436138155617812480,4.175517801100079,3022433375546139953922375034337817369748458747/115142609920089935122013070341008796598403072,26.24947773585936,5493540547454913118542250350415006973460221602117/176859048837258140347412076043789511575147118592,31.061687731397615,2.0434083784452093
client,credit,1,pooled_SSE,5,5,0,695075547093363510178186177238840709726466969/1701411834604692317316873037158841057280,408528.68950147985,508585591808440244901978281350599119623986509688668244091583738334499308495422237999841/578960446186580977117854925043439539266349923328202820197287920039565648199680,878446179.11003,1038010710143833769275695304633924536166465/2658455991569831745807614120560689152,390456.2322774744,156740426718688039706242367944143675480372217/340282366920938463463374607431768211456,460618.7153832313,29638.59273160637
client,credit,1,population_average,5,5,0,695075547093363510178186177238840709726466969/50533632899593966516628446076654738242273280,13.754711609086558,508585591808440244901978281350599119623986509688668244091583738334499308495422237999841/510729610806185143202510428531970088543526564320370044243548240487438732859524440391680,0.9958020468122838,1038010710143833769275695304633924536166465/78958801405615572682231946994773028503552,13.146231853387913,156740426718688039706242367944143675480372217/10106726579918793303325689215330947648454656,15.508525483425855,0.9978988159188705
client,credit,1,absolute_group_gap,5,5,0,20707438881334563408233707089913494819456241897/176859048837258140347412076043789511575147118592,0.11708441845341541,527918988972709451807977889854627849218706528519188288130583656314993116626243083175897642261/31279123155619659965188571643623215983749680315136520558007980034919777467199585048680112062464,0.01687767864675141,4698933626874438188943833401465971333506003/1381711319041079221464156844092105559180836864,0.0034008070731703513,4893686789067184522378823370024019757154741/14392826240011241890251633792626099574800384,0.34000874515270757,0.12991412027470844
client,credit,1,max_min_group_ratio,5,5,0,7990222516271111866246558533406670209222513902502447004293736581207382348409492890937100773392338961855833148863479837972272583435464737532738173104584836530069119688215840733074877790549802254308309017496436504483547/7921139608087543684599294656325960325239472834770428434984391257815389691203335375089261831600482878280420381792576473947217996518316314222304188888986746894448385900993936281379261351851471435332640004793060646907750,1.0087213345050798,10066873770866434320813433624165403389845188403645319816525254014297967946144291744773626352944767490209354963585644149220121421677677684335954576591802126346300103189509340674996154087680323403272779440807420995583754599077664370983265633105572873058186940330595618083684165204716636334343419501889385488062122233427509755011799559176951592993899682136553955217635588207252449886555177489411585778704734946390541483013452606154047/100391124305301256254443406270217351939477810786559383509424653153464035621273231754770489860585715164975804463730069592655777938255511390790542709007536325466448884018586128823009661731809393632824750185076641727794638561979199482033668223743604645204987577977254783132549778921643032239300987983002824718566072502383211666902994815661723156328376322827993518122729091159419391769980531916147682653388512625149255897182271419216100000,0.00010027653182020238,18173051937938065371696299676961202695677107504/18168353004311190933507355843559736724343601501,1.0002586328890548,193283574675230951319476769646147964132161448/188389887886163766797097946276123944375006707,1.025976377203559,0.010013817045472839
client,credit,2,Phi_A,5,5,0,1470822440069958878439074834965686329526249/113399098776402742949169587926636756467712,12.97031859988664,113120029121416026807941555805411045365072936361520100692854776549614214781067391/6429677801650173036562300749409451496796532805704543631109617093444898531649257472,0.017593421103058046,728918634364720490111534771485221463672915/56699549388201371474584793963318378233856,12.8558100060739,5812420142768731078005118907446449095303/442965229595323214645193702838424829952,13.121617125747646,0.13264019414588493
client,credit,2,Phi_B,5,5,0,26909178492337532482744359574202936498615401/2073085249874087354034743952126189886242816,12.980256597731286,21668007913186254678355291188679961940520888956348488275103483660940753949428546647/1432560817748502400579255114590997564616704963128934350871554535429212947592303869952,0.015125366856843804,1665825363778704073820631159723721203434327/129567828117130459627171497007886867890176,12.856782335448143,13320720441388328574969749621213401477957/1012248657165081715837277320374116155392,13.159533823136433,0.12298523023860956
client,credit,2,Phi,5,5,0,35950233188155013315184991186753178576332612105/2763422638082158442928313688184211118361673728,13.009314135569511,135733791296459377571623520521366002066587119863128150795056615302431544982849582601391751/7636504676664956046188616123931449214782636795687627089357417000712836295703023693525417984,0.017774334861762643,364555383151990074555505915902682097684187/28349774694100685737292396981659189116928,12.859198603361406,13320720441388328574969749621213401477957/1012248657165081715837277320374116155392,13.159533823136433,0.13332042177312012
client,credit,2,G,5,5,0,35856203486175379354090022982845662258439745707/1381711319041079221464156844092105559180836864,25.950575197617926,35456618111571041134642488958187935518381032389540441730932014279342432372021975069986363/636375389722079670515718010327620767898553066307302257446451416726069691308585307793784832,0.055716513687079874,17766030971698896248454729008279341495177784567/690855659520539610732078422046052779590418432,25.715980938809547,283695029246096343563384152616182231364372255/10794619680008431417688725344469574681100288,26.28115094888408,0.23604345720032122
client,credit,2,pooled_SSE,5,5,0,32792468252617367996500658914065681816720397/85070591730234615865843651857942052864,385473.61180470925,90249637982708979721675341424583568882713654999220697267263646945235946571907971513/7237005577332262213973186563042994240829374041602535252466099000494570602496,12470577.370478855,1015190373465347074188068537813201650559257/2658455991569831745807614120560689152,381872.1756856588,32453861025545388227944618149873252051217/83076749736557242056487941267521536,390649.1422504982,3531.3704663315707
client,credit,2,population_average,5,5,0,32792468252617367996500658914065681816720397/2526681644979698325831422303832736912113664,12.978472502767895,90249637982708979721675341424583568882713654999220697267263646945235946571907971513/6384120135077314290031380356649626106794082054004625553044353006092984160744055504896,0.014136582030597396,1015190373465347074188068537813201650559257/78958801405615572682231946994773028503552,12.857216110085815,32453861025545388227944618149873252051217/2467462543925486646319748343586657140736,13.152726919985799,0.11889735922465812
client,credit,2,absolute_group_gap,5,5,0,47014850989816980547484101953758158946433199/690855659520539610732078422046052779590418432,0.06805307352109663,5161629286209780038441337788039922905836380982919242388583031085424373646921757277433651/1272750779444159341031436020655241535797106132614604514892902833452139382617170615587569664,0.004055490964589303,1669292362796005231518320985578581754121439/690855659520539610732078422046052779590418432,0.002416267913263546,1542242655836830302764555030316432778808309/10794619680008431417688725344469574681100288,0.14287142127786626,0.06368273678626966
client,credit,2,max_min_group_ratio,5,5,0,309579180055067167457999833690697687010787963928776338891010491869855083888964397127826483291298009228433687558462184014013731291224058657399131973364239791529963533474516002543595370753335931956602178375813350563/307960868946370293031532118578155724625080686079761123659484749807426524709051092344656372228787619967619875041479518457809459261466869493556438213092189840384961476603365068801022633888435042797666807073152351325,1.005254924478664,14715146085929606002825475000079463514944345178963119797165126606101810812722313577210167182204958979217075647755028398570488780155994779463094275614356935926607902131876530832197898959110772371459097489898876796986359584637342685680445351407523365481793061091380331960999914058188440433501212713472414385036267746343753356669012509826431831428828111268229823205896602319019801145289015314781519656991739063838115298082533/606975339534102135541930859180822369189451986166235054171652951839459459547854935311213758837769880640504646715448383845555512566341100347084696512666247407401978011374748397266482374285684808987555191967251023126305014840708730900177657842864882660280393870256610576528443349347365384907608570200657929333943134883523065503235651073176226799389438494493353066797728715406973765811977352585121279538658030471712348007867236000,2.424340022977631e-05,8883850132030846126843123664632460038465953003/8882180839668050121611605343646881456711831564,1.0001879372186773,141470144965711578858669938717845371806709777/139927902309874748555905383687528939027901468,1.01102169496132,0.004923758750159913
