kappa,method,n_seeds,n_output_10,mean_G,exact_mean_G,se_G,G_star,ratio_G,se_ratio_G,mean_Phi,exact_mean_Phi,se_Phi,Phi_star,ratio_Phi,se_ratio_Phi
1,centralized,10000,2484,74.84,1871/25,0.43210659750941216,75/2,1.9957333333333334,0.011522842600250991,62.42,3121/50,0.21605329875470608,25,2.4968,0.008642131950188243
1,merged_1k,10000,2444,74.44,1861/25,0.4297523806924996,75/2,1.9850666666666668,0.011460063485133322,62.22,3111/50,0.2148761903462498,25,2.4888,0.008595047613849991
1,merged_2k,10000,2587,75.87,7587/100,0.4379423356435581,75/2,2.0232,0.011678462283828217,62.935,12587/200,0.21897116782177906,25,2.5174,0.008758846712871162
1,splitgroup_2k,10000,2529,75.29,7529/100,0.4346958546485173,75/2,2.0077333333333334,0.011591889457293794,62.645,12529/200,0.21734792732425864,25,2.5058,0.008693917092970346
2,centralized,10000,1696,55.946666666666665,4196/75,0.5003997068877359,250/9,2.01408,0.018014389447958492,44.64,1116/25,0.25019985344386797,200/9,2.0088,0.01125899340497406
2,merged_1k,10000,2452,66.02666666666667,4952/75,0.5736363068425145,250/9,2.37696,0.020650907046330522,49.68,1242/25,0.28681815342125727,200/9,2.2356,0.012906816903956578
2,merged_2k,10000,1566,54.21333333333333,4066/75,0.48458852917115197,250/9,1.95168,0.01744518705016147,43.77333333333333,3283/75,0.24229426458557599,200/9,1.9698,0.010903241906350919
2,splitgroup_2k,10000,1700,56.0,56,0.5008687766247605,250/9,2.016,0.018031275958491376,44.666666666666664,134/3,0.25043438831238024,200/9,2.01,0.01126954747405711
4,centralized,10000,1057,36.912,4614/125,0.4919498216919143,18,2.050666666666667,0.027330545649550796,28.456,3557/125,0.24597491084595716,16,1.7785,0.015373431927872322
4,merged_1k,10000,2374,57.984,7248/125,0.6808171014248682,18,3.2213333333333334,0.03782317230138157,38.992,4874/125,0.3404085507124341,16,2.437,0.02127553441952713
4,merged_2k,10000,1011,36.176,4522/125,0.48236186592326064,18,2.009777777777778,0.026797881440181148,28.088,3511/125,0.24118093296163032,16,1.7555,0.015073808310101895
4,splitgroup_2k,10000,1036,36.576,4572/125,0.4876098837594189,18,2.032,0.027089437986634383,28.288,3536/125,0.24380494187970944,16,1.768,0.01523780886748184
8,centralized,10000,560,21.066666666666666,316/15,0.40877017379514224,850/81,2.007529411764706,0.03895339303224297,16.08888888888889,724/45,0.20438508689757112,800/81,1.629,0.020693990048379077
8,merged_1k,10000,2553,56.49777777777778,12712/225,0.7752026940643663,850/81,5.383905882352941,0.07387225672848667,33.80444444444444,7606/225,0.38760134703218313,800/81,3.4227,0.03924463638700854
8,merged_2k,10000,540,20.711111111111112,932/45,0.4018293336081893,850/81,1.9736470588235293,0.038291971790898036,15.911111111111111,716/45,0.20091466680409464,800/81,1.611,0.020342610013914585
8,splitgroup_2k,10000,560,21.066666666666666,316/15,0.40877017379514224,850/81,2.007529411764706,0.03895339303224297,16.08888888888889,724/45,0.20438508689757112,800/81,1.629,0.020693990048379077
16,centralized,10000,291,11.36,284/25,0.31641460239531966,1650/289,1.9897212121212122,0.055420497025604476,8.621176470588235,3664/425,0.15820730119765983,1600/289,1.5572,0.028576193778827308
16,merged_1k,10000,2435,51.71764705882353,4396/85,0.8079355569732751,1650/289,9.058424242424243,0.14151113694865244,28.8,144/5,0.40396777848663756,1600/289,5.202,0.07296667998914892
16,merged_2k,10000,300,11.529411764705882,196/17,0.32112141382236203,1650/289,2.0193939393939395,0.05624490217858341,8.705882352941176,148/17,0.16056070691118102,1600/289,1.5725,0.029001277685832074
16,splitgroup_2k,10000,293,11.39764705882353,4844/425,0.3174673726084527,1650/289,1.9963151515151516,0.05560489132354111,8.64,216/25,0.15873368630422635,1600/289,1.5606,0.028671272088700888
32,centralized,10000,169,6.307878787878788,5204/825,0.2499942099875658,3250/1089,2.1136246153846154,0.08376729066967975,4.669090909090909,1284/275,0.1249971049937829,3200/1089,1.58895,0.042538077293196745
32,merged_1k,10000,2537,52.232727272727274,14364/275,0.8439266555094159,3250/1089,17.50198153846154,0.28278034703069355,27.631515151515153,22796/825,0.42196332775470796,3200/1089,9.40335,0.14359939497652408
32,merged_2k,10000,140,5.745454545454545,316/55,0.22787161232228662,3250/1089,1.9251692307692307,0.07635451871352927,4.387878787878788,724/165,0.11393580616114331,3200/1089,1.49325,0.038773779034214084
32,splitgroup_2k,10000,164,6.210909090909091,1708/275,0.24633092289940278,3250/1089,2.081132307692308,0.08253980770383065,4.620606060606061,3812/825,0.12316546144970139,3200/1089,1.57245,0.04191474609960151
64,centralized,10000,76,3.035076923076923,4932/1625,0.17102850629335836,258/169,1.988093023255814,0.11203030063402156,2.286769230769231,3716/1625,0.08551425314667918,256/169,1.509625,0.05645276867886243
64,merged_1k,10000,2570,52.14769230769231,16948/325,0.8605563178496756,258/169,34.15875968992248,0.5636977430875781,26.84307692307692,8724/325,0.4302781589248378,256/169,17.720625,0.28405081585272496
64,merged_2k,10000,63,2.7790769230769232,4516/1625,0.1558175058776008,258/169,1.8204031007751937,0.10206650578804083,2.1587692307692308,3508/1625,0.0779087529388004,256/169,1.425125,0.05143195018225495
64,splitgroup_2k,10000,87,3.251692307692308,5284/1625,0.18288601974557606,258/169,2.129984496124031,0.1197974315387688,2.395076923076923,3892/1625,0.09144300987278803,256/169,1.581125,0.060366674486332726
128,centralized,10000,30,1.3705426356589148,884/645,0.10853759079667849,12850/16641,1.7748793774319067,0.14055829170797873,1.0728682170542636,692/645,0.054268795398339245,12800/16641,1.3948125,0.0705536737674815
128,merged_1k,10000,2433,49.05798449612403,158212/3225,0.8515396844523625,12850/16641,63.531044357976654,1.1027604582857404,24.91658914728682,80356/3225,0.42576984222618125,12800/16641,32.3935125,0.5535340581629595
128,merged_2k,10000,35,1.4697674418604652,316/215,0.11720459662131064,12850/16641,1.9033774319066148,0.15178223286966774,1.1224806201550388,724/645,0.05860229831065532,12800/16641,1.4593125,0.07618756610840743
128,splitgroup_2k,10000,48,1.7277519379844961,5572/3225,0.13716641031864982,12850/16641,2.237472373540856,0.17763316996985618,1.2514728682170542,4036/3225,0.06858320515932491,12800/16641,1.6270125,0.08916352477002545
