seed,T,method,repeats,algorithm_seconds_mean,algorithm_seconds_sd,algorithm_seconds_min,algorithm_seconds_max,algorithm_seconds_CV,request_seconds_mean,request_seconds_sd,request_seconds_min,request_seconds_max,request_seconds_CV,preparation_seconds_mean,preparation_seconds_sd,preparation_seconds_min,preparation_seconds_max,preparation_seconds_CV,output_seconds_mean,output_seconds_sd,output_seconds_min,output_seconds_max,output_seconds_CV
10000,0,compact,3,0.0024236803292296827,0.00015971364980268412,0.0022802499879617244,0.0025957909820135683,0.06589715973535415,0.003010958336138477,0.00012526869857647376,0.002899292012443766,0.0031464170024264604,0.041604261697333736,8.196705797066292e-07,4.591274230232475e-07,3.7500285543501377e-07,1.2920063454657793e-06,0.5601365162911852,0.0005864583363290876,0.00010648978574227909,0.0005034999921917915,0.000706541002728045,0.18158116126176604
10000,0,direct,3,0.0024218473311824105,0.00013968123291406,0.0022617919894400984,0.00251912500243634,0.05767549057101956,0.002947444668582951,9.578052927496462e-05,0.0028369589999783784,0.0030069999920669943,0.03249612462479685,7.363366118321816e-07,1.7334149879869944e-07,5.420006345957518e-07,8.750066626816988e-07,0.2354106749729371,0.0005248610007887086,4.820866007892915e-05,0.0004783750046044588,0.0005746250099036843,0.09185033753029087
10000,0,fresh,3,0.39417029133376974,0.003416461174896554,0.3912393329956103,0.39792254101485014,0.008667475073618912,0.3947148470033426,0.0033886622425552083,0.39179987501120195,0.3984329160011839,0.0085850893835937,4.2916702417035895e-06,5.907314513680453e-07,3.6249984987080097e-06,4.750007065013051e-06,0.13764604876388475,0.0005402639993311217,3.000567438178455e-05,0.0005056249792687595,0.0005582500016316772,0.05553891138208973
10000,1,direct,3,0.4503682913297477,0.0009638425210875762,0.449288332980359,0.45114120800280944,0.002140120740387285,0.4514214860003752,0.0009434217497484113,0.4503647079982329,0.4521789160207845,0.002089891108434363,3.890017978847027e-07,6.415121342502997e-08,3.3300602808594704e-07,4.5899651013314724e-07,0.16491238285753096,0.0010528056688296299,2.0489088818692608e-05,0.001037333015119657,0.001076042011845857,0.019461415743961246
10000,1,fresh,3,0.8253361249905234,0.00227590047837887,0.8238475419930182,0.8279559999937192,0.0027575437563756243,0.8265610000041003,0.0021844334521812178,0.8248665830178652,0.82902637499501,0.0026427976303870877,2.3886774821827808e-06,4.2168467669533763e-07,2.1250161807984114e-06,2.875021891668439e-06,0.17653478958155577,0.0012224863360946376,0.00031336899035615365,0.0010161660029552877,0.0015830839984118938,0.25633741752668104
10000,2,direct,3,0.9249833610083442,0.0057536795474474834,0.9189875420124736,0.930459666007664,0.006220305996829255,0.9266103749978356,0.005812065498556948,0.9205850829894189,0.9321827079984359,0.006272394153336049,4.1666013809541863e-07,3.3014393961598794e-07,1.66997779160738e-07,7.909839041531086e-07,0.7923578701939139,0.0016265973293532927,8.536170215503692e-05,0.0015601670020259917,0.001722874992992729,0.0524786931680106
10000,2,fresh,3,1.306212750011279,0.008230002738101176,1.2970097080105916,1.3128663330280688,0.006300660239329398,1.3078754443267826,0.008221253559408493,1.2986927919846494,1.3145519999961834,0.006285960635678355,3.3056615696599088e-06,1.2946121053384285e-06,2.416985807940364e-06,4.791014362126589e-06,0.39163479928516093,0.001659388653934002,3.885610488376184e-05,0.0016145409899763763,0.0016829579835757613,0.023415915729954873
10001,0,compact,3,0.002209083342071002,4.024821847206993e-05,0.002163334022043273,0.0022390410013031214,0.018219420564883477,0.0025711246707942337,3.599219580022085e-05,0.002534583007218316,0.002606541005661711,0.013998619440380024,4.859951635201772e-07,2.6736869694131547e-07,2.9199873097240925e-07,7.909839041531086e-07,0.5501468265747773,0.00036155533355971176,1.2643717662853323e-05,0.00034708299790509045,0.00037045800127089024,0.034970353053207504
10001,0,direct,3,0.002215944667113945,7.222380185998728e-06,0.0022077920148149133,0.0022215420030988753,0.0032592782180816747,0.0026414723348959037,0.00012699805518844232,0.002564124995842576,0.002788042009342462,0.04807851042416733,3.886719544728597e-07,2.3675574027240007e-08,3.7500285543501377e-07,4.1601015254855156e-07,0.060914027253008894,0.0004251389958274861,0.00013412072310317144,0.00034220798988826573,0.0005798749916721135,0.3154749962235769
10001,0,fresh,3,0.3787579583392168,0.00055753807132051,0.378138250001939,0.3792188750230707,0.0014720167828689613,0.3792115139949601,0.0005527817137505892,0.3786008750030305,0.37967779199243523,0.0014577134220611664,2.1529849618673325e-06,2.5117496488389153e-07,1.916982000693679e-06,2.416985807940364e-06,0.11666359465234806,0.00045140267078143853,1.2411023920352075e-05,0.0004372080147732049,0.0004602080152835697,0.02749435199146458
10001,1,direct,3,0.6684174723244117,0.002768076241056596,0.6652295829844661,0.6702120839909185,0.004141238605613723,0.6695438889922419,0.00271503608862665,0.6664114999875892,0.6712220000044908,0.004055053198548586,5.276621474574009e-07,2.516416638169079e-07,2.910092007368803e-07,7.920025382190943e-07,0.47689921482803227,0.0011258890056827415,0.0001007292179557492,0.0010096250043716282,0.001186917012091726,0.08946638385074804
10001,1,fresh,3,1.0400711803328402,0.0022863023397315624,1.037637083005393,1.0421734160045162,0.002198217182596971,1.041061569674639,0.0022968399174470864,1.0386242920067161,1.0431858749943785,0.002206247914967136,2.3056636564433575e-06,2.773404608985189e-07,2.1250161807984114e-06,2.6249908842146397e-06,0.12028660820647855,0.000988083678142478,2.0681772912242686e-05,0.000969375018030405,0.0010102920059580356,0.020931195777996094
10001,2,direct,3,1.320292930341869,0.010086929150002477,1.308897083014017,1.3280758330074605,0.007639917565407721,1.3219480970098327,0.010099602745024309,1.3105377500178292,1.3297401250165422,0.00763993894152804,4.3032923713326454e-07,6.372371906561831e-08,3.7500285543501377e-07,5.00003807246685e-07,0.14808131441434996,0.0016547363387265552,1.2642819459467617e-05,0.0016402920009568334,0.0016637920052744448,0.00764038304083974
10001,2,fresh,3,1.7004231939984795,0.0035293629718711264,1.6977481659851037,1.7044233329943381,0.0020755791760120406,1.7020946386716485,0.003531779923155748,1.699422666017199,1.7060987500008196,0.0020749609586409516,2.8473344476272664e-06,3.4937163786720347e-07,2.6249908842146397e-06,3.2500247471034527e-06,0.12270129986252264,0.0016685973387211561,5.979887347487352e-06,0.001661749993218109,0.0016727920155972242,0.0035837809450603875
10002,0,compact,3,0.00229312531882897,3.309245443357885e-05,0.0022713749785907567,0.002331208990653977,0.014431158280733722,0.0026392643339931965,3.120511621477219e-05,0.002614833996631205,0.002674416988156736,0.011823414507162674,2.2233386213580766e-07,2.396633435339494e-08,2.0800507627427578e-07,2.500019036233425e-07,0.10779435090618648,0.00034591668130209047,4.873878105145595e-06,0.00034295799559913576,0.0003515420248731971,0.014089745793118365
10002,0,direct,3,0.0022788609979519,9.610869176679169e-06,0.0022685829899273813,0.0022876250150147825,0.00421740035277133,0.0026475970128861568,3.889931486009359e-05,0.0026112500054296106,0.002688625012524426,0.014692309543622458,3.193369290481011e-07,8.631464234602878e-08,2.500019036233425e-07,4.1601015254855156e-07,0.270293331257743,0.00036841667800520855,2.96917201146843e-05,0.0003423750167712569,0.0004007499956060201,0.08059276869725351
10002,0,fresh,3,0.37552108366314013,0.00043699713689899404,0.3750280840031337,0.3758607500058133,0.0011637086595409402,0.37600624999807525,0.0004202474868844116,0.3755327500111889,0.37633495798218064,0.0011176609082603356,2.4580028063307204e-06,6.302846161355463e-07,1.9580184016376734e-06,3.1660019885748625e-06,0.2564214387844529,0.0004827083321288228,1.633033820127241e-05,0.00047195798833854496,0.0005015000060666353,0.03383065324199593
10002,1,direct,3,0.6628632916642042,0.002541148071305734,0.659929249988636,0.6643616670044139,0.0038335929946065536,0.6638758473466927,0.00257840105907187,0.6608989160158671,0.6654038340202533,0.0038838603172218797,5.00003807246685e-07,7.188538308219838e-08,4.169996827840805e-07,5.420006345957518e-07,0.14376967143118682,0.00101205567868116,3.807883773868384e-05,0.0009691250161267817,0.001041750016156584,0.03762523993571728
10002,1,fresh,3,1.038940472344014,0.0010909719913999372,1.038306417001877,1.040200209012255,0.0010500813284696974,1.0399887636691953,0.0011509923375341363,1.039312874985626,1.0413177500013262,0.0011067353588257128,2.6803366684665284e-06,5.747141862557381e-07,2.249988028779626e-06,3.3329997677356005e-06,0.2144186560655244,0.0010456109885126352,6.139011004510192e-05,0.0009958339796867222,0.0011142079893033952,0.058712189064145506
10002,2,direct,3,1.3675434303392346,0.037339980882396005,1.333953958004713,1.4077493750082795,0.027304420506143193,1.3691747919947375,0.03736879151500602,1.335572999989381,1.409419584000716,0.027292929824221927,7.086685703446468e-07,2.1679421688040442e-07,5.830079317092896e-07,9.590003173798323e-07,0.3059176404210658,0.001630652986932546,3.4172656016919e-05,0.001604249991942197,0.0016692499921191484,0.02095642438383035
10002,2,fresh,3,1.7321699166592832,0.014996629037283906,1.7149895420006942,1.7426375829963945,0.008657712440940477,1.7338474999996834,0.015070539506569822,1.7165819999936502,1.7443638750119135,0.008691963685717789,2.54167631889383e-06,1.819182394389447e-07,2.333021257072687e-06,2.667016815394163e-06,0.07157411747775887,0.0016750416640813153,7.406241300200623e-05,0.0015898330020718277,0.0017239589942619205,0.044215266157350254
10003,0,compact,3,0.0023412503263292215,1.1837514266542806e-05,0.0023342089843936265,0.0023549170000478625,0.005056065185948101,0.0027493613306432962,4.119683492161775e-06,0.002744666999205947,0.0027523750031832606,0.0014984147213556141,4.860048647969961e-07,1.047067606759425e-07,3.7500285543501377e-07,5.830079317092896e-07,0.2154438530562414,0.00040762499944927794,9.888419029949356e-06,0.00039687499520368874,0.0004163330013398081,0.024258617708210025
10003,0,direct,3,0.0023171809928802154,2.292643486209634e-05,0.0022927919926587492,0.002338291989872232,0.009894106214637634,0.0027387219888623804,4.003998002863625e-05,0.0026939159724861383,0.0027709999994840473,0.01461995054316126,9.303330443799496e-07,5.362689735127741e-07,5.409820005297661e-07,1.5420082490891218e-06,0.5764268793335056,0.0004206106629377852,4.314264402505955e-05,0.00037291599437594414,0.0004569159937091172,0.10257144629602748
10003,0,fresh,3,0.38325513899326324,0.004832610698823426,0.3801134999957867,0.388819916988723,0.012609382646551735,0.38378252799157053,0.004838324855448151,0.38063566701021045,0.389353749982547,0.012606944043983215,2.874992787837982e-06,2.500019036233425e-07,2.6249908842146397e-06,3.1249946914613247e-06,0.08695740200842242,0.0005245140055194497,6.017163351160203e-06,0.0005190420197322965,0.000530958001036197,0.011471883091474625
10003,1,direct,3,0.6871626253414433,0.0062240610836488235,0.6801860840059817,0.6921458340075333,0.00905762457694226,0.68825331965733,0.0062457187569420055,0.6812299999874085,0.6931840420002118,0.009074738295561938,5.696589748064677e-07,3.7323126451158884e-07,3.33995558321476e-07,9.999785106629133e-07,0.6551836818482287,0.0010901246569119394,8.62072774044339e-05,0.0010378329898230731,0.0011896249779965729,0.07908020138599411
10003,1,fresh,3,1.0810832776672517,0.011487594647081063,1.072154125024099,1.0940429999900516,0.010626003458187656,1.0821589723345824,0.011486672766644725,1.0732240840152372,1.0951157909876201,0.01061458903941266,3.5276752896606922e-06,5.686288243815661e-07,2.874992787837982e-06,3.91600769944489e-06,0.16119080632170638,0.001072166992040972,7.308031843590621e-06,0.0010670839983504266,0.0010805419879034162,0.006816132093079164
10003,2,direct,3,1.3824659446642424,0.013957292997124105,1.3743849589955062,1.3985824169940315,0.010095939832003523,1.3841602640071262,0.013920120587816618,1.3761170000070706,1.4002338330028579,0.010056726052457284,9.720097295939922e-07,6.405059506062641e-07,5.410111043602228e-07,1.7080164980143309e-06,0.6589501433013464,0.0016933473331543307,4.117111655389218e-05,0.0016497079923283309,0.0017315000004600734,0.02431345049405754
10003,2,fresh,3,1.7578838753300563,0.01150117108322155,1.7446973340120167,1.7658421669912059,0.006542622777663352,1.759637555660447,0.011542146032647043,1.7463917919958476,1.767538499989314,0.006559388321485849,3.6806644250949225e-06,2.445873242403886e-07,3.4999975468963385e-06,3.958994057029486e-06,0.06645194888531052,0.0017499996659656365,0.00010071524835390995,0.0016909579862840474,0.0018662910151761025,0.057551581473209046
10004,0,compact,3,0.0024022919921359667,0.00010105617954296896,0.002306249982211739,0.0025077089958358556,0.042066568041596045,0.0028453610041954867,0.00017764339298835419,0.002683708007680252,0.0030355420021805912,0.06243263780111518,1.0553339961916208e-06,9.543729627671362e-07,2.910092007368803e-07,2.1250161807984114e-06,0.9043326247530903,0.0004420136780633281,7.604295281629506e-05,0.0003771670162677765,0.0005257079901639372,0.1720375558274019
10004,0,direct,3,0.0024332640071709952,0.00010269591453039219,0.002345499990042299,0.0025462080084253103,0.042205002921072404,0.002885166662357127,0.00014890448736045792,0.0027566249773371965,0.003048333019251004,0.051610359049000576,7.639949520428976e-07,5.291552057066923e-07,4.5797787606716156e-07,1.3750104699283838e-06,0.6926161020982514,0.0004511386602340887,4.5732031130711095e-05,0.0004106659907847643,0.0005007500003557652,0.10137023306089854
10004,0,fresh,3,0.38814436133058433,0.010042782048378432,0.3789083329902496,0.39883520899456926,0.025873832132846438,0.3886582913304058,0.01002550427479959,0.37942429099348374,0.3993218330142554,0.02579516376836206,3.221997758373618e-06,3.8680885007476073e-07,2.9579969123005867e-06,3.6660057958215475e-06,0.12005248888503632,0.0005107080020631353,2.667793162977975e-05,0.0004829580138903111,0.0005361659859772772,0.052237152192656934
10004,1,direct,3,0.683970430662157,0.004854274631712102,0.6802442920161411,0.6894599169900175,0.007097199548542825,0.6850509866684055,0.004816981484305918,0.6813508339982945,0.6904975840006955,0.007031566376879838,5.00333650658528e-07,7.216933317742784e-08,4.169996827840805e-07,5.420006345957518e-07,0.1442424132025503,0.001080055672597761,3.734793866383555e-05,0.0010372500109951943,0.0011059999815188348,0.03457964215308078
10004,1,fresh,3,1.0638360139952663,0.016684661499437734,1.0445771249942482,1.0739119169884361,0.01568349001156486,1.0649073753350724,0.016686615461184957,1.045645209000213,1.0749505830171984,0.01566954633583463,3.6250081999848285e-06,1.2836965305119378e-06,2.4580222088843584e-06,5.0000089686363935e-06,0.35412237978311617,0.0010677363316062838,3.4093398419720976e-05,0.0010362080065533519,0.001103916991269216,0.03193054072481683
10004,2,direct,3,1.3665340276590239,0.01330670101529563,1.352291791990865,1.3786488749901764,0.009737555557318258,1.3685760553344153,0.013746152585622212,1.3540212080115452,1.3813374579767697,0.010044127640581364,1.014006556943059e-06,4.0876911948947314e-07,5.420006345957518e-07,1.2500095181167126e-06,0.4031227576296899,0.0020410136688345424,0.000560443596986881,0.0017068340093828738,0.0026880409859586507,0.27459081021584
10004,2,fresh,3,1.7478306666695669,0.01742454847196181,1.7279249170096591,1.7603204170009121,0.009969242904499272,1.7495480836660136,0.01744391420533124,1.7296286250057165,1.762096541991923,0.009970525742155744,3.0973266499737897e-06,1.0464215089751696e-07,2.9999937396496534e-06,3.2079988159239292e-06,0.03378466746424775,0.0017143196697967749,5.311606551833868e-05,0.001669334014877677,0.0017729169921949506,0.03098375784525377
