method,metric,n_trials,mean_speedup,median_speedup,min_speedup,max_speedup,geometric_mean_speedup,sd_speedup,se_speedup,wins_vs_fresh,ties_vs_fresh,losses_vs_fresh,wins_vs_direct,ties_vs_direct,losses_vs_direct,mean_speedup_vs_direct,ratio_of_mean_times,mean_relative_reduction,pooled_elapsed_reduction,paired_row_bootstrap_mean_speedup_lower,paired_row_bootstrap_mean_speedup_upper,fixed_k_seed_block_bootstrap_mean_speedup_lower,fixed_k_seed_block_bootstrap_mean_speedup_upper,N,A,P,S,J,pooled_P_over_A,pooled_S_over_N,fallback_round0,fallback_later,fallback_never
none,elapsed,175,1.066363283818094,1.06662112393976,0.9597343440792994,1.138107002060897,1.0659824553852195,0.02851166831375755,0.002155279537764651,173,0,2,0,175,0,1.0,1.0607859774375243,0.06156124662824034,0.05730277240689141,1.0621026497862016,1.0706417302762345,1.0645887609357108,1.068166112630854,89086500,0,0,0,0,,0.0,,,
none,modeled_client_plus_server,175,1.0016640406846835,1.0011336600509133,0.9581838685598068,1.0504899403018824,1.001542250861521,0.015665248327754185,0.0011841814657516578,95,0,80,0,175,0,1.0,1.0031011850414011,0.0014184426458805552,0.003091597425710413,0.9993591845898505,1.003973927011691,1.0000246810504703,1.0033652771464208,89086500,0,0,0,0,,0.0,,,
none,end_to_end,175,1.051574269634166,1.0522828781857838,0.9498227620259244,1.110300561185966,1.0512844286668153,0.02466597061589974,0.0018645721170199258,170,0,5,0,175,0,1.0,1.0493852457105703,0.04851817510811068,0.04706112070132085,1.047852414675155,1.0552884637577407,1.0498344298721993,1.0533430687304102,89086500,0,0,0,0,,0.0,,,
basic,elapsed,175,1.024538864425014,1.007817388347191,0.938460212027023,4.2220902511776,1.0141165741624503,0.244433902587234,0.018477466235394535,107,0,68,3,0,172,0.9620668055966004,1.005705507151452,0.00981083139512599,0.005673139016223794,1.0032165055988393,1.063854202964776,1.0044589074310266,1.0621130031195651,89086500,6571424,677014,677014,5893934,0.10302394123404608,0.007599512833033064,174,0,1
basic,modeled_client_plus_server,175,0.9846542380422414,0.9821227640194313,0.9262918556180738,1.2977102293043432,0.9842358622246538,0.030390575093667875,0.002297311539945105,32,0,143,22,0,153,0.9831633217722687,0.9862682337313231,-0.016408384114770056,-0.013922953005112815,0.9806517552992834,0.989542760928632,0.9812778651124068,0.9888562706543268,89086500,6571424,677014,677014,5893934,0.10302394123404608,0.007599512833033064,174,0,1
basic,end_to_end,175,1.0099999997002556,0.9941652915873652,0.9290634526776571,3.8988701645013903,1.0009107697643167,0.22087927608845004,0.016696903837086125,69,0,106,3,0,172,0.9616451817243248,0.9957614767804224,-0.0029220863477146058,-0.0042565647681831464,0.9907415491255708,1.0456568083434972,0.9917343822952449,1.044026115665396,89086500,6571424,677014,677014,5893934,0.10302394123404608,0.007599512833033064,174,0,1
runnerup,elapsed,175,1.0237346960487623,1.0065963948577739,0.9341726930657442,4.187266824543839,1.0134494982572315,0.24189921508766238,0.018285861870390805,108,0,67,3,0,172,0.9613356248943982,1.004942008059393,0.009183273783574263,0.0049177047230180015,1.0025998130107012,1.0627224537823012,1.0036346045677491,1.060995984065376,89086500,6571424,677018,677014,5893930,0.1030245499301217,0.007599512833033064,174,0,1
runnerup,modeled_client_plus_server,175,0.9858084055346202,0.9843801178606187,0.9423006471028171,1.3001476744656495,0.9854340036127511,0.028962661754163805,0.0021893714373714046,27,0,148,26,0,149,0.9843733853928819,0.9860763499626217,-0.015126225305266094,-0.014120255533870196,0.982095399059143,0.9907758850871146,0.9824362640044831,0.9899522781674907,89086500,6571424,677018,677014,5893930,0.1030245499301217,0.007599512833033064,174,0,1
runnerup,end_to_end,175,1.0091466090628907,0.9937356918864357,0.9243283309810478,3.855835083752452,1.0002252807997858,0.21773426895080225,0.016459163644007863,70,0,105,3,0,172,0.9608532905062076,0.995034591659307,-0.0035749736508754537,-0.004990186655132067,0.9900310634362447,1.0443085983939906,0.9908930417900126,1.042771318276875,89086500,6571424,677018,677014,5893930,0.1030245499301217,0.007599512833033064,174,0,1
