case_id,dataset,client,seed,roles,removed_n,retained_anchors,retained_slices,fresh_request_preparation_seconds_mean_ms,fresh_algorithm_seconds_mean_ms,fresh_output_seconds_mean_ms,fresh_request_e2e_seconds_mean_ms,fresh_request_sd_ms,fresh_request_cv,fresh_request_min_ms,fresh_request_max_ms,direct_request_preparation_seconds_mean_ms,direct_algorithm_seconds_mean_ms,direct_output_seconds_mean_ms,direct_request_e2e_seconds_mean_ms,direct_request_sd_ms,direct_request_cv,direct_request_min_ms,direct_request_max_ms,fast_request_preparation_seconds_mean_ms,fast_algorithm_seconds_mean_ms,fast_output_seconds_mean_ms,fast_request_e2e_seconds_mean_ms,fast_request_sd_ms,fast_request_cv,fast_request_min_ms,fast_request_max_ms,fresh_fast_ratio,fresh_direct_ratio,direct_fast_ratio
adult_c0_k10_seed10000,adult,0,10000,smallest;median_size;min_group0_fraction,300,1980,198,0.011472322512418032,234.49284734670073,0.8476530007707576,235.3519726699839,1.5737963744719297,0.006686990368586135,234.16654200991616,237.13754198979586,0.006805319571867585,13.80250034465765,0.8732499942804376,14.682555658509955,1.3942134776003077,0.09495713893597445,13.832166994689032,16.291582986013964,0.0004583368233094613,7.843722337080787,0.7773753410826126,8.621556014986709,0.06019367665157041,0.0069817648400053,8.583584014559165,8.690959017258137,27.29808543386779,16.029360156627416,1.7030053082050978
adult_c99_k10_seed10000,adult,99,10000,largest;max_group0_fraction;min_surviving_smaller_group,462,1980,198,0.012874661479145288,234.2545696592424,0.8554443387159457,235.1228886594375,1.578719650282473,0.006714444770917905,234.04774998198263,236.93537499639206,0.006485992344096303,14.222986336487034,0.8076526767884692,15.0371250056196,1.4351364058813472,0.09543954747633042,14.118875027634203,16.690916992956772,0.0005973270162940025,8.257333325066915,0.824972337189441,9.082902989272648,0.26195514587501423,0.028840465012606217,8.925292000640184,9.385291981743649,25.886315084189395,15.636159742741285,1.6555417385145672
adult_c0_k10_seed10001,adult,0,10001,smallest;median_size;min_group0_fraction,300,1980,198,0.012791667055959502,234.9119439992743,0.8673753375963619,235.79211100392664,0.30076513420601,0.0012755521502625733,235.44954101089388,236.0128329892177,0.008304991448918978,14.11809767402398,0.8348193271861722,14.961221992659071,1.3919847684685653,0.09303951035226679,14.146874978905544,16.568499995628372,0.0005973367175708214,7.960513990838081,0.7792913335530708,8.740402661108723,0.03978129111580496,0.004551425450090041,8.702082996023819,8.78149998607114,26.97725953211592,15.760217388634516,1.7117314353525717
adult_c99_k10_seed10001,adult,99,10001,largest;max_group0_fraction;min_surviving_smaller_group,462,1980,198,0.010930341280375918,234.55851398951685,0.8586666663177311,235.42811099711494,1.42270570021286,0.006043057875235191,234.03466600575484,236.8783749989234,0.0064443253601590795,14.20736099438121,0.815986335510388,15.029791655251756,1.2809812924094615,0.08522947767954302,14.272082975367084,16.50879200315103,0.0005416707911839088,8.150124660460278,0.791597335288922,8.942263666540384,0.11569623786685256,0.012938137610475261,8.857166016241536,9.074000001419336,26.327574289497353,15.664096775077446,1.6807591696819801
adult_c0_k10_seed10002,adult,0,10002,smallest;median_size;min_group0_fraction,300,1980,198,0.013360656642665466,237.23754167440347,0.8813196715588371,238.13222200260498,1.760140459092331,0.007391441797713023,236.653625004692,240.07916598930024,0.0067086657509207726,14.052374676490823,0.8275416621472687,14.886625004389012,1.4048604086020566,0.09437064534022069,13.991833984619007,16.505833016708493,0.0004860048647969961,8.028249993609885,0.889819668373093,8.918555666847775,0.31120162167290194,0.03489372419681211,8.593749982537702,9.214084013365209,26.700760851647157,15.996387490945505,1.6691744224601142
adult_c99_k10_seed10002,adult,99,10002,largest;max_group0_fraction;min_surviving_smaller_group,462,1980,198,0.012055660287539164,234.19386133900844,0.8495136668595175,235.0554306661555,1.277028216315208,0.005432881140827355,234.20629199245013,236.52404200402088,0.007708653962860505,14.217041665688157,0.8319163462147117,15.056666665865729,1.4534750613255638,0.09653365473120752,14.1603339870926,16.733666008803993,0.00041633029468357563,8.150305996726578,0.7828746747691184,8.93359700179038,0.10040707867338529,0.011239266630592664,8.838332985760644,9.038457996211946,26.311398490333524,15.611385699268935,1.6853980163699152
adult_c0_k10_seed10003,adult,0,10003,smallest;median_size;min_group0_fraction,300,1980,198,0.012028001947328448,237.50449965397516,0.8593193391182771,238.37584699504077,3.4632556646812667,0.014528551060600184,236.1910410108976,242.36895798821934,0.007028002679968874,14.092652660716945,0.8297776706361523,14.929458334033066,1.2672952708195107,0.08488554925871591,14.18045800528489,16.3926669920329,0.0006250047590583563,8.076707997436946,0.8441673320097228,8.921500334205726,0.127241083627871,0.014262296571353453,8.779666997725144,9.025625011418015,26.719255513681844,15.966811498555257,1.6734246230751528
adult_c99_k10_seed10003,adult,99,10003,largest;max_group0_fraction;min_surviving_smaller_group,462,1980,198,0.012166342154766122,235.72465300094336,0.8532079906823734,236.5900273337805,1.2800722961848616,0.0054105082560345595,235.27604099945165,237.83324999385513,0.006916340983783205,14.195222329969207,0.8493609978662183,15.05149966881921,1.6046497014314378,0.10661061932291313,13.985958008561283,16.897041001357138,0.0008053320925682783,8.053153006282324,0.8266946533694863,8.880652991744379,0.3392918504912718,0.03820573225940523,8.611541998106986,9.261791972676292,26.641062042815886,15.71870129485516,1.6948640694340118
adult_c0_k10_seed10004,adult,0,10004,smallest;median_size;min_group0_fraction,300,1980,198,0.013499996081615487,235.8398746679692,0.8450413297396153,236.69841599379046,0.6721727467504724,0.0028397855724058003,236.0216659726575,237.36591599299572,0.007666666836788257,14.792624996819844,0.8504030023080608,15.650694665964693,1.4652651664166012,0.09362301148223721,13.96625000052154,16.630708996672183,0.0006803311407566071,7.798083330271766,0.8316249974692861,8.630388658881808,0.16167077668746094,0.0187327341881736,8.474875008687377,8.797582995612174,27.42615951023209,15.123828114066693,1.813440307796343
adult_c99_k10_seed10004,adult,99,10004,largest;max_group0_fraction;min_surviving_smaller_group,462,1980,198,0.01152766829666992,234.84490298627256,0.8871390115624914,235.74356966613172,1.0002784476288624,0.004243078396774477,234.62904201005585,236.5633750159759,0.008583321080853542,13.50404133942599,0.8409446648632487,14.353569325370094,0.1847132118469964,0.012868799924246978,14.173624978866428,14.54270799877122,0.0007640046533197165,8.160388650139794,0.800292007625103,8.961444662418216,0.07372297076993492,0.008226683704147432,8.913958998164162,9.04637499479577,26.30642475032782,16.424038113603725,1.601702612254577
bank_c0_k10_seed10000,bank,0,10000,smallest;median_size;min_group0_fraction,2259,380,38,0.0042083362738291425,213.83948599880873,0.5634726646045843,214.40716699968712,1.877500447306149,0.008756705634326527,213.06491701398045,216.5526669996325,0.0082360056694597,4.424805665621534,0.4460416578998168,4.87908332919081,0.8033219356722138,0.16464607826352573,4.375374992378056,5.805499997222796,0.0006246749156465133,1.4662779867649078,0.46138900021711987,1.9282916618976742,0.10723141735649995,0.055609542620212934,1.8283749814145267,2.0415830076672137,111.19021631234163,43.944149450558015,2.5302621100322535
bank_c19_k10_seed10000,bank,19,10000,largest;max_group0_fraction;min_surviving_smaller_group,2290,380,38,0.0035556634732832513,213.94770834012888,0.5250000006829699,214.47626400428513,0.946517189980983,0.0044131559003754,213.7559590046294,215.5482910166029,0.006444664904847741,4.2469026617861045,0.4657916627669086,4.719138989457861,0.7973647332605348,0.16896402819280745,4.2493749933782965,5.639791983412579,0.0004166698393722375,1.4392639956592272,0.4205276782158762,1.8602083437144756,0.03964293628925304,0.021311019501231664,1.828291016863659,1.904584001749754,115.29690463382052,45.44817698385366,2.536887335982299
bank_c0_k10_seed10001,bank,0,10001,smallest;median_size;min_group0_fraction,2259,380,38,0.0040000013541430235,214.67827798915096,0.5091946707883229,215.19147266129343,0.976300590007333,0.004536892554027958,214.1319589863997,216.05474999523722,0.006708326206232111,4.3118890025652945,0.4630416709308823,4.781638999702409,0.7157139712068029,0.1496796331239866,4.336875019362196,5.607250001048669,0.0005970068741589785,1.4654029995047797,0.4420419960903625,1.9080420024693012,0.11251434252782021,0.05896848307438162,1.7983340076170862,2.0231670059729367,112.78130794961663,45.00370535598487,2.506044936911362
bank_c19_k10_seed10001,bank,19,10001,largest;max_group0_fraction;min_surviving_smaller_group,2290,380,38,0.0035556634732832513,214.52536133195585,0.5201946769375354,215.04911167236665,0.7227302421291789,0.0033607683217509805,214.31870901142247,215.76391701819375,0.005472344734395544,3.8090836605988443,0.4376663321939607,4.252222337527201,0.06538794513350463,0.015377357989123812,4.183500015642494,4.313666984671727,0.0004996739638348421,1.422458318605398,0.4102223416945587,1.8331803342637916,0.07882405386586669,0.0429985268729836,1.7577919934410602,1.9150410080328584,117.30930539287655,50.57334603002542,2.319587581237555
bank_c0_k10_seed10002,bank,0,10002,smallest;median_size;min_group0_fraction,2259,380,38,0.004777665405223767,212.65295832805955,0.4985973355360329,213.15633332900083,0.3617379240562385,0.0016970545439900495,212.82091701868922,213.53962499415502,0.0064443253601590795,4.79050000042965,0.43522232833007973,5.232166654119889,0.8067386326145002,0.1541882523904818,4.300749977119267,5.711083009373397,0.00037533269884685677,1.4586246688850224,0.38374999227623147,1.8427499938601006,0.06850396155482408,0.03717485376913523,1.766291999956593,1.8985409988090396,115.67295294490361,40.73959172557285,2.8393252864214142
bank_c19_k10_seed10002,bank,19,10002,largest;max_group0_fraction;min_surviving_smaller_group,2290,380,38,0.0038333237171173096,213.14200034248643,0.523861002875492,213.66969466907904,1.2376282583087908,0.005792249856609603,212.2409170260653,214.40995897864923,0.005570007488131523,3.853083006106317,0.43215266972159344,4.290805683316042,0.05580817142320448,0.01300645509075455,4.2552080121822655,4.355125012807548,0.0004026611956457297,1.414985997447123,0.3984446617929886,1.8138333204357575,0.09312642882435321,0.051342329956746195,1.752999989548698,1.9210419850423932,117.80007140774477,49.7971034903519,2.365600871355265
bank_c0_k10_seed10003,bank,0,10003,smallest;median_size;min_group0_fraction,2259,380,38,0.004236664002140363,213.08159699159054,0.5144723400007933,213.60030599559346,1.6333555676879308,0.007646784774370251,212.63791699311696,215.48620899557136,0.006888993084430695,4.319277679314837,0.4600970035729309,4.786263675972198,0.7756964238322702,0.16206721491889156,4.336500016506761,5.681958020431921,0.0003193272277712822,1.3873610005248338,0.40837533500355977,1.7960556627561648,0.08561898092322667,0.04767056094009846,1.7393330053891987,1.894541986985132,118.92744218617915,44.62777658236859,2.664874911853992
bank_c19_k10_seed10003,bank,19,10003,largest;max_group0_fraction;min_surviving_smaller_group,2290,380,38,0.004111003363505006,213.60716667065086,0.5071250003917763,214.11840267440616,0.3565640511714987,0.0016652657908797265,213.71820801869035,214.40229201107286,0.0063613406382501125,3.8291250045100846,0.4759999962213139,4.3114863413696485,0.08046464385359209,0.018662854867825127,4.2186670179944485,4.361500003142282,0.0005833377751211325,1.4388886629603803,0.4516393431307127,1.8911113438662142,0.15592491433398134,0.08245147216726345,1.7762920178938657,2.0686250063590705,113.2235832484932,49.66231728949099,2.2798691126008404
bank_c0_k10_seed10004,bank,0,10004,smallest;median_size;min_group0_fraction,2259,380,38,0.003611339100946983,213.84206933241026,0.5288753309287131,214.37455600243993,1.112831469648297,0.0051910613386209475,213.0999590153806,215.1530839910265,0.006208332100262244,4.806652674839522,0.4548889895280202,5.267749996467804,0.7139128862697114,0.13552520274280538,4.4434159935917705,5.685084004653618,0.00034732511267066,1.4303333300631493,0.39488900802098215,1.8255696631968021,0.07266159501726129,0.03980214860167083,1.7569169867783785,1.9016669830307364,117.42885540015116,40.69565870555455,2.8855376503372163
bank_c19_k10_seed10004,bank,19,10004,largest;max_group0_fraction;min_surviving_smaller_group,2290,380,38,0.004069336379567782,214.3248750071507,0.5199306566889087,214.84887500021918,0.6595369464183604,0.003069771468050217,214.19204198173247,215.51108302082866,0.006750002891446154,4.3327359890099615,0.4549446748569608,4.794430666758369,0.7284976469386586,0.1519466434230894,4.363500018371269,5.635541980154812,0.00029164948500692844,1.433250018938755,0.4147223274533947,1.8482639958771567,0.12405210721906582,0.067118175485636,1.775417011231184,1.9915000011678785,116.24360777436198,44.81217686384518,2.5940183206798917
credit_c0_k10_seed10000,credit,0,10000,smallest;median_size;min_group0_fraction,299,1980,198,0.011847325367853045,162.63187500104928,0.41244467138312757,163.05616699780026,1.215570081235038,0.007454916324946096,161.71316700638272,164.08104199217632,0.006708326206232111,10.183222000099098,0.36004200228489935,10.54997232859023,0.4363458016554678,0.04135990010826652,10.236125002847984,11.048249987652525,0.000500003807246685,6.194138656913613,0.32131933645966154,6.5159579971805215,0.1320794710228535,0.020270153840771344,6.374874996254221,6.636665988480672,25.024128005176713,15.455601391097593,1.6190976573445133
credit_c99_k10_seed10000,credit,99,10000,largest;max_group0_fraction;min_surviving_smaller_group,399,1980,198,0.013389003773530325,162.72738866003542,0.40979166321145993,163.1505693270204,0.6591018224239478,0.004039837710298384,162.39225000026636,163.58566700364463,0.006736003948996465,10.034638660727069,0.3864860045723617,10.427860669248426,0.10565379748364304,0.010131876598161135,10.338666004827246,10.544541000854224,0.0004723357657591502,6.1990553319143755,0.3826393318983416,6.582166999578476,0.2271263669218812,0.03450632093297336,6.426209001801908,6.84274997911416,24.786756297351406,15.645641469697471,1.5842595105709456
credit_c0_k10_seed10001,credit,0,10001,smallest;median_size;min_group0_fraction,299,1980,198,0.012819335097447038,161.83394433270828,0.4116113317043831,162.25837499951012,1.2111354584790448,0.007464240033728314,160.88016700814478,163.15304199815728,0.006375009737287958,10.47463899400706,0.35841666006793577,10.839430663812285,0.3519492549256938,0.03246934879160077,10.46600000699982,11.165000003529713,0.0005416610899070898,6.053722327730308,0.3585553398200621,6.4128193286402775,0.13072203325942783,0.02038448715927649,6.307749979896471,6.559208006365225,25.302190297931578,14.969270991438124,1.6902753856486068
credit_c99_k10_seed10001,credit,99,10001,largest;max_group0_fraction;min_surviving_smaller_group,399,1980,198,0.012014323147013783,161.24883300896423,0.4084446603277077,161.66929199243896,0.17733034036287412,0.0010968708910481751,161.4695419848431,161.80816700216383,0.007361328850189845,10.342694343610978,0.36555566475726664,10.715611337218434,0.38293920473920257,0.03573657094198101,10.374875011621043,11.130041995784268,0.00033333587149779004,6.257985999885325,0.32395832628632587,6.58227766204315,0.055896065438543086,0.008491903305882854,6.526332988869399,6.638124992605299,24.561299339392583,15.08726725006482,1.6279488480120254
credit_c0_k10_seed10002,credit,0,10002,smallest;median_size;min_group0_fraction,299,1980,198,0.011985995418702563,161.68134733258435,0.40720866915459436,162.10054199715765,1.1431658548969779,0.007052202545485768,160.80741697805934,162.9766669939272,0.006735654703030984,10.241791664157063,0.383097668721651,10.631624987581745,0.2554907414515434,0.02403120329676498,10.439541976666078,10.921582987066358,0.0006109961153318485,6.16080566154172,0.3579860106886675,6.51940266834572,0.06818574499907995,0.0104588945441503,6.4410410122945905,6.565207993844524,24.86432427072191,15.24701465547355,1.6307667325416932
credit_c99_k10_seed10002,credit,99,10002,largest;max_group0_fraction;min_surviving_smaller_group,399,1980,198,0.013013661373406649,161.8511250029163,0.3873750101774931,162.2515136744672,0.7894543198055448,0.004865620676978484,161.55195800820366,163.1074580072891,0.006291656366859873,9.983944677514955,0.3378886613063514,10.328124995188167,0.08896380903774587,0.008613742482705598,10.265499993693084,10.429957997985184,0.0003746633107463519,6.208722343823562,0.34675000157828134,6.55584700871259,0.07837333646684971,0.01195472322076661,6.505249999463558,6.646125024417415,24.749130578983642,15.709677579430878,1.5754066532459186
credit_c0_k10_seed10003,credit,0,10003,smallest;median_size;min_group0_fraction,299,1980,198,0.012055330444127321,162.93416667031124,0.4181246622465551,163.36434666300192,0.9169792108864253,0.0056130926338415,162.35079101170413,164.1364159877412,0.008152681402862072,10.093791662560156,0.37766700067246955,10.479611344635487,0.2579858565288164,0.02461788400777662,10.253000014927238,10.760375007521361,0.0004026708969225486,6.007277988828719,0.3534716767414163,6.3611523364670575,0.06116762870244445,0.009615809442541437,6.290791003266349,6.401666003512219,25.681564914971588,15.588779134125822,1.6474391415778913
credit_c99_k10_seed10003,credit,99,10003,largest;max_group0_fraction;min_surviving_smaller_group,399,1980,198,0.011110998457297683,162.8785833308939,0.43401400519845384,163.32370833454965,0.7523867119999276,0.004606720724579378,162.52312500728294,164.0162080002483,0.007153003631780545,10.034957997656116,0.37747233485182125,10.419583336139718,0.06367918640170944,0.006111490675528444,10.353791993111372,10.480916011147201,0.00036134345767398673,6.26779132289812,0.3399306636614104,6.608083330017204,0.10978211288519485,0.016613306370776203,6.538292014738545,6.7346249998081475,24.715745879391694,15.67468708351042,1.5767935747433424
credit_c0_k10_seed10004,credit,0,10004,smallest;median_size;min_group0_fraction,299,1980,198,0.01344499954332908,162.30236066621728,0.4193196655251086,162.73512533128573,0.7629461351240946,0.0046882695642439685,162.23183399415575,163.61295801470987,0.007806015977015098,10.402513658239817,0.37423600830758613,10.784555682524418,0.3276851892806414,0.030384672204125312,10.42900001630187,11.074417008785531,0.0006249950577815374,6.120903010014445,0.3898746605652074,6.5114026656374335,0.1628418090190216,0.025008714309496662,6.333916011499241,6.653916992945597,24.992330176428244,15.089645797367996,1.656256913650519
credit_c99_k10_seed10004,credit,99,10004,largest;max_group0_fraction;min_surviving_smaller_group,399,1980,198,0.012027672103916606,162.114916650656,0.4161526740062982,162.5430969967662,0.558084626047578,0.0034334563347139936,161.99070800212212,163.10670800157823,0.00847266831745704,10.027527663623914,0.3818193411764999,10.41781967311787,0.11740790626443455,0.01126991155043639,10.326624993467703,10.550292005063966,0.0005416707911839088,6.152500330548112,0.33627732773311436,6.489319329072411,0.09950007341502037,0.01533289831635439,6.389749993104488,6.5887499949894845,25.04778833560657,15.602410302435183,1.6053794157494485
