dataset,method,component,observations,mean_ms,sd_ms,min_ms,max_ms
adult,fresh,algorithm_seconds,30,235.35632083173064,1.790378480554142,233.1875419768039,241.5273749793414
adult,fresh,output_seconds,30,0.8604680352921908,0.03315796503545203,0.8007500146050006,0.9680420043878257
adult,fresh,request_e2e_seconds,30,236.22905959879668,1.7893820094631596,234.03466600575484,242.36895798821934
adult,fresh,request_preparation_seconds,30,0.012270731773848334,0.0015504365323341228,0.010124989785254002,0.016416015569120646
adult,fresh,component_cache_construction_seconds,30,0.0,0.0,0.0,0.0
adult,fresh,component_encoding_seconds,30,5.375716867274605,0.7692014498628926,4.952124989358708,7.653624983504415
adult,fresh,component_input_materialization_seconds,30,0.0,0.0,0.0,0.0
adult,fresh,component_other_algorithm_seconds,30,3.3055295381927863,0.07713642186094291,3.1902480113785714,3.524208819726482
adult,fresh,component_phase1_client_seconds,30,218.6789188592229,1.6618310827989762,216.67612489545718,225.0635411182884
adult,fresh,component_server_seconds,30,7.996155567040357,0.16351956288005787,7.595333008794114,8.325333998072892
adult,direct,algorithm_seconds,30,14.120490301866084,1.1606484882145212,13.003375002881512,16.0169169830624
adult,direct,output_seconds,30,0.8361652677801127,0.038423249870374064,0.7743339810986072,0.9075829875655472
adult,direct,request_e2e_seconds,30,14.96392079764822,1.1586259153128657,13.832166994689032,16.897041001357138
adult,direct,request_preparation_seconds,30,0.00726522800202171,0.0018377819619406941,0.004249974153935909,0.011625001206994057
adult,direct,component_cache_construction_seconds,30,0.0,0.0,0.0,0.0
adult,direct,component_encoding_seconds,30,0.0,0.0,0.0,0.0
adult,direct,component_input_materialization_seconds,30,3.532416698484061,1.1226416156887151,2.66695799655281,5.182209017220885
adult,direct,component_other_algorithm_seconds,30,0.746196943994922,0.01955110941304496,0.7022782519925386,0.7824920758139342
adult,direct,component_phase1_client_seconds,30,1.8281947928092752,0.060156168007329064,1.7080977850127965,1.9418419105932117
adult,direct,component_server_seconds,30,8.013681866577826,0.13282783084291863,7.730916986474767,8.249708014773205
adult,fast,algorithm_seconds,30,8.047858328791335,0.19497701293030703,7.6148750085849315,8.469833992421627
adult,fast,output_seconds,30,0.8148709680729856,0.05955083078215126,0.7503340020775795,0.9857080003712326
adult,fast,request_e2e_seconds,30,8.863326464779675,0.21373101016025903,8.474875008687377,9.385291981743649
adult,fast,request_preparation_seconds,30,0.0005971679153541724,0.00022775060403879458,0.0002910092007368803,0.0012500095181167126
adult,fast,component_other_algorithm_seconds,30,0.0032972961586589613,0.0007857292119653383,0.0021669839043170214,0.006624963134527206
adult,fast,component_anchor_table_seconds,30,1.1718944656119372,0.045388904390908806,1.084832998458296,1.2776659859810024
adult,fast,component_metadata_seconds,30,0.03463466612932583,0.005282496411708544,0.028040987672284245,0.04966699634678662
adult,fast,component_server_sampler_seconds,30,6.838031900891413,0.18509177126066945,6.412165996152908,7.293374976143241
bank,fresh,algorithm_seconds,30,213.76415003323928,1.1057390027387604,211.72120902338065,215.98162499140017
bank,fresh,output_seconds,30,0.5210723679435129,0.026661139486112106,0.4869170079473406,0.6209170096553862
bank,fresh,request_e2e_seconds,30,214.2892183008371,1.111855341167363,212.2409170260653,216.5526669996325
bank,fresh,request_preparation_seconds,30,0.0039958996543039875,0.0005156143162103745,0.0033339892979711294,0.005250010872259736
bank,fresh,component_cache_construction_seconds,30,0.0,0.0,0.0,0.0
bank,fresh,component_encoding_seconds,30,2.7119471662444994,0.26702413468700353,2.6062089891638607,4.107041022507474
bank,fresh,component_input_materialization_seconds,30,0.0,0.0,0.0,0.0
bank,fresh,component_other_algorithm_seconds,30,1.2838250229833648,0.028620012670410425,1.2400839186739177,1.3366659404709935
bank,fresh,component_phase1_client_seconds,30,208.37220564911453,1.0084081091431392,206.41508503467776,210.15108595020138
bank,fresh,component_server_seconds,30,1.3961721948968868,0.03175295167418439,1.3509589771274477,1.4925000141374767
bank,direct,algorithm_seconds,30,4.272405534478215,0.6334593764041225,3.7528749962802976,5.354624998290092
bank,direct,output_seconds,30,0.45258469860224676,0.0251685765958126,0.4241660062689334,0.5254169809632003
bank,direct,request_e2e_seconds,30,4.731498667388223,0.6354521894608106,4.183500015642494,5.805499997222796
bank,direct,request_preparation_seconds,30,0.00650843430776149,0.0013601127613113784,0.004417001036927104,0.009833020158112049
bank,direct,component_cache_construction_seconds,30,0.0,0.0,0.0,0.0
bank,direct,component_encoding_seconds,30,0.0,0.0,0.0,0.0
bank,direct,component_input_materialization_seconds,30,1.9652653019875288,0.6539868299407418,1.4826669939793646,3.0239579791668802
bank,direct,component_other_algorithm_seconds,30,0.35758644323019934,0.011830694746923486,0.33470799098722637,0.3899189759977162
bank,direct,component_phase1_client_seconds,30,0.5514343531103805,0.017355637612408475,0.5149990611243993,0.5831700109411031
bank,direct,component_server_seconds,30,1.3981194361501064,0.04140994524875292,1.3192080077715218,1.4964580186642706
bank,fast,algorithm_seconds,30,1.4356846979353577,0.04288554872490096,1.3624579878523946,1.5216669999063015
bank,fast,output_seconds,30,0.41860016838957864,0.06367350782491847,0.351458991644904,0.6164590013213456
bank,fast,request_e2e_seconds,30,1.8547306322337438,0.09170926182704855,1.7393330053891987,2.0686250063590705
bank,fast,request_preparation_seconds,30,0.0004457659088075161,0.00017781754718862458,0.00020797597244381905,0.0008750066626816988
bank,fast,component_other_algorithm_seconds,30,0.0023123982828110456,0.0004346225703282281,0.001748994691297412,0.0034999684430658817
bank,fast,component_anchor_table_seconds,30,0.2465569986573731,0.01008555711749516,0.23129198234528303,0.27137500001117587
bank,fast,component_metadata_seconds,30,0.015864001276592415,0.002319550409442093,0.012290984159335494,0.02083400613628328
bank,fast,component_server_sampler_seconds,30,1.1709512997185811,0.03576296101831965,1.1059160169679672,1.237541000591591
credit,fresh,algorithm_seconds,30,162.22045406563362,0.9053329617779504,160.38983399630524,163.71008299756795
credit,fresh,output_seconds,30,0.4124487012935181,0.022049537220312016,0.36299999919719994,0.4514169995673001
credit,fresh,request_e2e_seconds,30,162.64527363139982,0.9135719840686055,160.80741697805934,164.1364159877412
credit,fresh,request_preparation_seconds,30,0.01237086447266241,0.0015347459330281863,0.010041985660791397,0.016417005099356174
credit,fresh,component_cache_construction_seconds,30,0.0,0.0,0.0,0.0
credit,fresh,component_encoding_seconds,30,1.7678151634754613,0.0778610105338639,1.6569589788559824,1.9880420004483312
credit,fresh,component_input_materialization_seconds,30,0.0,0.0,0.0,0.0
credit,fresh,component_other_algorithm_seconds,30,2.430555572694478,0.04263880832205536,2.3564129951409996,2.51703301910311
credit,fresh,component_phase1_client_seconds,30,151.91021949479668,0.9071253871437712,150.12833397486247,153.37495799758472
credit,fresh,component_server_seconds,30,6.1118638346670195,0.08901085515289882,5.93733400455676,6.31658302154392
credit,direct,algorithm_seconds,30,10.181972132219622,0.28191604009539883,9.818082995479926,10.769542015623301
credit,direct,output_seconds,30,0.3702681346718843,0.04118682694913902,0.32029199064709246,0.479582988191396
credit,direct,request_e2e_seconds,30,10.559419501805678,0.2816687244743763,10.236125002847984,11.165000003529713
credit,direct,request_preparation_seconds,30,0.007179234914171199,0.0018517888246185497,0.004542001988738775,0.011916999937966466
credit,direct,component_cache_construction_seconds,30,0.0,0.0,0.0,0.0
credit,direct,component_encoding_seconds,30,0.0,0.0,0.0,0.0
credit,direct,component_input_materialization_seconds,30,1.4316416355237986,0.2973538349835103,1.1920410033781081,2.035792014794424
credit,direct,component_other_algorithm_seconds,30,0.7504897483158857,0.019838904932855193,0.7199090614449233,0.7940538343973458
credit,direct,component_phase1_client_seconds,30,1.8739825473555054,0.04448668273791395,1.7779710469767451,1.9491208367981017
credit,direct,component_server_seconds,30,6.125858201024433,0.08493387382206101,5.914125009439886,6.264499999815598
credit,fast,algorithm_seconds,30,6.16229029740983,0.10593041978841831,5.910541978664696,6.346415990265086
credit,fast,output_seconds,30,0.35107626754324883,0.050911573438241445,0.29349999385885894,0.4956669872626662
credit,fast,request_e2e_seconds,30,6.513842932569484,0.12689583202984753,6.290791003266349,6.84274997911416
credit,fast,request_preparation_seconds,30,0.0004763676164050897,0.00017901747501489855,0.000166997779160738,0.0009159848559647799
credit,fast,component_other_algorithm_seconds,30,0.0027557252906262875,0.0006432735837060535,0.0018329592421650887,0.004292989615350962
credit,fast,component_anchor_table_seconds,30,1.125312436488457,0.03444749091736097,1.06337497709319,1.2042910093441606
credit,fast,component_metadata_seconds,30,0.033547234488651156,0.004919525432242169,0.027125002816319466,0.045541004510596395
credit,fast,component_server_sampler_seconds,30,5.000674901142095,0.09906028400411845,4.80216700816527,5.241167003987357
