batch,load_ms,initial_training_ms,compaction_ms,canonical_pickle_bytes,compact_pickle_bytes,canonical_serialization_ms,compact_serialization_ms,batch_wall_seconds
adult_seed10000,41.14854198996909,241.9552910141647,1.0229999898001552,55030621,3351441,5.125374998897314,1.051166997058317,8.034245999995619
adult_seed10001,42.246917000738904,241.5655000077095,1.0312499944120646,55030624,3351441,5.426042014732957,1.0915840102825314,8.165907082991907
adult_seed10002,41.438208980252966,242.10341699654236,1.0262920113746077,55030625,3351441,5.140624998603016,1.10508399666287,8.088170208997326
adult_seed10003,41.836916003376245,240.38270799792372,0.9858749981503934,55030623,3351441,5.3407079831231385,1.0734999959822744,8.119597958982922
adult_seed10004,41.70858298311941,245.55349998991005,1.3974170142319053,55030623,3351441,5.6164999841712415,1.0692920186556876,8.188142500002868
bank_seed10000,27.403082989621907,226.28729199641384,0.16133300960063934,31178470,280225,2.248500008136034,0.19387499196454883,2.9965624999895226
bank_seed10001,27.492708002682775,227.8125419979915,0.19412499386817217,31178477,280225,2.321541018318385,0.2113330119755119,3.0063730420079082
bank_seed10002,28.30683402135037,227.892625000095,0.18075000843964517,31178484,280225,2.4435830127913505,0.1890840067062527,3.001451249991078
bank_seed10003,27.577250002650544,225.2277499937918,0.15812498168088496,31178484,280225,2.301791013451293,0.17962499987334013,2.996755000000121
bank_seed10004,27.87575000547804,227.49512500013225,0.15741700190119445,31178471,280225,2.29425000725314,0.18991701654158533,3.0317268329963554
credit_seed10000,16.588790982495993,165.34262499772012,0.6528329977300018,12508311,791090,2.773957996396348,0.8499999821651727,3.1745714579883497
credit_seed10001,16.113791993120685,164.51445801067166,0.8434589835815132,12508311,791090,2.720042015425861,0.7419580069836229,3.137657624989515
credit_seed10002,16.659082990372553,163.09325001202524,0.826000003144145,12508311,791090,2.724291989579797,0.7049169798847288,3.1683267500193324
credit_seed10003,16.014916996937245,165.9652499947697,0.8561249997001141,12508311,791090,2.817041997332126,0.7747909985482693,3.184157833980862
credit_seed10004,16.415542020695284,164.40979202161543,0.8416249766014516,12508311,791090,2.6935839850921184,0.7283339800778776,3.1773602910107
