dimension,group,unique_cases,distinct_dataset_clients,fresh_request_e2e_seconds_mean_ms,fresh_request_e2e_seconds_total_ms,fresh_algorithm_seconds_mean_ms,fresh_algorithm_seconds_total_ms,direct_request_e2e_seconds_mean_ms,direct_request_e2e_seconds_total_ms,direct_algorithm_seconds_mean_ms,direct_algorithm_seconds_total_ms,fast_request_e2e_seconds_mean_ms,fast_request_e2e_seconds_total_ms,fast_algorithm_seconds_mean_ms,fast_algorithm_seconds_total_ms,fresh_fast_total_ratio,fresh_fast_paired_mean,fresh_fast_paired_median,fresh_fast_paired_sd,fresh_fast_paired_min,fresh_fast_paired_max,fresh_fast_wins,fresh_fast_losses,fresh_fast_ties,fresh_fast_over10,fresh_direct_total_ratio,fresh_direct_paired_mean,fresh_direct_paired_median,fresh_direct_paired_sd,fresh_direct_paired_min,fresh_direct_paired_max,fresh_direct_wins,fresh_direct_losses,fresh_direct_ties,fresh_direct_over10,direct_fast_total_ratio,direct_fast_paired_mean,direct_fast_paired_median,direct_fast_paired_sd,direct_fast_paired_min,direct_fast_paired_max,direct_fast_wins,direct_fast_losses,direct_fast_ties,direct_fast_over10
all,all,30,6,204.38785051034452,18394.906545931008,203.78030831020118,18340.227747918107,10.084946322280707,907.6451690052636,9.524955989521308,857.2460390569177,5.743966676527634,516.9570008874871,5.215277774712174,469.3749997240957,35.58304948835495,55.73979336150513,26.67091144723152,43.07133106162379,24.561299339392583,118.92744218617915,30,0,0,30,20.266627503885644,25.576832813554127,15.739459341744837,14.486441530424106,14.969270991438124,50.57334603002542,30,0,0,30,1.755745966196534,1.9541557884547107,1.687836701009261,0.4472065711888038,1.5754066532459186,2.8855376503372163,30,0,0,0
dataset,adult,10,2,236.22905959879668,7086.871787963901,235.35632083173064,7060.6896249519195,14.96392079764822,448.91762392944656,14.120490301866084,423.61470905598253,8.863326464779675,265.89979394339025,8.047858328791335,241.43574986374006,26.652415494058964,26.65942954987088,26.67091144723152,0.47795499014583964,25.886315084189395,27.42615951023209,10,0,0,10,15.786575109106648,15.793098627437594,15.739459341744837,0.3422534323715604,15.123828114066693,16.424038113603725,10,0,0,10,1.688296246009956,1.6889041703144332,1.6830785930259475,0.05342634922431094,1.601702612254577,1.813440307796343,10,0,0,0
dataset,bank,10,2,214.2892183008371,6428.676549025113,213.76415003323928,6412.924500997178,4.731498667388223,141.9449600216467,4.272405534478215,128.17216603434645,1.8547306322337438,55.641918967012316,1.4356846979353577,43.07054093806073,115.53657149812531,115.58742472504892,115.9582803596328,2.488351414334439,111.19021631234163,118.92744218617915,10,0,0,10,45.289924686616104,45.5304002477606,44.90794110991503,3.514514401662657,40.69565870555455,50.57334603002542,10,0,0,10,2.551043577519311,2.552200811741209,2.533574723007276,0.20383469606617044,2.2798691126008404,2.8855376503372163,10,0,0,0
dataset,credit,10,2,162.64527363139982,4879.358208941994,162.22045406563362,4866.613621969009,10.559419501805678,316.78258505417034,10.181972132219622,305.4591639665887,6.513842932569484,195.41528797708452,6.16229029740983,184.8687089222949,24.96917339197215,24.97252580959559,24.928327223575074,0.32511554036536927,24.561299339392583,25.681564914971588,10,0,0,10,15.402861265582564,15.406999565464186,15.522190262611709,0.2816529571916106,14.969270991438124,15.709677579430878,10,0,0,10,1.621073705816292,1.6213623833084905,1.6235232526782695,0.037288613076493365,1.5754066532459186,1.6902753856486068,10,0,0,0
client,adult/c0,5,1,236.87011373306936,3553.0517059960403,235.99734146846458,3539.9601220269687,15.02211113111116,225.3316669666674,14.17165007054185,212.57475105812773,8.766480667206148,131.49721000809222,7.9414555298474925,119.12183294771239,27.019977882248522,27.02430416830896,26.97725953211592,0.3302998843642012,26.700760851647157,27.42615951023209,5,0,0,5,15.768097550716794,15.775320929765877,15.966811498555257,0.37906002066092115,15.123828114066693,16.029360156627416,5,0,0,5,1.713585154793784,1.714155219377856,1.7030053082050978,0.05845933970923149,1.6691744224601142,1.813440307796343,5,0,0,0
client,adult/c99,5,1,235.58800546452403,3533.8200819678605,234.71530019499673,3520.729502924951,14.905730464185277,223.58595696277916,14.06933053319032,211.0399579978548,8.960172262353202,134.40258393529803,8.154261127735177,122.31391691602767,26.292798683610553,26.294554931432796,26.311398490333524,0.26844078825711587,25.886315084189395,26.641062042815886,5,0,0,5,15.805196936210727,15.81087632510931,15.664096775077446,0.34508341213832894,15.611385699268935,16.424038113603725,5,0,0,5,1.6635540063010574,1.6636531212510102,1.6807591696819801,0.03756075324707657,1.601702612254577,1.6948640694340118,5,0,0,0
client,bank/c0,5,1,214.14596699760295,3212.1895049640443,213.618877728004,3204.28316592006,4.989380531090622,74.84070796635933,4.530625004554167,67.95937506831251,1.8601417968360086,27.90212695254013,1.4415999971485387,21.62399995722808,115.12346390036105,115.20015495863844,115.67295294490361,3.202098627092939,111.19021631234163,118.92744218617915,5,0,0,5,42.9203516675432,43.002176364007774,43.944149450558015,2.1198655987044797,40.69565870555455,45.00370535598487,5,0,0,5,2.68225816955313,2.6852089791112475,2.664874911853992,0.17349724294646005,2.506044936911362,2.8855376503372163,5,0,0,0
client,bank/c19,5,1,214.43246960407123,3216.4870440610684,213.90942233847454,3208.641335077118,4.473616803685824,67.10425205528736,4.014186064402263,60.212790966033936,1.849319467631479,27.739792014472187,1.4297693987221767,21.44654098083265,115.95209662649916,115.9746944914594,116.24360777436198,1.8175198527597707,113.2235832484932,117.80007140774477,5,0,0,5,47.93268601535111,48.05862413151343,49.66231728949099,2.70517201973289,44.81217686384518,50.57334603002542,5,0,0,5,2.4190611097688928,2.41919264437117,2.365600871355265,0.13840190639225178,2.2798691126008404,2.5940183206798917,5,0,0,0
client,credit/c0,5,1,162.70291119775115,2440.543667966267,162.2767388005741,2434.1510820086114,10.657039001428833,159.8555850214325,10.27919159581264,154.18787393718958,6.4641469992542016,96.96220498881303,6.107369529005761,91.61054293508641,25.17005124056166,25.172907533046008,25.024128005176713,0.3261186612670671,24.86432427072191,25.681564914971588,5,0,0,5,15.267177982170928,15.270062393900616,15.24701465547355,0.2547360861396607,14.969270991438124,15.588779134125822,5,0,0,5,1.648638096048618,1.6487671661526446,1.6474391415778913,0.027317977668909213,1.6190976573445133,1.6902753856486068,5,0,0,0
client,credit/c99,5,1,162.58763606504849,2438.814540975727,162.16416933069317,2432.4625399603974,10.461800002182523,156.92700003273785,10.084752668626606,151.2712900293991,6.563538865884766,98.45308298827149,6.217211065813899,93.25816598720849,24.771337442690935,24.77214408614518,24.749130578983642,0.17632296748262655,24.561299339392583,25.04778833560657,5,0,0,5,15.541076681940941,15.543936737027755,15.645641469697471,0.25830007296151697,15.08726725006482,15.709677579430878,5,0,0,5,1.5939267239750352,1.593957600464336,1.5842595105709456,0.022464734271115113,1.5754066532459186,1.6279488480120254,5,0,0,0
role,adult/smallest,5,1,236.87011373306936,3553.0517059960403,235.99734146846458,3539.9601220269687,15.02211113111116,225.3316669666674,14.17165007054185,212.57475105812773,8.766480667206148,131.49721000809222,7.9414555298474925,119.12183294771239,27.019977882248522,27.02430416830896,26.97725953211592,0.3302998843642012,26.700760851647157,27.42615951023209,5,0,0,5,15.768097550716794,15.775320929765877,15.966811498555257,0.37906002066092115,15.123828114066693,16.029360156627416,5,0,0,5,1.713585154793784,1.714155219377856,1.7030053082050978,0.05845933970923149,1.6691744224601142,1.813440307796343,5,0,0,0
role,adult/median_size,5,1,236.87011373306936,3553.0517059960403,235.99734146846458,3539.9601220269687,15.02211113111116,225.3316669666674,14.17165007054185,212.57475105812773,8.766480667206148,131.49721000809222,7.9414555298474925,119.12183294771239,27.019977882248522,27.02430416830896,26.97725953211592,0.3302998843642012,26.700760851647157,27.42615951023209,5,0,0,5,15.768097550716794,15.775320929765877,15.966811498555257,0.37906002066092115,15.123828114066693,16.029360156627416,5,0,0,5,1.713585154793784,1.714155219377856,1.7030053082050978,0.05845933970923149,1.6691744224601142,1.813440307796343,5,0,0,0
role,adult/min_group0_fraction,5,1,236.87011373306936,3553.0517059960403,235.99734146846458,3539.9601220269687,15.02211113111116,225.3316669666674,14.17165007054185,212.57475105812773,8.766480667206148,131.49721000809222,7.9414555298474925,119.12183294771239,27.019977882248522,27.02430416830896,26.97725953211592,0.3302998843642012,26.700760851647157,27.42615951023209,5,0,0,5,15.768097550716794,15.775320929765877,15.966811498555257,0.37906002066092115,15.123828114066693,16.029360156627416,5,0,0,5,1.713585154793784,1.714155219377856,1.7030053082050978,0.05845933970923149,1.6691744224601142,1.813440307796343,5,0,0,0
role,adult/largest,5,1,235.58800546452403,3533.8200819678605,234.71530019499673,3520.729502924951,14.905730464185277,223.58595696277916,14.06933053319032,211.0399579978548,8.960172262353202,134.40258393529803,8.154261127735177,122.31391691602767,26.292798683610553,26.294554931432796,26.311398490333524,0.26844078825711587,25.886315084189395,26.641062042815886,5,0,0,5,15.805196936210727,15.81087632510931,15.664096775077446,0.34508341213832894,15.611385699268935,16.424038113603725,5,0,0,5,1.6635540063010574,1.6636531212510102,1.6807591696819801,0.03756075324707657,1.601702612254577,1.6948640694340118,5,0,0,0
role,adult/max_group0_fraction,5,1,235.58800546452403,3533.8200819678605,234.71530019499673,3520.729502924951,14.905730464185277,223.58595696277916,14.06933053319032,211.0399579978548,8.960172262353202,134.40258393529803,8.154261127735177,122.31391691602767,26.292798683610553,26.294554931432796,26.311398490333524,0.26844078825711587,25.886315084189395,26.641062042815886,5,0,0,5,15.805196936210727,15.81087632510931,15.664096775077446,0.34508341213832894,15.611385699268935,16.424038113603725,5,0,0,5,1.6635540063010574,1.6636531212510102,1.6807591696819801,0.03756075324707657,1.601702612254577,1.6948640694340118,5,0,0,0
role,adult/min_surviving_smaller_group,5,1,235.58800546452403,3533.8200819678605,234.71530019499673,3520.729502924951,14.905730464185277,223.58595696277916,14.06933053319032,211.0399579978548,8.960172262353202,134.40258393529803,8.154261127735177,122.31391691602767,26.292798683610553,26.294554931432796,26.311398490333524,0.26844078825711587,25.886315084189395,26.641062042815886,5,0,0,5,15.805196936210727,15.81087632510931,15.664096775077446,0.34508341213832894,15.611385699268935,16.424038113603725,5,0,0,5,1.6635540063010574,1.6636531212510102,1.6807591696819801,0.03756075324707657,1.601702612254577,1.6948640694340118,5,0,0,0
role,bank/smallest,5,1,214.14596699760295,3212.1895049640443,213.618877728004,3204.28316592006,4.989380531090622,74.84070796635933,4.530625004554167,67.95937506831251,1.8601417968360086,27.90212695254013,1.4415999971485387,21.62399995722808,115.12346390036105,115.20015495863844,115.67295294490361,3.202098627092939,111.19021631234163,118.92744218617915,5,0,0,5,42.9203516675432,43.002176364007774,43.944149450558015,2.1198655987044797,40.69565870555455,45.00370535598487,5,0,0,5,2.68225816955313,2.6852089791112475,2.664874911853992,0.17349724294646005,2.506044936911362,2.8855376503372163,5,0,0,0
role,bank/median_size,5,1,214.14596699760295,3212.1895049640443,213.618877728004,3204.28316592006,4.989380531090622,74.84070796635933,4.530625004554167,67.95937506831251,1.8601417968360086,27.90212695254013,1.4415999971485387,21.62399995722808,115.12346390036105,115.20015495863844,115.67295294490361,3.202098627092939,111.19021631234163,118.92744218617915,5,0,0,5,42.9203516675432,43.002176364007774,43.944149450558015,2.1198655987044797,40.69565870555455,45.00370535598487,5,0,0,5,2.68225816955313,2.6852089791112475,2.664874911853992,0.17349724294646005,2.506044936911362,2.8855376503372163,5,0,0,0
role,bank/min_group0_fraction,5,1,214.14596699760295,3212.1895049640443,213.618877728004,3204.28316592006,4.989380531090622,74.84070796635933,4.530625004554167,67.95937506831251,1.8601417968360086,27.90212695254013,1.4415999971485387,21.62399995722808,115.12346390036105,115.20015495863844,115.67295294490361,3.202098627092939,111.19021631234163,118.92744218617915,5,0,0,5,42.9203516675432,43.002176364007774,43.944149450558015,2.1198655987044797,40.69565870555455,45.00370535598487,5,0,0,5,2.68225816955313,2.6852089791112475,2.664874911853992,0.17349724294646005,2.506044936911362,2.8855376503372163,5,0,0,0
role,bank/largest,5,1,214.43246960407123,3216.4870440610684,213.90942233847454,3208.641335077118,4.473616803685824,67.10425205528736,4.014186064402263,60.212790966033936,1.849319467631479,27.739792014472187,1.4297693987221767,21.44654098083265,115.95209662649916,115.9746944914594,116.24360777436198,1.8175198527597707,113.2235832484932,117.80007140774477,5,0,0,5,47.93268601535111,48.05862413151343,49.66231728949099,2.70517201973289,44.81217686384518,50.57334603002542,5,0,0,5,2.4190611097688928,2.41919264437117,2.365600871355265,0.13840190639225178,2.2798691126008404,2.5940183206798917,5,0,0,0
role,bank/max_group0_fraction,5,1,214.43246960407123,3216.4870440610684,213.90942233847454,3208.641335077118,4.473616803685824,67.10425205528736,4.014186064402263,60.212790966033936,1.849319467631479,27.739792014472187,1.4297693987221767,21.44654098083265,115.95209662649916,115.9746944914594,116.24360777436198,1.8175198527597707,113.2235832484932,117.80007140774477,5,0,0,5,47.93268601535111,48.05862413151343,49.66231728949099,2.70517201973289,44.81217686384518,50.57334603002542,5,0,0,5,2.4190611097688928,2.41919264437117,2.365600871355265,0.13840190639225178,2.2798691126008404,2.5940183206798917,5,0,0,0
role,bank/min_surviving_smaller_group,5,1,214.43246960407123,3216.4870440610684,213.90942233847454,3208.641335077118,4.473616803685824,67.10425205528736,4.014186064402263,60.212790966033936,1.849319467631479,27.739792014472187,1.4297693987221767,21.44654098083265,115.95209662649916,115.9746944914594,116.24360777436198,1.8175198527597707,113.2235832484932,117.80007140774477,5,0,0,5,47.93268601535111,48.05862413151343,49.66231728949099,2.70517201973289,44.81217686384518,50.57334603002542,5,0,0,5,2.4190611097688928,2.41919264437117,2.365600871355265,0.13840190639225178,2.2798691126008404,2.5940183206798917,5,0,0,0
role,credit/smallest,5,1,162.70291119775115,2440.543667966267,162.2767388005741,2434.1510820086114,10.657039001428833,159.8555850214325,10.27919159581264,154.18787393718958,6.4641469992542016,96.96220498881303,6.107369529005761,91.61054293508641,25.17005124056166,25.172907533046008,25.024128005176713,0.3261186612670671,24.86432427072191,25.681564914971588,5,0,0,5,15.267177982170928,15.270062393900616,15.24701465547355,0.2547360861396607,14.969270991438124,15.588779134125822,5,0,0,5,1.648638096048618,1.6487671661526446,1.6474391415778913,0.027317977668909213,1.6190976573445133,1.6902753856486068,5,0,0,0
role,credit/median_size,5,1,162.70291119775115,2440.543667966267,162.2767388005741,2434.1510820086114,10.657039001428833,159.8555850214325,10.27919159581264,154.18787393718958,6.4641469992542016,96.96220498881303,6.107369529005761,91.61054293508641,25.17005124056166,25.172907533046008,25.024128005176713,0.3261186612670671,24.86432427072191,25.681564914971588,5,0,0,5,15.267177982170928,15.270062393900616,15.24701465547355,0.2547360861396607,14.969270991438124,15.588779134125822,5,0,0,5,1.648638096048618,1.6487671661526446,1.6474391415778913,0.027317977668909213,1.6190976573445133,1.6902753856486068,5,0,0,0
role,credit/min_group0_fraction,5,1,162.70291119775115,2440.543667966267,162.2767388005741,2434.1510820086114,10.657039001428833,159.8555850214325,10.27919159581264,154.18787393718958,6.4641469992542016,96.96220498881303,6.107369529005761,91.61054293508641,25.17005124056166,25.172907533046008,25.024128005176713,0.3261186612670671,24.86432427072191,25.681564914971588,5,0,0,5,15.267177982170928,15.270062393900616,15.24701465547355,0.2547360861396607,14.969270991438124,15.588779134125822,5,0,0,5,1.648638096048618,1.6487671661526446,1.6474391415778913,0.027317977668909213,1.6190976573445133,1.6902753856486068,5,0,0,0
role,credit/largest,5,1,162.58763606504849,2438.814540975727,162.16416933069317,2432.4625399603974,10.461800002182523,156.92700003273785,10.084752668626606,151.2712900293991,6.563538865884766,98.45308298827149,6.217211065813899,93.25816598720849,24.771337442690935,24.77214408614518,24.749130578983642,0.17632296748262655,24.561299339392583,25.04778833560657,5,0,0,5,15.541076681940941,15.543936737027755,15.645641469697471,0.25830007296151697,15.08726725006482,15.709677579430878,5,0,0,5,1.5939267239750352,1.593957600464336,1.5842595105709456,0.022464734271115113,1.5754066532459186,1.6279488480120254,5,0,0,0
role,credit/max_group0_fraction,5,1,162.58763606504849,2438.814540975727,162.16416933069317,2432.4625399603974,10.461800002182523,156.92700003273785,10.084752668626606,151.2712900293991,6.563538865884766,98.45308298827149,6.217211065813899,93.25816598720849,24.771337442690935,24.77214408614518,24.749130578983642,0.17632296748262655,24.561299339392583,25.04778833560657,5,0,0,5,15.541076681940941,15.543936737027755,15.645641469697471,0.25830007296151697,15.08726725006482,15.709677579430878,5,0,0,5,1.5939267239750352,1.593957600464336,1.5842595105709456,0.022464734271115113,1.5754066532459186,1.6279488480120254,5,0,0,0
role,credit/min_surviving_smaller_group,5,1,162.58763606504849,2438.814540975727,162.16416933069317,2432.4625399603974,10.461800002182523,156.92700003273785,10.084752668626606,151.2712900293991,6.563538865884766,98.45308298827149,6.217211065813899,93.25816598720849,24.771337442690935,24.77214408614518,24.749130578983642,0.17632296748262655,24.561299339392583,25.04778833560657,5,0,0,5,15.541076681940941,15.543936737027755,15.645641469697471,0.25830007296151697,15.08726725006482,15.709677579430878,5,0,0,5,1.5939267239750352,1.593957600464336,1.5842595105709456,0.022464734271115113,1.5754066532459186,1.6279488480120254,5,0,0,0
seed,10000,6,6,204.26083810970238,3676.695085974643,203.6489791676609,3665.6816250178963,10.049289330102814,180.88720794185065,9.485842611563081,170.74516700813547,5.765180667771751,103.77325201989152,5.233298605566637,94.19937490019947,35.43008448140264,54.91373429445791,26.592200259028594,45.20930918275157,24.786756297351406,115.29690463382052,6,0,0,6,20.325898817325882,25.359848199095907,15.837500813162443,14.986562300219147,15.455601391097593,45.44817698385366,6,0,0,6,1.7431005044264947,1.9381756101082794,1.6792735233598326,0.4628771923117816,1.5842595105709456,2.536887335982299,6,0,0,0
seed,10001,6,6,204.23141222110846,3676.1654199799523,203.62614577526176,3665.2706239547115,10.096652831028527,181.73975095851347,9.543960778197894,171.7912940075621,5.736497609177604,103.25695696519688,5.218368049504028,93.93062489107251,35.60210883629872,55.54315613357177,26.652416910806636,46.11987717646173,24.561299339392583,117.30930539287655,6,0,0,6,20.227635399473648,26.176317298537533,15.712157081855981,16.835987571655522,14.969270991438124,50.57334603002542,6,0,0,6,1.7600726992155065,1.9227245594740168,1.7010034105005891,0.3851632400789857,1.6279488480120254,2.506044936911362,6,0,0,0
seed,10002,6,6,204.06095605641087,3673.0972090153955,203.45980566990977,3662.2765020583756,10.071002331743431,181.27804197138175,9.523122615064494,171.4162070711609,5.763997609998721,103.75195697997697,5.236949110338982,94.26508398610167,35.40267881139114,56.0164397573891,26.50607967099034,47.04468967807867,24.749130578983642,117.80007140774477,6,0,0,6,20.262229054720624,25.516860106840603,15.853032535188191,15.567081637149949,15.24701465547355,49.7971034903519,6,0,0,6,1.7472252789059823,1.9609453303990534,1.6772862194150147,0.5203867825032906,1.5754066532459186,2.8393252864214142,6,0,0,0
seed,10003,6,6,204.8954396660621,3688.1179139891174,204.2884443863942,3677.191998955095,9.996317116828221,179.93370810290799,9.427504555787891,169.69508200418204,5.743092666509457,103.37566799717024,5.2051966631552204,93.69353993679397,35.6768472256941,55.98477563092223,26.680158778248867,46.5867392435624,24.715745879391694,118.92744218617915,6,0,0,6,20.497092806422927,26.20651214715104,15.842756396705209,16.29735572184049,15.588779134125822,49.66231728949099,6,0,0,6,1.7405808503006084,1.922877572214205,1.6841443462545822,0.44449081106389937,1.5767935747433424,2.664874911853992,6,0,0,0
seed,10004,6,6,204.49060649843886,3680.8309169718996,203.87816655177934,3669.806997932028,10.21147000170054,183.80646003060974,9.644349386993175,173.59828896587715,5.711064829180638,102.79916692525148,5.182576444996004,93.28637600992806,35.80603838597591,56.24086099118465,26.866292130279955,46.947068567886326,24.992330176428244,117.42885540015116,6,0,0,6,20.025579712263223,24.624626316145555,16.013224208019455,14.111316932258116,15.089645797367996,44.81217686384518,6,0,0,6,1.7880150737433624,2.0260558700779994,1.7348486107234309,0.565736915543303,1.601702612254577,2.8855376503372163,6,0,0,0
dataset_seed,adult/10000,2,2,235.2374306647107,1411.4245839882642,234.37370850297157,1406.2422510178294,14.859840332064778,89.15904199238867,14.012743340572342,84.07646004343405,8.852229502129678,53.113377012778066,8.05052783107385,48.3031669864431,26.573806136422135,26.592200259028594,26.592200259028594,0.9982723877356967,25.886315084189395,27.29808543386779,2,0,0,2,15.830414419535314,15.83275994968435,15.83275994968435,0.2780346790242403,15.636159742741285,16.029360156627416,2,0,0,2,1.6786551149052094,1.6792735233598326,1.6792735233598326,0.033561811987494444,1.6555417385145672,1.7030053082050978,2,0,0,0
dataset_seed,adult/10001,2,2,235.6101110005208,1413.6606660031248,234.73522899439558,1408.4113739663735,14.995506823955413,89.97304094373249,14.162729334202595,84.97637600521557,8.841333163824554,53.04799898294733,8.05531932564918,48.33191595389508,26.648708586681213,26.652416910806636,26.652416910806636,0.459396840692416,26.327574289497353,26.97725953211592,2,0,0,2,15.712047199640642,15.712157081855981,15.712157081855981,0.06796753765801518,15.664096775077446,15.760217388634516,2,0,0,2,1.6960685166023883,1.696245302517276,1.696245302517276,0.02190069908438658,1.6807591696819801,1.7117314353525717,2,0,0,0
dataset_seed,adult/10002,2,2,236.59382633438025,1419.5629580062814,235.71570150670595,1414.2942090402357,14.97164583512737,89.82987501076423,14.134708171089489,84.80824902653694,8.926076334319077,53.556458005914465,8.089277995168231,48.53566797100939,26.505915642321103,26.50607967099034,26.50607967099034,0.27532076602367683,26.311398490333524,26.700760851647157,2,0,0,2,15.802793422969549,15.803886595107219,15.803886595107219,0.27223737766347345,15.611385699268935,15.996387490945505,2,0,0,2,1.6772930540112256,1.6772862194150147,1.6772862194150147,0.011471813268837056,1.6691744224601142,1.6853980163699152,2,0,0,0
dataset_seed,adult/10003,2,2,237.48293716441066,1424.8976229864638,236.61457632745925,1419.6874579647556,14.990479001426138,89.94287400855683,14.143937495343076,84.86362497205846,8.901076662975052,53.40645997785032,8.064930501859635,48.38958301115781,26.680248486370807,26.680158778248867,26.680158778248867,0.055291133493831926,26.641062042815886,26.719255513681844,2,0,0,2,15.842251414502327,15.842756396705209,15.842756396705209,0.17544040751791443,15.71870129485516,15.966811498555257,2,0,0,2,1.6841197496681029,1.6841443462545822,1.6841443462545822,0.015159977905234413,1.6734246230751528,1.6948640694340118,2,0,0,0
dataset_seed,adult/10004,2,2,236.2209928299611,1417.3259569797665,235.34238882712089,1412.0543329627253,15.002131995667394,90.01279197400436,14.148333168122917,84.8899990087375,8.795916660650011,52.77549996390007,7.97923599020578,47.87541594123468,26.855756135882324,26.866292130279955,26.866292130279955,0.791772041858599,26.30642475032782,27.42615951023209,2,0,0,2,15.74582818616591,15.77393311383521,15.77393311383521,0.9193873076391929,15.123828114066693,16.424038113603725,2,0,0,2,1.7055791425107418,1.7075714600254601,1.7075714600254601,0.14972116035039537,1.601702612254577,1.813440307796343,2,0,0,0
dataset_seed,bank/10000,2,2,214.44171550198612,1286.6502930119168,213.89359716946882,1283.3615830168128,4.799111159324335,28.79466695594601,4.33585416370382,26.01512498222292,1.894250002806075,11.36550001683645,1.4527709912120677,8.716625947272405,113.20665972512592,113.24356047308108,113.24356047308108,2.90386716033732,111.19021631234163,115.29690463382052,2,0,0,2,44.68363169403588,44.696163217205836,44.696163217205836,1.0635080678846238,43.944149450558015,45.44817698385366,2,0,0,2,2.533515191878106,2.533574723007276,2.533574723007276,0.00468474219617022,2.5302621100322535,2.536887335982299,2,0,0,0
dataset_seed,bank/10001,2,2,215.12029216683004,1290.7217530009802,214.60181966055342,1287.6109179633204,4.516930668614805,27.10158401168883,4.060486331582069,24.362917989492416,1.8706111683665463,11.223667010199279,1.4439306590550889,8.663583954330534,115.00000417226057,115.04530667124659,115.04530667124659,3.201777697324439,112.78130794961663,117.30930539287655,2,0,0,2,47.62532523723691,47.78852569300514,47.78852569300514,3.938330689386486,45.00370535598487,50.57334603002542,2,0,0,2,2.414681760164554,2.412816259074458,2.412816259074458,0.13184526059906104,2.319587581237555,2.506044936911362,2,0,0,0
dataset_seed,bank/10002,2,2,213.41301399903995,1280.4780839942396,212.89747933527298,1277.384876011638,4.7614861687179655,28.568917012307793,4.321791503267983,25.930749019607898,1.828291657147929,10.969749942887574,1.4368053331660726,8.620831998996437,116.72810142991997,116.7365121763242,116.7365121763242,1.5040998894620847,115.67295294490361,117.80007140774477,2,0,0,2,44.820672881740535,45.268347607962376,45.268347607962376,6.4046279895522,40.73959172557285,49.7971034903519,2,0,0,2,2.604336211950842,2.6024630788883396,2.6024630788883396,0.33497374630690485,2.365600871355265,2.8393252864214142,2,0,0,0
dataset_seed,bank/10003,2,2,213.8593543349998,1283.1561260099988,213.3443818311207,1280.0662909867242,4.548875008670923,27.29325005202554,4.0742013419124605,24.445208051474765,1.8435835033111894,11.061501019867137,1.413124831742607,8.478748990455642,116.00198957676463,116.07551271733618,116.07551271733618,4.033237333769232,113.2235832484932,118.92744218617915,2,0,0,2,47.013680069764014,47.14504693592979,47.14504693592979,3.5599578741659674,44.62777658236859,49.66231728949099,2,0,0,2,2.4674092605519977,2.4723720122274164,2.4723720122274164,0.27224021144805016,2.2798691126008404,2.664874911853992,2,0,0,0
dataset_seed,bank/10004,2,2,214.61171550132957,1287.6702930079773,214.08347216978046,1284.500833018683,5.031090331613086,30.186541989678517,4.569694331924742,27.418165991548452,1.8369168295369795,11.021500977221876,1.431791674500952,8.590750047005713,116.83257077862662,116.83623158725658,116.83623158725658,0.8380966335807903,116.24360777436198,117.42885540015116,2,0,0,2,42.657098433078616,42.753917784699865,42.753917784699865,2.9108179046048632,40.69565870555455,44.81217686384518,2,0,0,2,2.7388775859172907,2.739777985508554,2.739777985508554,0.20613529484765086,2.5940183206798917,2.8855376503372163,2,0,0,0
dataset_seed,credit/10000,2,2,163.10336816241033,978.620208974462,162.67963183054235,976.0777909832541,10.488916498919327,62.93349899351596,10.108930330413084,60.65358198247851,6.549062498379499,39.29437499027699,6.196596994413994,37.179581966483966,24.90484221257144,24.90544215126406,24.90544215126406,0.16784714426510663,24.786756297351406,25.024128005176713,2,0,0,2,15.55006832013725,15.550621430397532,15.550621430397532,0.13437862827519848,15.455601391097593,15.645641469697471,2,0,0,2,1.601590533227421,1.6016785839577294,1.6016785839577294,0.02463428982756194,1.5842595105709456,1.6190976573445133,2,0,0,0
dataset_seed,credit/10001,2,2,161.96383349597454,971.7830009758472,161.54138867083626,969.2483320250176,10.77752100051536,64.66512600309215,10.408666668809019,62.452000012854114,6.4975484953417135,38.98529097205028,6.155854163807817,36.9351249828469,24.926914144941165,24.931744818662082,24.931744818662082,0.523889020902724,24.561299339392583,25.302190297931578,2,0,0,2,15.027930215884501,15.028269120751471,15.028269120751471,0.08343595462957765,14.969270991438124,15.08726725006482,2,0,0,2,1.6587057423645375,1.659112116830316,1.659112116830316,0.04407151741070525,1.6279488480120254,1.6902753856486068,2,0,0,0
dataset_seed,credit/10002,2,2,162.17602783581242,973.0561670148745,161.76623616775032,970.5974170065019,10.479874991384957,62.87924994830974,10.112868170836009,60.677209025016055,6.537624838529155,39.22574903117493,6.184764002682641,37.10858401609585,24.80656688649926,24.806727424852774,24.806727424852774,0.08145424057804089,24.749130578983642,24.86432427072191,2,0,0,2,15.474996406839793,15.478346117452213,15.478346117452213,0.32715209093382286,15.24701465547355,15.709677579430878,2,0,0,2,1.6030095409608631,1.603086692893806,1.603086692893806,0.039145487477067274,1.5754066532459186,1.6307667325416932,2,0,0,0
dataset_seed,credit/10003,2,2,163.3440274987758,980.0641649926548,162.90637500060257,977.4382500036154,10.449597340387601,62.69758404232561,10.064374830108136,60.386248980648816,6.484617833242131,38.907706999452785,6.137534655863419,36.825207935180515,25.189460921108477,25.19865539718164,25.19865539718164,0.6829371894575947,24.715745879391694,25.681564914971588,2,0,0,2,15.631609733654768,15.631733108818121,15.631733108818121,0.0607460935676801,15.588779134125822,15.67468708351042,2,0,0,2,1.6114438212256357,1.6121163581606168,1.6121163581606168,0.049953959369477004,1.5767935747433424,1.6474391415778913,2,0,0,0
dataset_seed,credit/10004,2,2,162.63911116402596,975.8346669841558,162.20863865843666,973.2518319506199,10.601187677821144,63.60712606692687,10.215020660931867,61.2901239655912,6.500360997354923,39.00216598412953,6.136701670281278,36.82021002168767,25.020012154741224,25.020059256017404,25.020059256017404,0.03921484042711687,24.992330176428244,25.04778833560657,2,0,0,2,15.341593423941069,15.34602804990159,15.34602804990159,0.3625792586847717,15.089645797367996,15.602410302435183,2,0,0,2,1.6308613755658954,1.6308181646999838,1.6308181646999838,0.03597582377565124,1.6053794157494485,1.656256913650519,2,0,0,0
