dataset,seed,step,withdrawn_client,fresh_request_seconds,fresh_algorithm_seconds,fresh_persistence_seconds,fresh_operational_seconds,compact_request_seconds,compact_algorithm_seconds,compact_persistence_seconds,compact_operational_seconds,request_seconds_ratio,algorithm_seconds_ratio,persistence_seconds_ratio,operational_seconds_ratio,compact_incremental_setup_operational_seconds,fresh_common_training_operational_seconds,compact_common_training_operational_seconds
adult,10000,1,0,0.23929502800456248,0.2384117083371772,0.000264000011763225,0.2395590280163257,0.008760750332536796,0.007947013664913053,0.0058617916753670824,0.01462254200790388,27.314444416460308,30.00016338084221,0.045037426504361835,16.382857911219375,0.015660458001851417,0.4824723200387476,0.25857375002427335
adult,10000,2,1,0.4736488750107431,0.4718749579915311,0.0005622220051009208,0.474211097015844,0.017669444670900702,0.01601098632090725,0.011844236015652617,0.029513680686553318,26.806098540877276,29.47194810699162,0.04746798395083673,16.06750110405235,0.030551596680500854,0.7171243890382659,0.2734648887029228
adult,10000,3,2,0.7054116526754418,0.7027706383281233,0.0008094163495115936,0.7062210690249534,0.02635956966939072,0.02390548632441399,0.017766458021166425,0.044126027690557144,26.76112173009336,29.39788083752154,0.045558678524851674,16.004637307882643,0.04516394368450468,0.9491343610473754,0.2880772357069266
adult,10001,1,0,0.23888840266348174,0.2380196249966199,0.0003054583309373508,0.23919386099441908,0.00896623632676589,0.00810412532882765,0.005991138993219162,0.014957375319985053,26.643107983932484,29.370180659712485,0.050985018254971544,15.99170013971797,0.01595866731562031,0.48270161100663245,0.25946641732783365
adult,10001,2,1,0.4767832216651489,0.47505281934475835,0.0005468336651877811,0.47733005533033673,0.017856388993095607,0.016175958667493735,0.012159013994581377,0.030015402987676982,26.700987632466063,29.36783093415025,0.04497352050351086,15.902836804367,0.031016694983312238,0.7208378053425502,0.2745244449955256
adult,10001,3,2,0.7101186380023137,0.7075131526798941,0.0010179310047533363,0.711136569007067,0.02662651432910934,0.024115250329487026,0.01813968032365665,0.04476619465276599,26.66960568796566,29.338826801013106,0.0561162593050669,15.885571121760016,0.045767486648401245,0.9546443190192804,0.2892752366606146
adult,10002,1,0,0.23994868032362623,0.23904633332858793,0.00032415301150952774,0.24027283333513574,0.00884927799537157,0.008031430343786875,0.006174624664708972,0.015023902660080543,27.11505734695264,29.763855639178207,0.05249760578359074,15.992704343962226,0.016093818664861224,0.48319979135218694,0.2590207766819124
adult,10002,2,1,0.4752063886553515,0.47339818033894215,0.0006378333491738886,0.47584422200452536,0.01760529166009898,0.015965750023800258,0.012068986009884005,0.029674277669982985,26.992247435035097,29.65085759411516,0.05284895919603595,16.035578937979192,0.030744193674763665,0.7187711800215766,0.2736711516918149
adult,10002,3,2,0.70762987464938,0.7049134306823058,0.0009495553482944766,0.7085794299976745,0.026193722325842828,0.023776903020916507,0.01811277767410502,0.044306499999947846,27.015246853679503,29.646982622681957,0.052424612358159234,15.992674438254175,0.045376416004728526,0.9515063880147258,0.28830337402177975
adult,10003,1,0,0.2395584443390059,0.23868737499772882,0.0003086250023140262,0.23986706934131993,0.009057083002214009,0.008206916662553946,0.005910791999970873,0.014967875002184883,26.449845306755574,29.083684508068426,0.052213815393190456,16.02545914542353,0.015927125001326203,0.48282798631892854,0.2588880419789348
adult,10003,2,1,0.47435861100287485,0.4726230416757365,0.0005688056601987531,0.47492741666307364,0.017782777334408213,0.016128014006729547,0.01211227800619478,0.029895055340602994,26.67517014257553,29.304478622013264,0.04696108031105623,15.886487288686657,0.030854305339744315,0.7178883336406823,0.2738152223173529
adult,10003,3,2,0.7083947500019955,0.7057677363433564,0.0008861666622882088,0.7092809166642837,0.026569749335370336,0.024096625013044104,0.018226527676840003,0.04479627701221034,26.661702414292712,29.28906998226128,0.04861960972490876,15.833479118609601,0.04575552701135166,0.9522418336418923,0.28871644398896024
adult,10004,1,0,0.24498876366609088,0.24415286099732234,0.00036445833393372595,0.2453532220000246,0.008906958673226958,0.008044333342695609,0.006280013990666096,0.015186972663893053,27.505321698919744,30.3509129465672,0.05803463725963281,16.155505605363377,0.01619976465978349,0.4897989719950905,0.26064551465484936
adult,10004,2,1,0.489039971997651,0.487316235996938,0.0005810416769236326,0.4896210136745746,0.018154625344322994,0.016428388664886977,0.012464597316769263,0.030619222661092255,26.937486327723928,29.663057402488757,0.04661535885655347,15.990641535676032,0.03163201465698269,0.7340667636696405,0.27607776465204853
adult,10004,3,2,0.7350755973214594,0.7324699996679556,0.0008036386764918765,0.7358792359979512,0.02728918066713959,0.024705152328048523,0.0188468476505174,0.04613602831765699,26.936521337432627,29.648471296263157,0.042640482450645494,15.950207740710932,0.047148820313547425,0.9803249859930171,0.2915945703086133
bank,10000,1,0,0.2153843336564023,0.2148488886693182,0.00031406932005969185,0.215698402976462,0.0019703609965896853,0.0014886943390592933,0.0009807080011038731,0.0029510689976935587,109.31211794650372,144.32035041194644,0.3202475351543774,73.0916163414151,0.0031403190126487366,0.44205344496488885,0.22949536100107557
bank,10000,2,1,0.4191496253285247,0.4180600970090988,0.0006375553202815354,0.4197871806488062,0.003795722334568078,0.0028855413353691497,0.0018205410063577194,0.005616263340925798,110.42684063354187,144.88099403906685,0.35020102159471034,74.74492472420418,0.005805513355880976,0.6461422226372331,0.2321605553443078
bank,10000,3,2,0.6106001666727631,0.6089937223490173,0.0008310273115057498,0.6114311939842688,0.0055965416637870176,0.0042281803422762705,0.002795332664391026,0.008391874328178043,109.1031217767416,144.0321067339245,0.297291024460873,72.85990829619782,0.00858112434313322,0.8377862359726956,0.23493616633156003
bank,10001,1,0,0.2157452640143068,0.21519544467446394,0.00031226399005390704,0.2160575280043607,0.0018938193291736145,0.0014637499892463286,0.0008806253220730772,0.0027744446512466916,113.92072131212709,147.01653031967987,0.35459347151045734,77.87415326785332,0.0029410696394431093,0.4422637779983537,0.22914731963343607
bank,10001,2,1,0.4182045003496266,0.4171272223466076,0.0006565279909409583,0.41886102834056754,0.0037694723287131637,0.002887222324109947,0.001725083663283537,0.005494555991996701,110.9451042163227,144.4735373730517,0.38057747859678764,76.23200654441871,0.0056611809801931185,0.6450672783345606,0.23186743097418608
bank,10001,3,2,0.611118527672564,0.6094939863445082,0.0009721669872912267,0.6120906946598552,0.005472194665344432,0.00418166665864798,0.002511277998564765,0.007983472663909197,111.67704459470264,145.75384316777905,0.3871204175112574,76.6697301322177,0.008150097652105615,0.8382969446538482,0.23435634764609858
bank,10002,1,0,0.21577009733300656,0.21524662533192895,0.00015154167582901815,0.21592163900883557,0.001990763674257323,0.0015225830138660967,0.0008883056483076265,0.0028790693225649497,108.38559097854849,141.36938568977018,0.17059632134246905,74.99702675323982,0.0030392363163021705,0.4456403050086616,0.23275790231612822
bank,10002,2,1,0.41941758365525555,0.4183711669951056,0.00030293067296346027,0.419720514328219,0.0037990003474988043,0.002920138358604163,0.0017490696530633916,0.005548070000562196,110.40209141633609,143.2710082939661,0.17319531696916426,75.65162557171917,0.0057082369942994165,0.649439180328045,0.23542690299412547
bank,10002,3,2,0.6127888063104668,0.6112248053250369,0.00045655533904209733,0.6132453616495089,0.005694028019206598,0.004308694032564138,0.0025639583182055503,0.008257986337412149,107.61956285488255,141.8584844283529,0.17806659952320475,74.26088353661349,0.00841815333114937,0.842964027649335,0.2381368193309754
bank,10003,1,0,0.21708805533125997,0.21631050001208982,0.00015170833406349024,0.21723976366532347,0.0019166666509894033,0.0014552500021333496,0.0008725553343538195,0.002789221985343223,113.26333414274039,148.6414703281124,0.17386672006978163,77.88543357498001,0.0029502219889157764,0.44599122267876135,0.23170168100235364
bank,10003,2,1,0.42114598532013287,0.41981148600461893,0.0004202363391717275,0.4215662216593046,0.004593694320647046,0.002834777677586923,0.0016700693328554432,0.006263763653502489,91.67914883391985,148.09326647512597,0.2516280796876964,67.30238319633575,0.006424763657075043,0.6503176806727424,0.23517622267051289
bank,10003,3,2,0.6148635409869408,0.6129963193476821,0.0006267226611574491,0.6154902636480983,0.006327124991609405,0.004153513679436098,0.002450208325171843,0.008777333316781247,97.17897809863568,147.58500071460114,0.2557834183807593,70.12269460832165,0.0089383333203538,0.8442417226615362,0.23768979233379164
bank,10004,1,0,0.2162630836731599,0.21573887466608235,0.0002663753305872281,0.21652945900374712,0.0020847223446859666,0.0015480696650532384,0.0009033053259675702,0.002988027670653537,103.73711598785441,139.35992645309219,0.2948895826578923,72.46568066633336,0.003166443668305874,0.4449657920146516,0.23160277667921036
bank,10004,2,1,0.4200383896823041,0.41897880533360876,0.0005844586606447896,0.4206228483429489,0.003935138675539444,0.002955791656859219,0.001787416326502959,0.0057225550020424025,106.74042881721915,141.74842274871617,0.3269851863713644,73.50263093894719,0.0059009709996947395,0.6490591813538533,0.23433730401059924
bank,10004,3,2,0.6120305006722143,0.6103942913371915,0.0009037499936918417,0.6129342506659062,0.0057244166964665055,0.004311111008670802,0.002597194329913085,0.00832161102637959,106.91578428418754,141.58630805598014,0.3479716489763343,73.65571987478127,0.008500027024031928,0.8413705836768107,0.23693636003493643
credit,10000,1,0,0.16410379133109623,0.1636714166670572,0.0003184029968300213,0.16442219432792626,0.006567013653693721,0.006212917010998353,0.0029745276648706445,0.009541541318564365,24.98910463491932,26.3437313547436,0.10704321247046393,17.232246744875543,0.010183124317942807,0.3290574023267254,0.17481833231674196
credit,10000,2,1,0.3262398469863304,0.3253678473314115,0.0006325279925173769,0.3268723749788478,0.013136374657430375,0.012395181004346037,0.005994944338453934,0.01913131899588431,24.834846408845245,26.249543852351167,0.10551023609345182,17.085720804151943,0.019772901995262753,0.49150758297764696,0.1844081099940619
credit,10000,3,2,0.4853323746453195,0.48402195834205486,0.00094980599048237,0.4862821806358018,0.019384680325553443,0.01830351433212248,0.008909430335431049,0.02829411066098449,25.03690370408329,26.4442089950235,0.10660681488300984,17.186692540449748,0.028935693660362933,0.6509173886346009,0.1935709016591621
credit,10001,1,0,0.16230162500869483,0.16184606933772253,0.00032986133980254334,0.16263148634849736,0.00647790267248638,0.006094902666518465,0.002956222335342318,0.009434125007828698,25.0546563007251,26.55433206945245,0.11158204708048348,17.238640172092406,0.010076250007841736,0.32744598634114175,0.17489075000048615
credit,10001,2,1,0.3230673750125182,0.32216883334331214,0.000652736343909055,0.32372011135642725,0.012926305673317984,0.012208083334068457,0.005873917000523458,0.018800222673841443,24.99301681217258,26.38979637731113,0.11112454327340443,17.218950912046918,0.01944234767385448,0.48853461134907167,0.18425684766649889
credit,10001,3,2,0.48135659702044603,0.48001451400341466,0.0009780283532260607,0.48233462537367205,0.019370180680804577,0.018277847004355863,0.008763625335025912,0.028133806015830487,24.85039272232808,26.26209278855549,0.11160088614436059,17.144307638371764,0.028775931015843526,0.6471491253663164,0.19359043100848794
credit,10002,1,0,0.16353651400034627,0.16312313899591876,0.000272083319335555,0.1638085973196818,0.006561110669281334,0.00620387532399036,0.0029395830060821027,0.009500693675363436,24.9251265896204,26.29374874203585,0.09255847471311573,17.241751278062917,0.010173526679864153,0.3290303883065159,0.17539531766669825
credit,10002,2,1,0.3245346113302124,0.3236995556605204,0.0006044443192270895,0.3251390556494395,0.013093944338227933,0.0123577779935052,0.005929319003674512,0.019023263341902446,24.785091714704297,26.193993437221895,0.101941608952479,17.091655085973464,0.019696096346403163,0.4903608466362736,0.18491788733323725
credit,10002,3,2,0.48471168099786155,0.4834472223398431,0.0009321806331475576,0.4856438616310091,0.01939895800508869,0.018369625322520733,0.008814596677742278,0.02821355468283097,24.986480246553093,26.317750844223703,0.10575420149414269,17.213139821992794,0.028886387687331688,0.6508656526178431,0.19410817867416577
credit,10003,1,0,0.16250958333451612,0.16206823598865108,0.00033522199373692274,0.16284480532825304,0.0064662920000652475,0.006092110997997224,0.002962250330407793,0.009428542330473041,25.131804028162716,26.602968337564903,0.11316464050854709,17.27147204949579,0.010131917331212511,0.3272388473172517,0.17452595932021117
credit,10003,2,1,0.3232370420009829,0.3223719166611166,0.0006574583142840614,0.32389450031526695,0.012867806003972268,0.012158180674305186,0.005850903001070644,0.01871870900504291,25.119825547665254,26.514815439649606,0.11236869149321986,17.303249931819987,0.01942208400578238,0.4882885423042656,0.18381612599478103
credit,10003,3,2,0.48249034766922705,0.4811689719984618,0.000984874980834623,0.48347522265006165,0.01937926433553609,0.01830241666175425,0.008950764002899328,0.028330028338435415,24.897247868407277,26.28991465394509,0.11003250454548938,17.06582206252613,0.029033403339174885,0.6478692646390602,0.19342744532817355
credit,10004,1,0,0.16329644434154034,0.1628622226708103,0.00033268033682058257,0.1636291246783609,0.006436166334121178,0.006094208336435258,0.002921472342374424,0.009357638676495602,25.37169424535041,26.724098304468995,0.11387420376884243,17.48615546455779,0.010015472672724476,0.32813116667481756,0.17451751466918117
credit,10004,2,1,0.3243069860036485,0.3234354450153963,0.0006637083327708145,0.3249706943364193,0.012832569006908065,0.012090903328498825,0.005810680682770908,0.01864324968967897,25.27217939206613,26.75031271261956,0.11422213145161429,17.431011210257257,0.019301083685907845,0.48947273633287597,0.18380312568236454
credit,10004,3,2,0.4829574996644321,0.48165570901862037,0.0009943749949646492,0.4839518746593967,0.019121166008214157,0.018068167002638802,0.008724889009802913,0.02784605501801707,25.25774314479363,26.657696320178797,0.11396993060283195,17.37954889287794,0.028503889014245942,0.6484539166558534,0.19300593101070262
