dataset,active_client_ids,client_id,removed_group_counts,removed_n,removed_ordered_rows_sha256,retained_group_counts,retained_group_universe,retained_n,retained_ordered_rows_sha256,source_client_id,step
adult,"[1, 2, 3, 4, 5, 6, 7, 8, 9, 10, 11, 12, 13, 14, 15, 16, 17, 18, 19, 20, 21, 22, 23, 24, 25, 26, 27, 28, 29, 30, 31, 32, 33, 34, 35, 36, 37, 38, 39, 40, 41, 42, 43, 44, 45, 46, 47, 48, 49, 50, 51, 52, 53, 54, 55, 56, 57, 58, 59, 60, 61, 62, 63, 64, 65, 66, 67, 68, 69, 70, 71, 72, 73, 74, 75, 76, 77, 78, 79, 80, 81, 82, 83, 84, 85, 86, 87, 88, 89, 90, 91, 92, 93, 94, 95, 96, 97, 98, 99]",0,"[97, 203]",300,34f4a56b859b9d6120276ebec4ea7aebe2e2cad4fd036c3e9c535b47164af5cd,"[9685, 20177]","[0, 1]",29862,bcea4e1a1515cd066034c7411862fdb098f434d8377a306f12cc4b9854b91a20,0,1
adult,"[2, 3, 4, 5, 6, 7, 8, 9, 10, 11, 12, 13, 14, 15, 16, 17, 18, 19, 20, 21, 22, 23, 24, 25, 26, 27, 28, 29, 30, 31, 32, 33, 34, 35, 36, 37, 38, 39, 40, 41, 42, 43, 44, 45, 46, 47, 48, 49, 50, 51, 52, 53, 54, 55, 56, 57, 58, 59, 60, 61, 62, 63, 64, 65, 66, 67, 68, 69, 70, 71, 72, 73, 74, 75, 76, 77, 78, 79, 80, 81, 82, 83, 84, 85, 86, 87, 88, 89, 90, 91, 92, 93, 94, 95, 96, 97, 98, 99]",1,"[97, 203]",300,c0228edaceb2942757f90f6c88974f7b99ee5b36decfacea32bdf7054cb6cbe4,"[9588, 19974]","[0, 1]",29562,b2ce6299c5b22b995942ba197f1dc0b22a14d250e09f34f0feea710b7ab67095,1,2
adult,"[3, 4, 5, 6, 7, 8, 9, 10, 11, 12, 13, 14, 15, 16, 17, 18, 19, 20, 21, 22, 23, 24, 25, 26, 27, 28, 29, 30, 31, 32, 33, 34, 35, 36, 37, 38, 39, 40, 41, 42, 43, 44, 45, 46, 47, 48, 49, 50, 51, 52, 53, 54, 55, 56, 57, 58, 59, 60, 61, 62, 63, 64, 65, 66, 67, 68, 69, 70, 71, 72, 73, 74, 75, 76, 77, 78, 79, 80, 81, 82, 83, 84, 85, 86, 87, 88, 89, 90, 91, 92, 93, 94, 95, 96, 97, 98, 99]",2,"[97, 203]",300,5ef90edfe3d8369b7a706d44e8ccb28161cb13724fabe7b55967e0df439e6f88,"[9491, 19771]","[0, 1]",29262,f691c799261480881aa1dbeaa721c51a41fcf0ab79af6996bcc7ae828fc57469,2,3
bank,"[1, 2, 3, 4, 5, 6, 7, 8, 9, 10, 11, 12, 13, 14, 15, 16, 17, 18, 19]",0,"[899, 1360]",2259,c3a167cee665cf12d4a71dcf00cfce7bab5c6384c113df2a8062ae129fcc8896,"[17098, 25854]","[0, 1]",42952,979371f69843514a232cdb8115b6c95997d54c7eaf54c764bbd61ba115fb0e45,0,1
bank,"[2, 3, 4, 5, 6, 7, 8, 9, 10, 11, 12, 13, 14, 15, 16, 17, 18, 19]",1,"[899, 1360]",2259,bce89cf3c696e1bfb0907d30edf0f1c6f424a1b716bbe140879f769922f3bcf9,"[16199, 24494]","[0, 1]",40693,89cd81c16e6e43065836433da3b023fd3c6446fa727f41c81bd0dd013cd92686,1,2
bank,"[3, 4, 5, 6, 7, 8, 9, 10, 11, 12, 13, 14, 15, 16, 17, 18, 19]",2,"[899, 1360]",2259,16898f8b3cc855dddc2803c9b67ecbb9078ceaab7cafd9e56e0c9e9332ea8d04,"[15300, 23134]","[0, 1]",38434,c1cd80936af8ee51496802c78589d6a76ee779abaa0b1e815635c8600f410d02,2,3
credit,"[1, 2, 3, 4, 5, 6, 7, 8, 9, 10, 11, 12, 13, 14, 15, 16, 17, 18, 19, 20, 21, 22, 23, 24, 25, 26, 27, 28, 29, 30, 31, 32, 33, 34, 35, 36, 37, 38, 39, 40, 41, 42, 43, 44, 45, 46, 47, 48, 49, 50, 51, 52, 53, 54, 55, 56, 57, 58, 59, 60, 61, 62, 63, 64, 65, 66, 67, 68, 69, 70, 71, 72, 73, 74, 75, 76, 77, 78, 79, 80, 81, 82, 83, 84, 85, 86, 87, 88, 89, 90, 91, 92, 93, 94, 95, 96, 97, 98, 99]",0,"[53, 246]",299,e55aa1c4f1b08c743dbcac73ccc7b596a78d9a09f9da2bb52432ef5e0f14f61c,"[5332, 24369]","[0, 1]",29701,8f6980a478fb16151baa0292248757388006c5725cb78ccd2cd9df341511abef,0,1
credit,"[2, 3, 4, 5, 6, 7, 8, 9, 10, 11, 12, 13, 14, 15, 16, 17, 18, 19, 20, 21, 22, 23, 24, 25, 26, 27, 28, 29, 30, 31, 32, 33, 34, 35, 36, 37, 38, 39, 40, 41, 42, 43, 44, 45, 46, 47, 48, 49, 50, 51, 52, 53, 54, 55, 56, 57, 58, 59, 60, 61, 62, 63, 64, 65, 66, 67, 68, 69, 70, 71, 72, 73, 74, 75, 76, 77, 78, 79, 80, 81, 82, 83, 84, 85, 86, 87, 88, 89, 90, 91, 92, 93, 94, 95, 96, 97, 98, 99]",1,"[53, 246]",299,8375a8b665ee6ade2ad0dccb01fbffe4f813ef0acb421d4dc8ff7286d94cc288,"[5279, 24123]","[0, 1]",29402,961b208acaf9ed9d0fd95d236442fa627929fd97327a6299752da9ea6ee4f9f4,1,2
credit,"[3, 4, 5, 6, 7, 8, 9, 10, 11, 12, 13, 14, 15, 16, 17, 18, 19, 20, 21, 22, 23, 24, 25, 26, 27, 28, 29, 30, 31, 32, 33, 34, 35, 36, 37, 38, 39, 40, 41, 42, 43, 44, 45, 46, 47, 48, 49, 50, 51, 52, 53, 54, 55, 56, 57, 58, 59, 60, 61, 62, 63, 64, 65, 66, 67, 68, 69, 70, 71, 72, 73, 74, 75, 76, 77, 78, 79, 80, 81, 82, 83, 84, 85, 86, 87, 88, 89, 90, 91, 92, 93, 94, 95, 96, 97, 98, 99]",2,"[53, 246]",299,18ef5eb9034050c16797179076584c6bac3b4bdb78d2f0f45acbfd70865d94a3,"[5226, 23877]","[0, 1]",29103,b78366409a5f9d1d06b1ac509a027ec2636cef80d04aee2f5b19cde739686660,2,3
