dataset,step,seeds,fresh_request_seconds_mean,fresh_cumulative_request_seconds_mean,fresh_algorithm_seconds_mean,fresh_cumulative_algorithm_seconds_mean,fresh_persistence_seconds_mean,fresh_cumulative_persistence_seconds_mean,fresh_operational_seconds_mean,fresh_cumulative_operational_seconds_mean,fresh_state_bytes_mean,compact_request_seconds_mean,compact_cumulative_request_seconds_mean,compact_algorithm_seconds_mean,compact_cumulative_algorithm_seconds_mean,compact_persistence_seconds_mean,compact_cumulative_persistence_seconds_mean,compact_operational_seconds_mean,compact_cumulative_operational_seconds_mean,compact_state_bytes_mean,request_seconds_ratio,cumulative_request_seconds_ratio,cumulative_request_seconds_ratio_seed_min,cumulative_request_seconds_ratio_seed_max,algorithm_seconds_ratio,cumulative_algorithm_seconds_ratio,cumulative_algorithm_seconds_ratio_seed_min,cumulative_algorithm_seconds_ratio_seed_max,persistence_seconds_ratio,cumulative_persistence_seconds_ratio,cumulative_persistence_seconds_ratio_seed_min,cumulative_persistence_seconds_ratio_seed_max,operational_seconds_ratio,cumulative_operational_seconds_ratio,cumulative_operational_seconds_ratio_seed_min,cumulative_operational_seconds_ratio_seed_max
adult,1,5,0.24053586379935343,0.24053586379935343,0.23966358053148723,0.23966358053148723,0.00031333893809157114,0.00031333893809157114,0.240849202737445,0.240849202737445,312,0.008908061266023044,0.008908061266023044,0.008066763868555427,0.008066763868555427,0.0060436722647864375,0.0060436722647864375,0.014951733530809481,0.014951733530809481,3317926,27.002044172821385,27.002044172821385,26.449845306755574,27.505321698919744,29.710003222693256,29.710003222693256,29.083684508068426,30.3509129465672,0.051845785867186404,0.051845785867186404,0.045037426504361835,0.05803463725963281,16.108446705604546,16.108446705604546,15.99170013971797,16.382857911219375
adult,2,5,0.23727154986700044,0.4778074136663539,0.23638946653809398,0.47605304706958124,0.0002660083332254241,0.0005793472713169953,0.23753755820022585,0.47838676093767085,310,0.008905644334542254,0.017813705600565298,0.008075055668208127,0.016141819536763552,0.006086150003829971,0.012129822268616409,0.014991794338372225,0.029943527869181707,3284420,26.64282795874714,26.822460434688626,26.67517014257553,26.992247435035097,29.27403553002989,29.491907401476887,29.304478622013264,29.663057402488757,0.04370716020111679,0.0477622226020529,0.04497352050351086,0.05284895919603595,15.844504856382464,15.976299219906988,15.886487288686657,16.06750110405235
adult,3,5,0.2355186888637642,0.7133261025301181,0.23463394447074581,0.710686991540327,0.00031399433695090316,0.0008933416082678984,0.23583268320071513,0.714219444138386,308,0.008794041664805264,0.026607747265370563,0.007978063866418476,0.02411988340318203,0.00608863600064069,0.0182184582692571,0.014882677665445954,0.04482620553462766,3250905,26.781620765607272,26.80896264594701,26.661702414292712,27.015246853679503,29.409885455840307,29.46477724044757,29.28906998226128,29.648471296263157,0.05157055486940957,0.049034972941446736,0.042640482450645494,0.0561162593050669,15.846119126013368,15.933078332643184,15.833479118609601,16.004637307882643
bank,1,5,0.2160501668016271,0.2160501668016271,0.21546806667077664,0.21546806667077664,0.00023919173011866708,0.00023919173011866708,0.21628935853174577,0.21628935853174577,72,0.0019712665991391985,0.0019712665991391985,0.0014956694018716614,0.0014956694018716614,0.0009050999263611933,0.0009050999263611933,0.002876366525500392,0.002876366525500392,266235,109.59966901279141,109.59966901279141,103.73711598785441,113.92072131212709,144.0612921553003,144.0612921553003,139.35992645309219,148.6414703281124,0.2642710745544953,0.2642710745544953,0.17059632134246905,0.35459347151045734,75.19533988948736,75.19533988948736,72.46568066633336,77.88543357498001
bank,2,5,0.20354105006554163,0.41959121686716877,0.2030016888670313,0.41846975553780796,0.00028115006668182714,0.0005203417968004942,0.20382220013222346,0.42011155866396926,70,0.0020073390022541087,0.003978605601393307,0.001401024868634219,0.0028966942705058803,0.0008453360700514167,0.00175043599641261,0.0028526750723055255,0.0057290415978059174,252236,101.3984433306873,105.46187757847322,91.67914883391985,110.9451042163227,144.8951359906454,144.4645918620629,141.74842274871617,148.09326647512597,0.3325896961485702,0.29726410898021777,0.17319531696916426,0.38057747859678764,71.44949738965357,73.33016377902749,67.30238319633575,76.23200654441871
bank,3,5,0.19268909159582107,0.6122803084629899,0.19215086940287923,0.6106206249406871,0.00023770266173717876,0.0007580444585376729,0.19292679425755827,0.6130383529215275,68,0.0017842556058894842,0.005762861207282792,0.0013399388738131771,0.004236633144319058,0.0008331583308366437,0.002583594327249254,0.002617413936726128,0.008346455534532045,238246,107.99410743605988,106.24588835997355,97.17897809863568,111.67704459470264,143.4027127342453,144.12874661084928,141.58630805598014,147.58500071460114,0.2853031085921948,0.29340692172240557,0.17806659952320475,0.3871204175112574,73.70893520146527,73.44894493059782,70.12269460832165,76.6697301322177
credit,1,5,0.16314959160323875,0.16314959160323875,0.16271421673203199,0.16271421673203199,0.000317649997305125,0.000317649997305125,0.16346724160054388,0.16346724160054388,312,0.0065016970659295716,0.0065016970659295716,0.006139602867187932,0.006139602867187932,0.0029508111358154563,0.0029508111358154563,0.009452508201745029,0.009452508201745029,783184,25.09338561130157,25.09338561130157,24.9251265896204,25.37169424535041,26.502400929159535,26.502400929159535,26.29374874203585,26.724098304468995,0.107648366054218,0.107648366054218,0.09255847471311573,0.11387420376884243,17.293530786925544,17.293530786925544,17.232246744875543,17.48615546455779
credit,2,5,0.16112758066349972,0.32427717226673847,0.16069450287031942,0.3234087196023514,0.00032452506323655443,0.0006421750605416795,0.1614521057267363,0.3249193473272802,310,0.006469702870041753,0.012971399935971325,0.006102422399756809,0.01224202526694474,0.0029411416694832345,0.005891952805298691,0.009410844539524987,0.018863352741270017,775278,24.90494291625171,24.999396662458697,24.785091714704297,25.27217939206613,26.33290394265781,26.41790982702856,26.193993437221895,26.75031271261956,0.11033982708271725,0.10899188804841836,0.101941608952479,0.11422213145161429,17.15596353214072,17.22489908256915,17.085720804151943,17.431011210257257
credit,3,5,0.15909252773271873,0.4833696999994572,0.15865295553812758,0.482061675140479,0.0003256779299893727,0.0009678529905310521,0.15941820566270812,0.48433755298998826,308,0.006359449935068066,0.01933084987103939,0.0060222887977336844,0.018264314064678426,0.002940708266881605,0.008832661072180297,0.009300158201949672,0.028163510943219686,767372,25.01671203596258,25.005093062339693,24.85039272232808,25.25774314479363,26.344295477465657,26.393636981568545,26.26209278855549,26.657696320178797,0.1107481261086565,0.10957660241027935,0.10575420149414269,0.11396993060283195,17.14145095180079,17.197342830105907,17.06582206252613,17.37954889287794
