schema_version,declaration_sha256,preprocessing_id,acs_task,acs_survey_year,dataset_config_id,n,C,d,natural_client_type,client_id,geography,client_prefix_position,eligible_client_records,client_size,group_A_count,group_B_count,group_A_proportion,group_B_proportion,global_group_A_count,global_group_B_count,a_c,b_c,kappa_component,empirical_kappa,pure_client,pure_group,nearly_pure_client,nearly_pure_threshold,group_A_slice_empty,group_A_slice_nonempty,group_B_slice_empty,group_B_slice_nonempty,pure_client_count,nearly_pure_client_count,selected_client_capacity,sample_hash,client_selection_permutation_sha256,selected_clients_json,feature_mean_AGEP,feature_std_AGEP,feature_mean_SCHL,feature_std_SCHL,feature_mean_MAR,feature_std_MAR,feature_mean_RELP,feature_std_RELP,feature_mean_DIS,feature_std_DIS,feature_mean_ESP,feature_std_ESP,feature_mean_CIT,feature_std_CIT,feature_mean_MIG,feature_std_MIG,feature_mean_MIL,feature_std_MIL,feature_mean_ANC,feature_std_ANC,feature_mean_NATIVITY,feature_std_NATIVITY,feature_mean_DEAR,feature_std_DEAR,feature_mean_DEYE,feature_std_DEYE,feature_mean_DREM,feature_std_DREM,feature_mean_SEX,feature_std_SEX,feature_mean_RAC1P,feature_std_RAC1P
1,5f9644338fd1ffb661753079b4934480b3eeda0e0c9d645343ee506a34070007,c52014b8f05c192c,ACSEmployment,2018,88aa89810aca4504a577,100000,10,16,state,0,MA,0,70131,7640,3709,3931,0.48547120418848166,0.5145287958115183,48728,51272,0.07611640124774258,0.07666952722733655,1.007266843551808,1.105216197016742,False,,False,0.95,False,True,False,True,0,0,917982,72303b6ff5710f5fa2fee9e43b620c1bca9061b8fb872b70a5213e77e75e8276,c058815d2b20e7b8ba2823c579b9ebfaf9fca4e7665ead26fc7f51a9141c98ae,"[""MA"",""MO"",""OR"",""CA"",""AR"",""AZ"",""OH"",""MS"",""ME"",""NC""]",-0.008334753402287174,0.9903407643426089,0.11692526377314212,1.0158262114270238,0.07625828289330087,1.0068300428565051,0.09108151360570611,1.133020153319692,0.02663178602016029,0.9726618531390949,-0.055160371648189405,0.91416547036472,0.0982278316578875,1.0916443870660433,-0.017126993028535428,0.9656760488536533,0.062295917231972024,0.9679693205824615,-0.012440777842414033,0.9312902587258485,0.09142527710892866,1.099370278929979,0.03564303941478561,0.9154507621696721,0.018702319921596815,0.9426496863371006,0.01504215260706824,0.9661151313500721,0.008794995302796264,0.9997830385603728,-0.038197968674241044,0.9652767545500734
1,5f9644338fd1ffb661753079b4934480b3eeda0e0c9d645343ee506a34070007,c52014b8f05c192c,ACSEmployment,2018,88aa89810aca4504a577,100000,10,16,state,1,MO,1,62416,6799,3363,3436,0.4946315634652155,0.5053684365347846,48728,51272,0.06901576095879167,0.06701513496645342,1.0298533457157062,1.105216197016742,False,,False,0.95,False,True,False,True,0,0,917982,72303b6ff5710f5fa2fee9e43b620c1bca9061b8fb872b70a5213e77e75e8276,c058815d2b20e7b8ba2823c579b9ebfaf9fca4e7665ead26fc7f51a9141c98ae,"[""MA"",""MO"",""OR"",""CA"",""AR"",""AZ"",""OH"",""MS"",""ME"",""NC""]",0.014593120054608529,1.0179675900321439,-0.028968133781523187,0.9781775291656002,-0.033545159882270796,0.991781844011871,-0.0027094610547182003,1.0203509073565318,-0.0704084096712163,1.0657126261500307,0.0009923124316177586,0.9927640922513291,-0.276482854739103,0.5451520626044272,0.020574988098865626,1.032765579032891,-0.019142874217117883,1.006556870273252,0.14187933399558728,1.0318140601000074,-0.26977183087381157,0.5357158133210871,-0.04345906789579141,1.0927147775551713,-0.010314099641065028,1.0301178733698138,-0.02776089890150822,1.025871828382166,-0.009529486074436554,1.0001477325327708,-0.25176963389122775,0.6605799311350607
1,5f9644338fd1ffb661753079b4934480b3eeda0e0c9d645343ee506a34070007,c52014b8f05c192c,ACSEmployment,2018,88aa89810aca4504a577,100000,10,16,state,2,OR,2,42117,4588,2271,2317,0.49498692240627723,0.5050130775937227,48728,51272,0.04660564767690034,0.045190357310032764,1.03131841505828,1.105216197016742,False,,False,0.95,False,True,False,True,0,0,917982,72303b6ff5710f5fa2fee9e43b620c1bca9061b8fb872b70a5213e77e75e8276,c058815d2b20e7b8ba2823c579b9ebfaf9fca4e7665ead26fc7f51a9141c98ae,"[""MA"",""MO"",""OR"",""CA"",""AR"",""AZ"",""OH"",""MS"",""ME"",""NC""]",0.03585633077266303,1.0041034934605035,0.06724720022597247,1.0078586976373842,-0.05724543980033501,0.9921757470040472,0.022119457485206502,1.0416000038859727,-0.01937056410893452,1.0189867396822574,-0.03544137419109039,0.9308997423204345,-0.10946932142887626,0.8568693751930607,0.07411153324616551,1.0643827887048298,-0.000440699194450656,0.9882082843790697,0.05264881047689193,0.9499722263295725,-0.11623925533177493,0.8429860396831612,-0.025689046123979792,1.05600509672663,0.013638967576236718,0.9585511882910399,0.004711397650739643,0.9742530190807995,-0.010240349928243509,1.000155112774042,-0.05155826183551815,1.011073430100168
1,5f9644338fd1ffb661753079b4934480b3eeda0e0c9d645343ee506a34070007,c52014b8f05c192c,ACSEmployment,2018,88aa89810aca4504a577,100000,10,16,state,3,CA,3,378817,41266,20215,21051,0.48987059564774876,0.5101294043522513,48728,51272,0.414853882777869,0.41057497269464815,1.0104217508805708,1.105216197016742,False,,False,0.95,False,True,False,True,0,0,917982,72303b6ff5710f5fa2fee9e43b620c1bca9061b8fb872b70a5213e77e75e8276,c058815d2b20e7b8ba2823c579b9ebfaf9fca4e7665ead26fc7f51a9141c98ae,"[""MA"",""MO"",""OR"",""CA"",""AR"",""AZ"",""OH"",""MS"",""ME"",""NC""]",-0.05475025294114628,0.9816982411376486,-0.025079290621317297,1.048783214381445,0.06271992732111213,1.0091885491092698,0.06469946661190977,1.0144264480966243,0.06853246185355183,0.9264725355301688,0.011825226339062767,1.0117799273876964,0.42965981270743653,1.3473957712664266,-0.01824057485796878,0.9720004710337795,0.009749627089458809,1.006825907151575,-0.15156805912864027,0.9237996129563237,0.4384354215772735,1.3595162022403962,0.04120717086628592,0.9014096108804869,0.02508472933533499,0.9221755181339986,0.008775663190088823,0.9974157012422755,-5.59476480391945e-06,1.0000001133783833,0.5626642190519359,1.3825006987792596
1,5f9644338fd1ffb661753079b4934480b3eeda0e0c9d645343ee506a34070007,c52014b8f05c192c,ACSEmployment,2018,88aa89810aca4504a577,100000,10,16,state,4,AR,4,30503,3323,1603,1720,0.48239542582004213,0.5176045741799579,48728,51272,0.03289689706123789,0.03354657512872523,1.0197489163272133,1.105216197016742,False,,False,0.95,False,True,False,True,0,0,917982,72303b6ff5710f5fa2fee9e43b620c1bca9061b8fb872b70a5213e77e75e8276,c058815d2b20e7b8ba2823c579b9ebfaf9fca4e7665ead26fc7f51a9141c98ae,"[""MA"",""MO"",""OR"",""CA"",""AR"",""AZ"",""OH"",""MS"",""ME"",""NC""]",0.00033821843994001074,1.0272310552900923,-0.10471443878841619,0.9898185956948133,-0.026877371082630164,0.9801256369788196,-0.018932455878033667,0.9923498654375938,-0.16580141664716083,1.1418578664274215,0.041940524286935135,1.077009682513016,-0.2674893443651479,0.5717723981322228,0.0004422696785592127,1.059009892668564,-0.026732173882207926,1.012106676624742,0.16203848036678295,1.079326977132048,-0.2671085235365825,0.5429014293612066,-0.08644027827364843,1.1756710590743427,-0.07183763918059334,1.1922414781013893,-0.09150275427069433,1.0997806493507345,0.014947815484873832,0.999585224622665,-0.1778496814540279,0.7776424505823347
1,5f9644338fd1ffb661753079b4934480b3eeda0e0c9d645343ee506a34070007,c52014b8f05c192c,ACSEmployment,2018,88aa89810aca4504a577,100000,10,16,state,5,AZ,5,69990,7624,3800,3824,0.49842602308499473,0.5015739769150053,48728,51272,0.07798391068790018,0.07458261819316586,1.0456043589932056,1.105216197016742,False,,False,0.95,False,True,False,True,0,0,917982,72303b6ff5710f5fa2fee9e43b620c1bca9061b8fb872b70a5213e77e75e8276,c058815d2b20e7b8ba2823c579b9ebfaf9fca4e7665ead26fc7f51a9141c98ae,"[""MA"",""MO"",""OR"",""CA"",""AR"",""AZ"",""OH"",""MS"",""ME"",""NC""]",-0.005318735543309505,1.0164302241557364,-0.022439624670721546,1.0100279740981781,0.03195542887373848,0.9949833859019016,0.03167177074549566,1.0124171971777218,0.0009718039363958551,0.9990280525974938,0.06057498076277951,1.0989736458012176,-0.007187065895803953,0.9999849400702092,0.07578499504189541,1.08690960635601,-0.031412891704326616,1.0128367893821613,-0.06511655302168552,0.9530997908923805,-0.012643366865747102,0.9848017440307891,-0.03394217137095499,1.0732473435711063,0.00442540801205664,0.9867626807317902,-0.010499845945932649,1.0193394068191437,-0.017119963973690002,1.0002004304180436,0.04920689310220277,1.0543242007822708
1,5f9644338fd1ffb661753079b4934480b3eeda0e0c9d645343ee506a34070007,c52014b8f05c192c,ACSEmployment,2018,88aa89810aca4504a577,100000,10,16,state,6,OH,6,119086,12973,6275,6698,0.48369690896477296,0.516303091035227,48728,51272,0.12877606304383515,0.1306366047745358,1.0144478848531604,1.105216197016742,False,,False,0.95,False,True,False,True,0,0,917982,72303b6ff5710f5fa2fee9e43b620c1bca9061b8fb872b70a5213e77e75e8276,c058815d2b20e7b8ba2823c579b9ebfaf9fca4e7665ead26fc7f51a9141c98ae,"[""MA"",""MO"",""OR"",""CA"",""AR"",""AZ"",""OH"",""MS"",""ME"",""NC""]",0.02112646662712184,1.0151909922491558,-0.029240436896381818,0.9736422399700356,0.011125206926723627,0.993889906381468,-0.01938597090988404,1.0038347898648736,-0.025336301755921112,1.024689663522166,0.012828839468924165,1.031489064871136,-0.2542800955035524,0.5938440585986686,-0.0074797353331065184,1.0056386800366282,-0.003466751583070664,1.0021235195322629,0.09485432435255739,1.0014946039966017,-0.2503430522776702,0.5858375805307297,0.004684698499803231,0.9893732090644826,-0.0008344039392406266,1.0024741020227081,-0.013293103374192245,1.0142821979580396,0.012344314581914574,0.9996735541268394,-0.23051122584056072,0.6909955249692118
1,5f9644338fd1ffb661753079b4934480b3eeda0e0c9d645343ee506a34070007,c52014b8f05c192c,ACSEmployment,2018,88aa89810aca4504a577,100000,10,16,state,7,MS,7,29124,3173,1467,1706,0.4623384809328711,0.5376615190671289,48728,51272,0.030105893941881463,0.033273521610235605,1.105216197016742,1.105216197016742,False,,False,0.95,False,True,False,True,0,0,917982,72303b6ff5710f5fa2fee9e43b620c1bca9061b8fb872b70a5213e77e75e8276,c058815d2b20e7b8ba2823c579b9ebfaf9fca4e7665ead26fc7f51a9141c98ae,"[""MA"",""MO"",""OR"",""CA"",""AR"",""AZ"",""OH"",""MS"",""ME"",""NC""]",0.008932422770630671,1.0169198629773075,-0.0709682217970271,0.9848453839291663,0.04649315136242183,0.9810915339590844,0.005953208754881855,1.0138125242840406,-0.15759089454563666,1.1358200114097616,0.06614633594926968,1.1485777781269015,-0.29723916203366096,0.4817125503088821,-0.0493018138919152,0.9644147587726748,-0.020897559021044138,1.0156478334334542,-0.030428872309819728,1.0549055091414985,-0.29475058698507206,0.46217954018458596,-0.004176650612824929,1.009361666217299,-0.13037659441104615,1.3256054698895343,-0.03874694874040878,1.0270570709234486,0.0550699441007915,0.9973639876378958,-0.1467372584491558,0.6242236011597542
1,5f9644338fd1ffb661753079b4934480b3eeda0e0c9d645343ee506a34070007,c52014b8f05c192c,ACSEmployment,2018,88aa89810aca4504a577,100000,10,16,state,8,ME,8,13275,1446,723,723,0.5,0.5,48728,51272,0.014837465112461009,0.014101263847714152,1.0522081759973732,1.105216197016742,False,,False,0.95,False,True,False,True,0,0,917982,72303b6ff5710f5fa2fee9e43b620c1bca9061b8fb872b70a5213e77e75e8276,c058815d2b20e7b8ba2823c579b9ebfaf9fca4e7665ead26fc7f51a9141c98ae,"[""MA"",""MO"",""OR"",""CA"",""AR"",""AZ"",""OH"",""MS"",""ME"",""NC""]",0.16412537940901248,0.995905923052257,0.09969274971368491,0.9183658011114524,-0.1040854968396287,0.9786770659130314,0.037900039833459374,1.1030354646191047,-0.09585975008211439,1.0873694755322885,-0.078450570207131,0.928507441097452,-0.2533176031534855,0.5915532099766999,-0.01739370065986861,0.982322543904995,0.07058554106925016,0.9247590141408712,0.061903117712622434,0.9534291429278411,-0.2578592411130916,0.5670522464460267,-0.08826516038138853,1.1790293568644188,0.04253733323410558,0.8634738110835369,-0.00577684822341475,0.9616366940858407,-0.02026856435014935,1.0002053862545623,-0.2765324027993162,0.6675367770279703
1,5f9644338fd1ffb661753079b4934480b3eeda0e0c9d645343ee506a34070007,c52014b8f05c192c,ACSEmployment,2018,88aa89810aca4504a577,100000,10,16,state,9,NC,9,102523,11168,5302,5866,0.47474928366762176,0.5252507163323782,48728,51272,0.10880807749138073,0.11440942424715245,1.0514791446086844,1.105216197016742,False,,False,0.95,False,True,False,True,0,0,917982,72303b6ff5710f5fa2fee9e43b620c1bca9061b8fb872b70a5213e77e75e8276,c058815d2b20e7b8ba2823c579b9ebfaf9fca4e7665ead26fc7f51a9141c98ae,"[""MA"",""MO"",""OR"",""CA"",""AR"",""AZ"",""OH"",""MS"",""ME"",""NC""]",0.020088744273855413,1.0009014488091423,0.01833772421602384,0.9942489498862336,-0.031561182251430765,0.9948317181525796,-0.023900784269440895,0.9998198339301164,-0.02148190109106823,1.0210126911990751,0.0009465080501361968,1.011541212035666,-0.15232413844505552,0.8032900946616325,0.03183979323000909,1.024509138142673,-0.0031878412597298837,0.9934772486664881,0.0012321145597851955,1.0129183023619024,-0.16036330058771736,0.7705218670263139,-0.003188380353639799,1.0071559518786823,-0.010622491555745016,1.0310032637398236,0.002780874967780979,0.9871996426846599,0.030243240614711793,0.9989291127261268,-0.09556741646321255,0.8386861629701506
