dataset,method,scope,cases,observations_per_method,fresh_total_seconds,method_total_seconds,ratio_of_total_times,paired_case_ratio_mean,paired_case_ratio_median,paired_case_ratio_sd,paired_case_ratio_min,paired_case_ratio_max,case_wins,cases_at_least_10x
all,direct,algorithm,15,45,9.451897416001884,0.5060832100571133,18.676567861113597,22.647515795335078,14.821845292832673,11.808005763692687,14.23258091486555,41.472732627579475,15,15
all,fast,algorithm,15,45,9.451897416001884,0.24040149879874662,39.31713181170551,67.91871632317964,29.487809284539935,58.418674882766204,26.29538435139829,149.40911543633322,15,15
all,direct,request,15,45,9.480724711029325,0.5330399579543155,17.78614261379984,21.22461072161332,14.1401745855104,10.564510127702718,13.7993238903301,38.05520194029305,15,15
all,fast,request,15,45,9.480724711029325,0.26491579503635876,35.78769136709319,55.85403846036348,26.829678663080383,43.72652422825532,24.89702353816652,116.94057600920439,15,15
adult,direct,algorithm,5,15,3.674255791003816,0.24873962602578104,14.771493588331564,14.7744220615478,14.821845292832673,0.19900856396587852,14.46386598002351,14.996018636683079,5,5
adult,fast,algorithm,5,15,3.674255791003816,0.12423016395769082,29.576196907018172,29.582764189416242,29.487809284539935,0.5740725525542247,28.940883180958316,30.44084496171043,5,5
adult,direct,request,5,15,3.687665331934113,0.26178783300565556,14.086465706198219,14.088915590763165,14.1401745855104,0.18030692794661582,13.803017210661757,14.291731201865622,5,5
adult,fast,request,5,15,3.687665331934113,0.13680779305286705,26.955082379766754,26.960851826095457,26.829678663080383,0.5084350357430724,26.455322077926283,27.740301332169075,5,5
bank,direct,algorithm,5,15,3.2923327920143493,0.08508533504209481,38.69447996397396,38.739185989825884,38.12103257539267,1.5349666311007202,37.84577925876306,41.472732627579475,5,5
bank,fast,algorithm,5,15,3.2923327920143493,0.022295333939837292,147.6691401393011,147.69793695347104,148.0814943956495,2.081136952591315,144.33012272373352,149.40911543633322,5,5
bank,direct,request,5,15,3.3012463350605685,0.09277199994539842,35.58451188940132,35.622811442766206,35.018076216260596,1.3694755057738095,34.79711765436068,38.05520194029305,5,5
bank,fast,request,5,15,3.3012463350605685,0.028573918010806665,115.53355524475279,115.56602792496211,116.60655498763212,2.0209472550178913,112.11889825681067,116.94057600920439,5,5
credit,direct,algorithm,5,15,2.485308832983719,0.17225824898923747,14.427807362299374,14.42893933463156,14.438584797802639,0.12331423136365322,14.23258091486555,14.534420587537557,5,5
credit,fast,algorithm,5,15,2.485308832983719,0.0938760009012185,26.47437906519791,26.475447826651653,26.423517316125153,0.20640936358296566,26.29538435139829,26.813203108405975,5,5
credit,direct,request,5,15,2.491813044034643,0.1784801250032615,13.961291454659776,13.962105131310592,13.977862651818693,0.10094807925808297,13.7993238903301,14.046940646519785,5,5
credit,fast,request,5,15,2.491813044034643,0.09953408397268504,25.034771452947382,25.035235630032872,25.003671765724103,0.13353016266728987,24.89702353816652,25.25188719573293,5,5
