stage,dataset,method,n_trials,speedup_elapsed_fresh_mean,speedup_elapsed_fresh_median,speedup_elapsed_fresh_se,loss_count_vs_fresh,loss_count_vs_direct,N,A,P,S,J,pooled_pass_rate,trial_mean_pass_rate,pooled_useful_skip_fraction
P2,adult,basic,65,1.0045657226248215,1.0034205224340236,0.002067973662722186,25,65,29378700,1958580,0,0,1958580,0.0,0.0,0.0
P2,adult,fresh,65,1.0,1.0,0.0,0,0,29378700,0,0,0,0,,,0.0
P2,adult,none,65,1.0641405299895321,1.0644683688064926,0.0017565234461252236,0,0,29378700,0,0,0,0,,,0.0
P2,adult,runnerup,65,1.0057125052276914,1.0038249966398254,0.0018090163867906747,20,65,29378700,1958580,0,0,1958580,0.0,0.0,0.0
P2,bank,basic,45,1.0519575434584523,0.9778533862129469,0.07211788315844767,37,42,30487050,2664794,677014,677014,1987304,0.2540586626958782,0.022206609035639722,0.022206609035639722
P2,bank,fresh,45,1.0,1.0,0.0,0,0,30487050,0,0,0,0,,,0.0
P2,bank,none,45,1.0332129593577797,1.034599779702191,0.002813193186723026,2,0,30487050,0,0,0,0,,,0.0
P2,bank,runnerup,45,1.049921516009134,0.9790892769891936,0.07136620265610426,38,43,30487050,2664794,677014,677014,1987304,0.2540586626958782,0.022206609035639722,0.022206609035639722
P2,credit,basic,65,1.0255298438174418,1.0265589507703259,0.0022235250928346086,6,65,29220750,1948050,0,0,1948050,0.0,0.0,0.0
P2,credit,fresh,65,1.0,1.0,0.0,0,0,29220750,0,0,0,0,,,0.0
P2,credit,none,65,1.0915362622730278,1.0927079478752861,0.002298594588774571,0,0,29220750,0,0,0,0,,,0.0
P2,credit,runnerup,65,1.0236275499741911,1.023593324679629,0.0027586314778561493,9,64,29220750,1948050,4,0,1948046,2.05333538666872e-06,2.05333538666872e-06,0.0
