T,dataset,method,scope,distinct_settings,observations_per_method,fresh_total_seconds,method_total_seconds,ratio_of_total_times,paired_mean,paired_median,paired_sd,paired_min,paired_max,wins,losses,ties
1,all,direct,algorithm,15,60,20.488215741934255,8.660047038953053,2.3658319232883933,2.458161546214187,2.6413010451687646,0.29202703339508834,2.0476012336979914,2.691958912189359,15,0,0
1,all,direct,request,15,60,20.550741544982884,8.718980621983064,2.3570119531139384,2.4489598231589333,2.631479156834619,0.290462372521851,2.0405163909838087,2.6810702799664177,15,0,0
1,all,basic,algorithm,15,60,20.488215741934255,15.635547624144237,1.3103612508139197,1.349171407416041,1.4238267603188521,0.13614654333564188,1.153301200768884,1.4905888242151066,15,0,0
1,all,basic,request,15,60,20.550741544982884,15.69479220881476,1.3093987656262724,1.3481360170141061,1.422490813967528,0.13569371895176185,1.1527678825455998,1.488910052312945,15,0,0
1,all,runnerup,algorithm,15,60,20.488215741934255,15.684846206131624,1.3062426926395279,1.344229425529777,1.4044625633964767,0.1378271170295635,1.1555433621261317,1.4950616643872787,15,0,0
1,all,runnerup,request,15,60,20.550741544982884,15.744314792071236,1.3052801481924219,1.3432043474593167,1.4044295488485699,0.1373946220240592,1.1549266215922493,1.4933969823155515,15,0,0
1,adult,direct,algorithm,5,20,8.701931039977353,4.224316623964114,2.0599618387059797,2.059989903031119,2.0638367327330585,0.008896635019007785,2.0476012336979914,2.0699989979885736,5,0,0
1,adult,direct,request,5,20,8.733977501949994,4.2544832060229965,2.05288799579358,2.0529171338153582,2.0564985954943236,0.00858397843086653,2.0405163909838087,2.0626090351413637,5,0,0
1,adult,basic,algorithm,5,20,8.701931039977353,7.470885288028512,1.1647790997301875,1.1648990745803314,1.1633986997885135,0.011819871783926166,1.153301200768884,1.1784324483915418,5,0,0
1,adult,basic,request,5,20,8.733977501949994,7.501353542931611,1.1643202059420146,1.164440912740987,1.163400700218129,0.011800806135950439,1.1527678825455998,1.177737106145428,5,0,0
1,adult,runnerup,algorithm,5,20,8.701931039977353,7.502820873982273,1.1598212440541218,1.1598307907481464,1.1586833729154407,0.0043454992808011845,1.1555433621261317,1.1665770044411772,5,0,0
1,adult,runnerup,request,5,20,8.733977501949994,7.533571627049241,1.1593408723414407,1.1593512907825432,1.1580146829079225,0.004205645247380653,1.1549266215922493,1.1658878863292452,5,0,0
1,bank,direct,algorithm,5,20,6.847050537995528,2.5772213320306037,2.6567568927425835,2.656567936222145,2.6487396513977526,0.02417722073157467,2.6302092078729546,2.6892373414092776,5,0,0
1,bank,direct,request,5,20,6.864460793090984,2.5939383750082925,2.6463469060127687,2.6461636134617326,2.6383630551767894,0.02410627544912909,2.6196105337170787,2.679065222463603,5,0,0
1,bank,basic,algorithm,5,20,6.847050537995528,4.702492416079622,1.4560471197322598,1.4559859577753305,1.4505274224756246,0.02123097561999299,1.4340772080121416,1.4905888242151066,5,0,0
1,bank,basic,request,5,20,6.864460793090984,4.719297373929294,1.4545514404352156,1.4544909898758105,1.4487901662709288,0.020959048577673466,1.4334667693803196,1.488910052312945,5,0,0
1,bank,runnerup,algorithm,5,20,6.847050537995528,4.673711374081904,1.4650135598800325,1.4649284624269765,1.4567083735449062,0.023330409075866004,1.4428377278834081,1.4950616643872787,5,0,0
1,bank,runnerup,request,5,20,6.864460793090984,4.690377164981328,1.4635200009802007,1.4634358464340615,1.4550978377616821,0.02309982084978189,1.442119919451414,1.4933969823155515,5,0,0
1,credit,direct,algorithm,5,20,4.939234163961373,1.858509082958335,2.657632512669352,2.657926799389296,2.652973854048077,0.02346665594837076,2.630510006897545,2.691958912189359,5,0,0
1,credit,direct,request,5,20,4.952303249941906,1.8705590409517754,2.64749903185204,2.6477987221997092,2.645077332009028,0.023227122008776593,2.619822351978326,2.6810702799664177,5,0,0
1,credit,basic,algorithm,5,20,4.939234163961373,3.4621699200361036,1.4266296218961625,1.4266291898924615,1.4238267603188521,0.008856332136835936,1.4157919386527047,1.4358378872033803,5,0,0
1,credit,basic,request,5,20,4.952303249941906,3.474141291953856,1.425475486967524,1.4254761484255212,1.422490813967528,0.008381445954802188,1.4157463055808308,1.434441397793838,5,0,0
1,credit,runnerup,algorithm,5,20,4.939234163961373,3.508313958067447,1.407865494079711,1.4079290234142083,1.4044625633964767,0.01174594925444556,1.3938437618375998,1.4241174393266076,5,0,0
1,credit,runnerup,request,5,20,4.952303249941906,3.520366000040667,1.4067580614869866,1.4068259051613454,1.4044295488485699,0.011731171693655411,1.3922982965991377,1.4227114173329034,5,0,0
2,all,direct,algorithm,15,60,28.52503991604317,16.787909582082648,1.699141860192486,1.7458699680449947,1.8341851663712674,0.14699788603678057,1.5407356422072698,1.8718778734565051,15,0,0
2,all,direct,request,15,60,28.60725224702037,16.870120038976893,1.6957349551115162,1.742470006010415,1.8302127657475273,0.14675690825541896,1.537573571316613,1.868353439935345,15,0,0
2,all,basic,algorithm,15,60,28.52503991604317,23.753965705109295,1.2008537972212217,1.2267251930447087,1.2775607387851335,0.08800922164135556,1.1022020502360261,1.3073507227778522,15,0,0
2,all,basic,request,15,60,28.60725224702037,23.836529294057982,1.2001433553563372,1.2260075544935536,1.2768091040330096,0.08783337291492432,1.1018721979264061,1.3065104181862677,15,0,0
2,all,runnerup,algorithm,15,60,28.52503991604317,23.838022834912408,1.1966193720674814,1.2219397220765296,1.2670621492617822,0.08713212376375527,1.0991442678672196,1.2967490349686763,15,0,0
2,all,runnerup,request,15,60,28.60725224702037,23.92012871001498,1.1959489262715783,1.2212558442179369,1.266200138712192,0.08694282741076458,1.0987533419863642,1.2959874341993587,15,0,0
2,adult,direct,algorithm,5,20,12.59497808496235,8.143178415019065,1.54669067077451,1.546721998342051,1.5441787128281979,0.007069879301231268,1.5407356422072698,1.5574393110660056,5,0,0
2,adult,direct,request,5,20,12.639130875002593,8.188053040066734,1.5436063754295835,1.5436377494704294,1.541100324535599,0.007079096779026939,1.537573571316613,1.5544014185650623,5,0,0
2,adult,basic,algorithm,5,20,12.59497808496235,11.371265167021193,1.1076144914367272,1.1076210458583253,1.1079451613630404,0.003984397433712702,1.1022020502360261,1.112559334788071,5,0,0
2,adult,basic,request,5,20,12.639130875002593,11.41601454402553,1.1071403970501397,1.107145967747445,1.1076424515263705,0.0038747634836453467,1.1018721979264061,1.1120292767840436,5,0,0
2,adult,runnerup,algorithm,5,20,12.59497808496235,11.411878334009089,1.1036726572371043,1.1036873713945434,1.103905958177003,0.0031118188730540667,1.0991442678672196,1.1069149994725094,5,0,0
2,adult,runnerup,request,5,20,12.639130875002593,11.456307001033565,1.1032465238459754,1.103261182794444,1.1034916430447765,0.0030938637617084733,1.0987533419863642,1.1064542287197885,5,0,0
2,bank,direct,algorithm,5,20,9.369746916025179,5.116870873986045,1.8311478141183073,1.831277894009154,1.8440411785669986,0.02209995287875717,1.797401238596946,1.8483874049205227,5,0,0
2,bank,direct,request,5,20,9.39212220691843,5.138838874932844,1.8276740009757881,1.827799780661657,1.840581623463826,0.021844836332298025,1.794335639519312,1.8446995451090717,5,0,0
2,bank,basic,algorithm,5,20,9.369746916025179,7.274593165057013,1.28800974892068,1.2882267469527786,1.2901595937102242,0.018490124942578037,1.257910289905262,1.3073507227778522,5,0,0
2,bank,basic,request,5,20,9.39212220691843,7.297158086003037,1.2870931527348741,1.287311165361253,1.2891998436559768,0.018503589272357405,1.256996886971548,1.3065104181862677,5,0,0
2,bank,runnerup,algorithm,5,20,9.369746916025179,7.2818007919122465,1.286734859106826,1.2868449008288512,1.2913029233627564,0.012097115530154518,1.265865745352506,1.2967490349686763,5,0,0
2,bank,runnerup,request,5,20,9.39212220691843,7.304097956977785,1.2858702419161703,1.2859817527592252,1.2904452592969422,0.012135408769520304,1.2649536019688619,1.2959874341993587,5,0,0
2,credit,direct,algorithm,5,20,6.560314915055642,3.527860293077538,1.859573330590349,1.859610011783779,1.8610300329258496,0.015063270956378149,1.8341851663712674,1.8718778734565051,5,0,0
2,credit,direct,request,5,20,6.575999165099347,3.5432281239773147,1.8559344572253258,1.8559724878991588,1.8577489792928095,0.015213229100772442,1.8302127657475273,1.868353439935345,5,0,0
2,credit,basic,algorithm,5,20,6.560314915055642,5.108107373031089,1.284294639085245,1.2843277863230225,1.2868138847530837,0.012002019925674592,1.2672820779489264,1.2967590202863857,5,0,0
2,credit,basic,request,5,20,6.575999165099347,5.123356664029416,1.283533354464426,1.2835655303719633,1.285853376420547,0.01204764139064054,1.266514192761394,1.2962487116643613,5,0,0
2,credit,runnerup,algorithm,5,20,6.560314915055642,5.144343708991073,1.2752481727824274,1.2752868940061939,1.2757413107233404,0.010640679969599606,1.2622809104855208,1.2858485318969404,5,0,0
2,credit,runnerup,request,5,20,6.575999165099347,5.159723752003629,1.2744866743196763,1.2745245971001413,1.2748432335095021,0.010614798699786371,1.2617054982428828,1.2851917236839077,5,0,0
