case_id,dataset,seed,deleted_client,n,removed_n,removed_fraction,method,mean_algorithm_seconds,sd_algorithm_seconds,min_algorithm_seconds,max_algorithm_seconds,mean_request_e2e_seconds,sd_request_e2e_seconds,min_request_e2e_seconds,max_request_e2e_seconds,mean_request_preparation_seconds,sd_request_preparation_seconds,min_request_preparation_seconds,max_request_preparation_seconds,mean_output_seconds,sd_output_seconds,min_output_seconds,max_output_seconds,mean_component_cache_construction_seconds,mean_component_encoding_seconds,mean_component_input_materialization_seconds,mean_component_other_algorithm_seconds,mean_component_phase1_client_seconds,mean_component_server_seconds,mean_component_anchor_table_seconds,mean_component_metadata_seconds,mean_component_server_sampler_seconds,T,source_run,historical,method_scope,repetitions
adult_k10_seed10000,adult,10000,0,30162,300,0.009946290033817386,fresh,0.24403500000092512,0.005023777056432885,0.2388895420008339,0.24892754200845957,0.2449251389868247,0.005026914338986281,0.2397701669833623,0.24981337497592904,1.679198855223755e-05,5.819148454685793e-06,1.2333999620750546e-05,2.3374974261969328e-05,0.0008733469973473499,1.5925663344691924e-05,0.0008624579932074994,0.0008916250080801547,0.0,0.007086360992010062,0.0,0.003687886472713823,0.22509939186663055,0.008161360669570664,,,,0,client-c0-20260926-v1,True,canonical T0,3
adult_k10_seed10000,adult,10000,0,30162,300,0.009946290033817386,direct,0.01627331933317085,0.0026700508924846662,0.013547542010201141,0.018883915996411815,0.017137541668489575,0.0026548047956312325,0.014445792010519654,0.01975379098439589,1.0875005197400848e-05,5.920957380730947e-06,4.8330111894756556e-06,1.6667007002979517e-05,0.0008533473301213235,3.128880178724391e-05,0.0008197090064641088,0.0008815829933155328,0.0,0.0,0.004605388986722876,0.0015812597412150353,0.001925503951497376,0.008161166653735563,,,,0,client-c0-20260926-v1,True,canonical T0,3
adult_k10_seed10000,adult,10000,0,30162,300,0.009946290033817386,fast,0.008189305323564136,0.00012065027765767014,0.00808504200540483,0.008321457979036495,0.009018736658617854,0.00010597929954342728,0.0089491669787094,0.009140708978520706,9.310024324804544e-07,5.174295173730865e-07,3.33995558321476e-07,1.2500095181167126e-06,0.0008285003326212367,4.748097799189587e-05,0.0007865419902373105,0.0008800420037005097,,,,6.957988565166791e-06,,,0.001203861339793851,4.470833421995243e-05,0.006933777660985167,0,client-c0-20260926-v1,True,compact C0-only candidate,3
adult_k10_seed10001,adult,10001,0,30162,300,0.009946290033817386,fresh,0.24245244433404878,0.0008829182416665282,0.2416402500239201,0.24339220797992311,0.24334743066962497,0.0008835462254432211,0.24255133300903253,0.2442980420019012,1.649999952254196e-05,1.8834369063649785e-06,1.4417018974199891e-05,1.8082995666190982e-05,0.0008784863360536596,2.378065391927704e-05,0.0008510420157108456,0.0008929999894462526,0.0,0.006176875001983717,0.0,0.0034891353376830616,0.22465446165491207,0.00813197233946994,,,,0,client-c0-20260926-v1,True,canonical T0,3
adult_k10_seed10001,adult,10001,0,30162,300,0.009946290033817386,direct,0.01646497233499152,0.002222034198153889,0.01438404101645574,0.018805333995260298,0.017307902657194063,0.002255864384264171,0.015222457994241267,0.01970233299653046,9.110983228310943e-06,3.532963978805391e-06,5.332985892891884e-06,1.233298098668456e-05,0.0008338193389742324,4.851107018177291e-05,0.0007880420016590506,0.0008846660202834755,0.0,0.0,0.004812208663982649,0.00146841769067881,0.0019218316592741758,0.008262514321055884,,,,0,client-c0-20260926-v1,True,canonical T0,3
adult_k10_seed10001,adult,10001,0,30162,300,0.009946290033817386,fast,0.008222124675133577,8.405874546502139e-05,0.008131500013405457,0.00829754100413993,0.009070083683279032,9.552950474285758e-05,0.008993000024929643,0.009176959021715447,1.8893333617597818e-06,1.6542099153295448e-06,7.920025382190943e-07,3.7919962778687477e-06,0.0008460696747836968,4.156398412244184e-05,0.000799166999058798,0.0008783340163063258,,,,6.0273450799286366e-06,,,0.0012515276515235503,4.165267455391586e-05,0.006922917003976181,0,client-c0-20260926-v1,True,compact C0-only candidate,3
adult_k10_seed10002,adult,10002,0,30162,300,0.009946290033817386,fresh,0.24152333333040588,0.002030674370862107,0.23922750001656823,0.2430841669847723,0.24237299967595996,0.0020361109025831318,0.24006762501085177,0.2439252909971401,1.63609996282806e-05,7.123278568424929e-06,1.0749994544312358e-05,2.4375010980293155e-05,0.000833305345925813,8.790258033576677e-06,0.0008271660190075636,0.0008433750190306455,0.0,0.0069911253328124685,0.0,0.003438736874765406,0.22289355411582315,0.008199917007004842,,,,0,client-c0-20260926-v1,True,canonical T0,3
adult_k10_seed10002,adult,10002,0,30162,300,0.009946290033817386,direct,0.01624775000770266,0.0022345445901380315,0.014032875013072044,0.018501458020182326,0.017140736007907737,0.002156832923463929,0.014991709002060816,0.01930529100354761,6.777661231656869e-06,2.1512228851146613e-06,5.332985892891884e-06,9.249983122572303e-06,0.0008862083389734229,7.842610336028803e-05,0.0007984999974723905,0.0009495840058661997,0.0,0.0,0.00465423633189251,0.001484008311914901,0.0019402970307661842,0.008169208333129063,,,,0,client-c0-20260926-v1,True,canonical T0,3
adult_k10_seed10002,adult,10002,0,30162,300,0.009946290033817386,fast,0.008345403000324344,0.00029133565740133735,0.008170167013304308,0.008681709005031735,0.009161597011067594,0.0003776138268745775,0.008934500016039237,0.009597500000381842,5.973464188476404e-07,1.4645435666710773e-07,4.580069798976183e-07,7.500057108700275e-07,0.0008155966643244028,8.764869184308794e-05,0.0007495830068364739,0.0009150409896392375,,,,4.8059931335349875e-06,,,0.0012396806754016627,3.8846997388949e-05,0.007062069334400197,0,client-c0-20260926-v1,True,compact C0-only candidate,3
adult_k10_seed10003,adult,10003,0,30162,300,0.009946290033817386,fresh,0.24938393034002124,0.005382164334361826,0.24456587500753812,0.2551925829902757,0.25031245798648644,0.0054231373923200946,0.2455082499946002,0.25619308298337273,1.5041664786015948e-05,4.168280581062407e-06,1.2249976862221956e-05,1.983300899155438e-05,0.000913485981679211,7.63480944936929e-05,0.0008304579823743552,0.0009806669841054827,0.0,0.007231360670023908,0.0,0.003675858625986924,0.2298360720354443,0.008640639008566117,,,,0,client-c0-20260926-v1,True,canonical T0,3
adult_k10_seed10003,adult,10003,0,30162,300,0.009946290033817386,direct,0.0168254306675711,0.002884814254477985,0.013978832983411849,0.01974700001301244,0.01769023633096367,0.0028627927678780184,0.014852207998046651,0.020577166986186057,1.087499549612403e-05,2.955391180660966e-06,8.125003660097718e-06,1.3999990187585354e-05,0.0008539306678964446,3.41807782001202e-05,0.000816166982986033,0.0008827499987091869,0.0,0.0,0.004713861339647944,0.0016350859853749473,0.0019914833343743035,0.008485000008173907,,,,0,client-c0-20260926-v1,True,canonical T0,3
adult_k10_seed10003,adult,10003,0,30162,300,0.009946290033817386,fast,0.008527388660392413,9.583279318861993e-05,0.008419457997661084,0.008602499990956858,0.00940261100186035,9.898805548519171e-05,0.009299750003265217,0.009497207996901125,1.0556735408802826e-06,4.884144799435001e-07,5.00003807246685e-07,1.4170072972774506e-06,0.0008741666679270566,2.2872078667885995e-05,0.0008492500055581331,0.0008942080021370202,,,,6.610682855049769e-06,,,0.0012358889895646523,4.2166667602335416e-05,0.007242722320370376,0,client-c0-20260926-v1,True,compact C0-only candidate,3
adult_k10_seed10004,adult,10004,0,30162,300,0.009946290033817386,fresh,0.2473572223292043,0.003898643544294709,0.2437061250093393,0.25146345898974687,0.2482637499924749,0.0038459669779895497,0.2447130410000682,0.25234904198441654,1.6014004359021783e-05,2.252883025945508e-06,1.4374993043020368e-05,1.8582999473437667e-05,0.0008905136589116106,8.97377494554263e-05,0.0008119999838527292,0.0009883329912554473,0.0,0.006151639002685745,0.0,0.003637639951193705,0.22945724871048392,0.008110694664840898,,,,0,client-c0-20260926-v1,True,canonical T0,3
adult_k10_seed10004,adult,10004,0,30162,300,0.009946290033817386,direct,0.017101736331824213,0.001554150367962992,0.016123333014547825,0.018893792002927512,0.017986194337330137,0.0015851034057852195,0.017026874993462116,0.01981579200946726,9.374673633525768e-06,1.811928677440636e-06,8.166010957211256e-06,1.1458003427833319e-05,0.0008750833318723986,4.8614520161617215e-05,0.0008196660201065242,0.0009105420031119138,0.0,0.0,0.0053364723377550645,0.0015576287793616455,0.0019693575450219214,0.008238277669685582,,,,0,client-c0-20260926-v1,True,canonical T0,3
adult_k10_seed10004,adult,10004,0,30162,300,0.009946290033817386,fast,0.008125832993149137,0.00011240857816988556,0.007996041007572785,0.008191832981538028,0.008949569329464188,0.0001813172093066551,0.008760041993809864,0.009121375012909994,6.80670685445269e-07,2.3674481561741384e-07,4.169996827840805e-07,8.750066626816988e-07,0.0008230556656296054,9.180816725303594e-05,0.0007635839865542948,0.000928792025661096,,,,5.930322610462706e-06,,,0.001240013662027195,4.3694337364286184e-05,0.006836194671147193,0,client-c0-20260926-v1,True,compact C0-only candidate,3
bank_k10_seed10000,bank,10000,0,45211,2259,0.04996571630797815,fresh,0.22062865265373452,0.0032337577265778763,0.21734574998845346,0.2238109159807209,0.22118098634139946,0.0032359602485260842,0.21789075000560842,0.22435979201691225,5.222682375460863e-06,1.1497936592149422e-06,3.917026333510876e-06,6.084010237827897e-06,0.0005471110052894801,1.0618091247226975e-05,0.000539333006599918,0.000559207983314991,0.0,0.0038202643336262554,0.0,0.001445666382399698,0.21393423594417982,0.0014284859935287386,,,,0,client-c0-20260926-v1,True,canonical T0,3
bank_k10_seed10000,bank,10000,0,45211,2259,0.04996571630797815,direct,0.005787583329947665,0.0020357786481849747,0.003992290992755443,0.007999416993698105,0.0063161946697315825,0.0020481939259289887,0.004546124982880428,0.00855962501373142,1.0625342838466167e-05,5.6674554166335014e-06,5.0000089686363935e-06,1.633400097489357e-05,0.0005179859969454507,4.4750664118697065e-05,0.0004667920002248138,0.0005496660014614463,0.0,0.0,0.002574194319701443,0.0011845280144674082,0.0005816943303216249,0.001447166665457189,,,,0,client-c0-20260926-v1,True,canonical T0,3
bank_k10_seed10000,bank,10000,0,45211,2259,0.04996571630797815,fast,0.001528638987413918,7.616914987572256e-05,0.0014421669766306877,0.001585791993420571,0.0019727359952715537,0.00015500229156944099,0.0018016249814536422,0.002103750011883676,4.720059223473072e-07,2.054604138000715e-07,3.3300602808594704e-07,7.080088835209608e-07,0.0004436250019352883,9.434213931062712e-05,0.0003591249987948686,0.0005454170168377459,,,,3.1253148335963488e-06,,,0.00026105566454740864,1.726399447458486e-05,0.0012471940135583282,0,client-c0-20260926-v1,True,compact C0-only candidate,3
bank_k10_seed10001,bank,10001,0,45211,2259,0.04996571630797815,fresh,0.21995929166829833,0.001620232125187456,0.21888412500265986,0.22182283300207928,0.22075241667334922,0.0014332480444380603,0.21970354102086276,0.22238550000474788,4.1530001908540726e-06,1.4808952911275838e-06,3.0410010367631912e-06,5.8340083342045546e-06,0.0007889720048600187,0.00042589372877386,0.000529583019670099,0.0012805000005755574,0.0,0.0037041943287476897,0.0,0.001497138631142055,0.21331259737295719,0.0014453613354514043,,,,0,client-c0-20260926-v1,True,canonical T0,3
bank_k10_seed10001,bank,10001,0,45211,2259,0.04996571630797815,direct,0.005303708671514566,0.0021843321291854165,0.003945042000850663,0.007823374995496124,0.005800847332769384,0.0021914115189895916,0.0043952919950243086,0.008325875009177253,1.019432481067876e-05,3.8138714551176384e-06,6.041984306648374e-06,1.3540993677452207e-05,0.0004869443364441395,4.0650396981796806e-05,0.0004442080098669976,0.0005251249822322279,0.0,0.0,0.0021751806683217487,0.0011103216869135697,0.000573164977443715,0.0014450413388355325,,,,0,client-c0-20260926-v1,True,canonical T0,3
bank_k10_seed10001,bank,10001,0,45211,2259,0.04996571630797815,fast,0.0014931669963213305,5.412373150240145e-05,0.0014309580146800727,0.0015294589975383133,0.001893138998032858,9.730707452406344e-05,0.0017838749918155372,0.001970457989955321,5.13663205007712e-07,1.2723917192176609e-07,3.7497375160455704e-07,6.250047590583563e-07,0.0003994583385065198,4.929693324151468e-05,0.00035254200338386,0.00045083300210535526,,,,3.5006475324432054e-06,,,0.0002587080040636162,2.131933191170295e-05,0.0012096390128135681,0,client-c0-20260926-v1,True,compact C0-only candidate,3
bank_k10_seed10002,bank,10002,0,45211,2259,0.04996571630797815,fresh,0.21852100000251085,0.0019232857787611537,0.21734004199970514,0.22074029201758094,0.2190560556773562,0.0019262885811193247,0.21785670801182278,0.2212780000118073,4.56967003022631e-06,9.184743226465813e-07,3.7919962778687477e-06,5.583016900345683e-06,0.0005304860048151264,1.7935703071284118e-05,0.0005110829952172935,0.0005464590212795883,0.0,0.0031758889963384718,0.0,0.0014408460216751944,0.2124218623212073,0.0014824026632898797,,,,0,client-c0-20260926-v1,True,canonical T0,3
bank_k10_seed10002,bank,10002,0,45211,2259,0.04996571630797815,direct,0.005773986010657002,0.0019223672681084325,0.004053666023537517,0.007849000015994534,0.0062952356529422104,0.0019455944345460824,0.004513082996709272,0.008370915980776772,9.04131835947434e-06,3.6927691344099556e-06,4.916975740343332e-06,1.2040982255712152e-05,0.0005122083239257336,5.890966521843957e-05,0.00045449999743141234,0.0005722499918192625,0.0,0.0,0.0026674310017066696,0.0010879576536050688,0.0005719030062512805,0.0014466943490939836,,,,0,client-c0-20260926-v1,True,canonical T0,3
bank_k10_seed10002,bank,10002,0,45211,2259,0.04996571630797815,fast,0.0014756806776858866,6.205044602658855e-05,0.0014357500185724348,0.0015471670194528997,0.0018983476717645924,0.00014680977241779154,0.0017982090066652745,0.002066874993033707,7.223279681056738e-07,3.2317723668321613e-07,4.5899651013314724e-07,1.0829826351255178e-06,0.00042194466611060005,8.61171002168201e-05,0.00035345900687389076,0.0005186249909456819,,,,3.2920118731757006e-06,,,0.00024456965426603955,1.9500002963468432e-05,0.001208319008583203,0,client-c0-20260926-v1,True,compact C0-only candidate,3
bank_k10_seed10003,bank,10003,0,45211,2259,0.04996571630797815,fresh,0.2188884863377704,0.0029355934168351985,0.21610158399562351,0.2219530419970397,0.21942273599173254,0.002926186314100478,0.2166342499840539,0.22246950000408106,1.0777992429211736e-05,5.633991694832767e-06,6.124988431110978e-06,1.704200985841453e-05,0.0005234716615329186,2.2677320168317165e-05,0.0004994159971829504,0.0005444579874165356,0.0,0.0033880416788936905,0.0,0.00146776368880334,0.21263050063862465,0.001402180331448714,,,,0,client-c0-20260926-v1,True,canonical T0,3
bank_k10_seed10003,bank,10003,0,45211,2259,0.04996571630797815,direct,0.005723972329481815,0.0017753325523115922,0.004151124972850084,0.007649000006495044,0.006223735991322125,0.0017593021390758527,0.004676624987041578,0.008137458004057407,9.527662768959999e-06,4.8734605515867335e-06,5.249981768429279e-06,1.4833000022917986e-05,0.0004902359990713497,2.340214820373381e-05,0.00047362499753944576,0.0005170000076759607,0.0,0.0,0.0025539583390733847,0.0011427976520887266,0.0005855636554770172,0.0014416526828426868,,,,0,client-c0-20260926-v1,True,canonical T0,3
bank_k10_seed10003,bank,10003,0,45211,2259,0.04996571630797815,fast,0.001465027657104656,9.40294287812821e-05,0.001394540973706171,0.0015717920032329857,0.0018763609987217933,0.00015719575022299557,0.0017633329844102263,0.002055875025689602,5.140027496963739e-07,1.4650185157415804e-07,3.7500285543501377e-07,6.67001586407423e-07,0.0004108193388674408,6.316618852274704e-05,0.0003684170078486204,0.00048341602087020874,,,,2.722323794538776e-06,,,0.00025516665967491764,1.8805672880262136e-05,0.0011883330007549375,0,client-c0-20260926-v1,True,compact C0-only candidate,3
bank_k10_seed10004,bank,10004,0,45211,2259,0.04996571630797815,fresh,0.21944683334246898,0.0013816404793101649,0.21858520800014958,0.22104045801097527,0.22000325033635212,0.0013885167911250045,0.2191363339952659,0.2216047499969136,4.56967003022631e-06,5.849451900086415e-07,3.9590231608599424e-06,5.124980816617608e-06,0.0005518473238529017,6.4206497837599815e-06,0.0005471669719554484,0.0005591670051217079,0.0,0.0032480829977430403,0.0,0.0014343487079410504,0.21328199896379374,0.0014824026729911566,,,,0,client-c0-20260926-v1,True,canonical T0,3
bank_k10_seed10004,bank,10004,0,45211,2259,0.04996571630797815,direct,0.005772528005763888,0.0018958707890072647,0.004021250002551824,0.0077857500000391155,0.006287986335034172,0.0019004207261322601,0.004551458987407386,0.00831812500837259,7.430334032202761e-06,1.6447191753086642e-06,5.54099096916616e-06,8.542003342881799e-06,0.0005080279952380806,2.5818774388843342e-05,0.00047825000365264714,0.0005241670005489141,0.0,0.0,0.0026593750032285848,0.001096726026541243,0.0005678019758003453,0.001448625000193715,,,,0,client-c0-20260926-v1,True,canonical T0,3
bank_k10_seed10004,bank,10004,0,45211,2259,0.04996571630797815,fast,0.0014692636614199728,8.817598974816867e-05,0.0013852500123903155,0.0015610829868819565,0.0018840556731447577,0.00018658911840580615,0.001735958008794114,0.002093625022098422,6.113356600205103e-07,8.729465479783455e-08,5.409820005297661e-07,7.090275175869465e-07,0.00041418067606476444,0.00010202187739570252,0.0003501670144032687,0.0005318330076988786,,,,3.7223217077553272e-06,,,0.00025602766739514965,2.1138674734781187e-05,0.0011883749975822866,0,client-c0-20260926-v1,True,compact C0-only candidate,3
credit_k10_seed10000,credit,10000,0,30000,299,0.009966666666666667,fresh,0.16577523599456376,0.0004716440024326064,0.1653377499897033,0.16627487499499694,0.16616584734098674,0.00043210428831886894,0.16575666700373404,0.1666177080187481,1.420834450982511e-05,1.3238476296075784e-06,1.3083015801385045e-05,1.5666999388486147e-05,0.00037640300191317994,4.075044793033176e-05,0.0003297500079497695,0.0004050419956911355,0.0,0.0020670833376546702,0.0,0.002544762974139303,0.15482736202344918,0.006336027659320583,,,,0,client-c0-20260926-v1,True,canonical T0,3
credit_k10_seed10000,credit,10000,0,30000,299,0.009966666666666667,direct,0.011506332656911885,0.0014920560982003388,0.01046654098900035,0.013215915998443961,0.011916846997337416,0.0015071362582643859,0.01083183300215751,0.013637708005262539,7.305662923802932e-06,2.695273586598332e-06,4.5000051613897085e-06,9.874987881630659e-06,0.0004032086775017281,3.8802451236066984e-05,0.0003607920079957694,0.00043691700557246804,0.0,0.0,0.0017606943341282506,0.0015370699402410537,0.001932526375943174,0.006276042006599407,,,,0,client-c0-20260926-v1,True,canonical T0,3
credit_k10_seed10000,credit,10000,0,30000,299,0.009966666666666667,fast,0.006304347324961175,4.2383072240647604e-05,0.006256166991079226,0.006335874990327284,0.006674125004792586,7.957796755279869e-05,0.00659904201165773,0.00675754199619405,6.246749156465133e-07,1.815846322644228e-07,5.00003807246685e-07,8.330098353326321e-07,0.0003691530049157639,5.800452332785297e-05,0.0003293750050943345,0.0004357089928817004,,,,4.4586680208643275e-06,,,0.0011541666657043,3.656900177399317e-05,0.005109152989462018,0,client-c0-20260926-v1,True,compact C0-only candidate,3
credit_k10_seed10001,credit,10001,0,30000,299,0.009966666666666667,fresh,0.16487868066178635,0.0006940083087415999,0.16409620799822733,0.16541975000291131,0.16531656965768585,0.0007156944176058109,0.16451087497989647,0.16587866700137965,1.5041664786015948e-05,4.024942075255965e-06,1.2082979083061218e-05,1.9625003915280104e-05,0.00042284733111349243,2.1557529918708246e-05,0.0004025840025860816,0.0004454999871086329,0.0,0.002043569334394609,0.0,0.0024807361672477177,0.15415102782814452,0.006203347331999491,,,,0,client-c0-20260926-v1,True,canonical T0,3
credit_k10_seed10001,credit,10001,0,30000,299,0.009966666666666667,direct,0.01134605567009809,0.0017374895148095878,0.010007667005993426,0.01330962500651367,0.011772485673039531,0.0017231600584748593,0.01050504099112004,0.013734541018493474,6.624672096222639e-06,2.2127275218612243e-06,5.125009920448065e-06,9.16598946787417e-06,0.00041980533084521693,6.816772425130678e-05,0.00035187500179745257,0.0004882079956587404,0.0,0.0,0.0017270273237954825,0.0015544391353614628,0.0018998948701967795,0.006164694340744366,,,,0,client-c0-20260926-v1,True,canonical T0,3
credit_k10_seed10001,credit,10001,0,30000,299,0.009966666666666667,fast,0.0062192636639035,0.00010976163307770728,0.0061326670111157,0.006342707987641916,0.006599013664526865,0.00010679988989469842,0.006505957979243249,0.006715625000651926,6.8066098416845e-07,3.127116511537123e-07,3.7500285543501377e-07,9.999785106629133e-07,0.0003790693396391968,1.1775952611117274e-05,0.0003722500114236027,0.0003926670178771019,,,,3.6940036807209253e-06,,,0.0011779583195069183,3.951433852004508e-05,0.0049980970021958155,0,client-c0-20260926-v1,True,compact C0-only candidate,3
credit_k10_seed10002,credit,10002,0,30000,299,0.009966666666666667,fresh,0.16624245799418227,0.0012617120784961073,0.1647864580154419,0.16701479098992422,0.1666790280044855,0.0012498863582438185,0.16523670800961554,0.1674449169950094,1.4472675199309984e-05,6.339588784541554e-06,1.0709016351029277e-05,2.1792016923427582e-05,0.00042209733510389924,1.6064087526433567e-05,0.00040754201472736895,0.0004393330018501729,0.0,0.002250416660293316,0.0,0.002567722248689582,0.15515226375039978,0.006272055334799613,,,,0,client-c0-20260926-v1,True,canonical T0,3
credit_k10_seed10002,credit,10002,0,30000,299,0.009966666666666667,direct,0.011513764009578153,0.0013723697676625867,0.010577500012004748,0.013089125015540048,0.011924500344321132,0.0013517542291331807,0.011066459002904594,0.013482708018273115,7.014003737519185e-06,2.299616853379183e-06,4.417001036927104e-06,8.792005246505141e-06,0.000403722331005459,6.923078202745951e-05,0.0003452500095590949,0.0004801669856533408,0.0,0.0,0.001787513989256695,0.0014432322059292346,0.0019705874825982996,0.006312430331793924,,,,0,client-c0-20260926-v1,True,canonical T0,3
credit_k10_seed10002,credit,10002,0,30000,299,0.009966666666666667,fast,0.006291458324994892,9.152541515673564e-05,0.0062126249831635505,0.006391833012457937,0.006674666995725905,0.00012098769924448614,0.006546458986122161,0.006786834012018517,7.363366118321816e-07,1.683006204054233e-07,5.420006345957518e-07,8.33999365568161e-07,0.00038247233411918086,4.450081675952444e-05,0.0003332920023240149,0.0004199579998385161,,,,5.0689850468188524e-06,,,0.0011796249988644074,3.920867069003483e-05,0.005067555670393631,0,client-c0-20260926-v1,True,compact C0-only candidate,3
credit_k10_seed10003,credit,10003,0,30000,299,0.009966666666666667,fresh,0.166257499998513,0.00033258249527804925,0.1659003329987172,0.1665582919958979,0.16671787467203103,0.0004232680199382849,0.1662651659862604,0.16710375002003275,1.5166675439104438e-05,4.183921708027803e-06,1.18750031106174e-05,1.9875005818903446e-05,0.00044520799807893735,8.692302446511657e-05,0.0003529579844325781,0.000525583018315956,0.0,0.002166846999898553,0.0,0.0026531533318726965,0.15521484699759944,0.0062226526691423105,,,,0,client-c0-20260926-v1,True,canonical T0,3
credit_k10_seed10003,credit,10003,0,30000,299,0.009966666666666667,direct,0.011681472319954386,0.0019646122229432465,0.01034454198088497,0.013937124982476234,0.0120815973302039,0.0019689778858768565,0.010754374990938231,0.014343874994665384,1.3722339645028114e-05,4.820389753819733e-06,8.333998266607523e-06,1.762501779012382e-05,0.00038640267060448724,9.869231378986634e-06,0.00037545801023952663,0.0003946250071749091,0.0,0.0,0.0018817083425043772,0.0015651414384289335,0.001978053197187061,0.006256569341834013,,,,0,client-c0-20260926-v1,True,canonical T0,3
credit_k10_seed10003,credit,10003,0,30000,299,0.009966666666666667,fast,0.006200583321818461,0.00011729405778349067,0.006106499989982694,0.006331999989924952,0.006602194654988125,0.00014309690253270165,0.006500541989225894,0.006765833997633308,7.503355542818705e-07,3.976161145206307e-07,3.7500285543501377e-07,1.167005393654108e-06,0.0004008609976153821,2.910467637706011e-05,0.0003765829897020012,0.0004331250092945993,,,,5.291988297055165e-06,,,0.0011749166587833315,4.324967934129139e-05,0.004977124995396783,0,client-c0-20260926-v1,True,compact C0-only candidate,3
credit_k10_seed10004,credit,10004,0,30000,299,0.009966666666666667,fresh,0.16528240301219435,0.001408842362191798,0.16369750001467764,0.1663925000175368,0.16572502833635858,0.0014115845371654146,0.16413154199835844,0.16681870899628848,1.7027991513411205e-05,5.497028824761546e-06,1.3791985111311078e-05,2.3375003365799785e-05,0.0004255973326507956,1.663653062184181e-05,0.00041229199268855155,0.00044425000669434667,0.0,0.002032931011247759,0.0,0.0025579866099481783,0.15455711073203324,0.0061343746589651955,,,,0,client-c0-20260926-v1,True,canonical T0,3
credit_k10_seed10004,credit,10004,0,30000,299,0.009966666666666667,direct,0.01137179167320331,0.0016563016514373515,0.010076917009428144,0.013238167011877522,0.011797944656185185,0.0016412300779688083,0.010516957991058007,0.01364795898552984,8.555662740642825e-06,3.147356077683685e-06,5.749985575675964e-06,1.1958996765315533e-05,0.0004175973202412327,1.4043623946522535e-05,0.00040404198807664216,0.0004320829757489264,0.0,0.0,0.0017509863440257807,0.0014784753342003871,0.001932162995217368,0.006210166999759774,,,,0,client-c0-20260926-v1,True,canonical T0,3
credit_k10_seed10004,credit,10004,0,30000,299,0.009966666666666667,fast,0.0062763476647281395,5.991142109743217e-05,0.006211583997355774,0.006329791998723522,0.006628027670861532,7.947147784778475e-05,0.00654441598453559,0.006702583021251485,5.829982304324707e-07,4.4090520600360833e-07,2.500019036233425e-07,1.0830117389559746e-06,0.00035109700790296,1.9716974558355967e-05,0.0003324160061310977,0.00037170801078900695,,,,3.945674203957121e-06,,,0.001220388658111915,3.7763665507858e-05,0.0050142496669044094,0,client-c0-20260926-v1,True,compact C0-only candidate,3
