case_id,dataset,seed,T,method,algorithm_ratio,request_ratio
adult_k10_seed10000_T1,adult,10000,1,direct,2.0638367327330585,2.0565929866618036
adult_k10_seed10000_T1,adult,10000,1,basic,1.1756092015950383,1.1751661463211207
adult_k10_seed10000_T1,adult,10000,1,runnerup,1.1586833729154407,1.1580146829079225
adult_k10_seed10000_T2,adult,10000,2,direct,1.541135153346991,1.538138129263345
adult_k10_seed10000_T2,adult,10000,2,basic,1.1022020502360261,1.1018721979264061
adult_k10_seed10000_T2,adult,10000,2,runnerup,1.0991442678672196,1.0987533419863642
adult_k10_seed10001_T1,adult,10001,1,direct,2.064107297480947,2.0564985954943236
adult_k10_seed10001_T1,adult,10001,1,basic,1.1537538223576795,1.1531327284746566
adult_k10_seed10001_T1,adult,10001,1,runnerup,1.1613503775624314,1.1607465994350734
adult_k10_seed10001_T2,adult,10001,2,direct,1.5574393110660056,1.5544014185650623
adult_k10_seed10001_T2,adult,10001,2,basic,1.109893899411209,1.1091108383533144
adult_k10_seed10001_T2,adult,10001,2,runnerup,1.106110239848873,1.1056915765466437
adult_k10_seed10002_T1,adult,10002,1,direct,2.054405253255025,2.0483686607954916
adult_k10_seed10002_T1,adult,10002,1,basic,1.1633986997885135,1.163400700218129
adult_k10_seed10002_T1,adult,10002,1,runnerup,1.1569998366955507,1.1571806636482251
adult_k10_seed10002_T2,adult,10002,2,direct,1.5501211722617907,1.5469753036715275
adult_k10_seed10002_T2,adult,10002,2,basic,1.1079451613630404,1.1076424515263705
adult_k10_seed10002_T2,adult,10002,2,runnerup,1.103905958177003,1.1034916430447765
adult_k10_seed10003_T1,adult,10003,1,direct,2.0476012336979914,2.0405163909838087
adult_k10_seed10003_T1,adult,10003,1,basic,1.153301200768884,1.1527678825455998
adult_k10_seed10003_T1,adult,10003,1,runnerup,1.1555433621261317,1.1549266215922493
adult_k10_seed10003_T2,adult,10003,2,direct,1.5441787128281979,1.541100324535599
adult_k10_seed10003_T2,adult,10003,2,basic,1.112559334788071,1.1120292767840436
adult_k10_seed10003_T2,adult,10003,2,runnerup,1.1023613916071127,1.1019151236746472
adult_k10_seed10004_T1,adult,10004,1,direct,2.0699989979885736,2.0626090351413637
adult_k10_seed10004_T1,adult,10004,1,basic,1.1784324483915418,1.177737106145428
adult_k10_seed10004_T1,adult,10004,1,runnerup,1.1665770044411772,1.1658878863292452
adult_k10_seed10004_T2,adult,10004,2,direct,1.5407356422072698,1.537573571316613
adult_k10_seed10004_T2,adult,10004,2,basic,1.10550478349328,1.1050750741470894
adult_k10_seed10004_T2,adult,10004,2,runnerup,1.1069149994725094,1.1064542287197885
bank_k10_seed10000_T1,bank,10000,1,direct,2.6413010451687646,2.631479156834619
bank_k10_seed10000_T1,bank,10000,1,basic,1.4340772080121416,1.4334667693803196
bank_k10_seed10000_T1,bank,10000,1,runnerup,1.4428377278834081,1.442119919451414
bank_k10_seed10000_T2,bank,10000,2,direct,1.8483874049205227,1.8446995451090717
bank_k10_seed10000_T2,bank,10000,2,basic,1.3073507227778522,1.3065104181862677
bank_k10_seed10000_T2,bank,10000,2,runnerup,1.2885136323274362,1.2876267755288828
bank_k10_seed10001_T1,bank,10001,1,direct,2.6302092078729546,2.6196105337170787
bank_k10_seed10001_T1,bank,10001,1,basic,1.4505274224756246,1.4487901662709288
bank_k10_seed10001_T1,bank,10001,1,runnerup,1.4461276476788072,1.4444037014600741
bank_k10_seed10001_T2,bank,10001,2,direct,1.8201964061645124,1.8167912912145556
bank_k10_seed10001_T2,bank,10001,2,basic,1.2901595937102242,1.2891998436559768
bank_k10_seed10001_T2,bank,10001,2,runnerup,1.2913029233627564,1.2904452592969422
bank_k10_seed10002_T1,bank,10002,1,direct,2.6487396513977526,2.6383630551767894
bank_k10_seed10002_T1,bank,10002,1,basic,1.4464650664387957,1.444798520341747
bank_k10_seed10002_T1,bank,10002,1,runnerup,1.4567083735449062,1.4550978377616821
bank_k10_seed10002_T2,bank,10002,2,direct,1.8463632417967912,1.8425908040015195
bank_k10_seed10002_T2,bank,10002,2,basic,1.257910289905262,1.256996886971548
bank_k10_seed10002_T2,bank,10002,2,runnerup,1.265865745352506,1.2649536019688619
bank_k10_seed10003_T1,bank,10003,1,direct,2.6733524352619757,2.6623000991165724
bank_k10_seed10003_T1,bank,10003,1,basic,1.4905888242151066,1.488910052312945
bank_k10_seed10003_T1,bank,10003,1,runnerup,1.4950616643872787,1.4933969823155515
bank_k10_seed10003_T2,bank,10003,2,direct,1.797401238596946,1.794335639519312
bank_k10_seed10003_T2,bank,10003,2,basic,1.2886069435847867,1.2876914538785496
bank_k10_seed10003_T2,bank,10003,2,runnerup,1.2967490349686763,1.2959874341993587
bank_k10_seed10004_T1,bank,10004,1,direct,2.6892373414092776,2.679065222463603
bank_k10_seed10004_T1,bank,10004,1,basic,1.4582712677349838,1.4564894410731115
bank_k10_seed10004_T1,bank,10004,1,runnerup,1.4839068986404826,1.4821607911815864
bank_k10_seed10004_T2,bank,10004,2,direct,1.8440411785669986,1.840581623463826
bank_k10_seed10004_T2,bank,10004,2,basic,1.2971061847857674,1.2961572241139225
bank_k10_seed10004_T2,bank,10004,2,runnerup,1.291793168132881,1.2908956928020805
credit_k10_seed10000_T1,credit,10000,1,direct,2.645542319288358,2.635162709916609
credit_k10_seed10000_T1,credit,10000,1,basic,1.4219955234414108,1.4206426921027986
credit_k10_seed10000_T1,credit,10000,1,runnerup,1.4148742313907228,1.4137011890233482
credit_k10_seed10000_T2,credit,10000,2,direct,1.8341851663712674,1.8302127657475273
credit_k10_seed10000_T2,credit,10000,2,basic,1.2672820779489264,1.266514192761394
credit_k10_seed10000_T2,credit,10000,2,runnerup,1.2670621492617822,1.266200138712192
credit_k10_seed10001_T1,credit,10001,1,direct,2.691958912189359,2.6810702799664177
credit_k10_seed10001_T1,credit,10001,1,basic,1.4238267603188521,1.422490813967528
credit_k10_seed10001_T1,credit,10001,1,runnerup,1.4241174393266076,1.4227114173329034
credit_k10_seed10001_T2,credit,10001,2,direct,1.8610300329258496,1.8573886675910316
credit_k10_seed10001_T2,credit,10001,2,basic,1.2868138847530837,1.285853376420547
credit_k10_seed10001_T2,credit,10001,2,runnerup,1.2757413107233404,1.2748432335095021
credit_k10_seed10002_T1,credit,10002,1,direct,2.668648904523142,2.6578609371281665
credit_k10_seed10002_T1,credit,10002,1,basic,1.435693839845959,1.4340595326826109
credit_k10_seed10002_T1,credit,10002,1,runnerup,1.3938437618375998,1.3922982965991377
credit_k10_seed10002_T2,credit,10002,2,direct,1.8718778734565051,1.868353439935345
credit_k10_seed10002_T2,credit,10002,2,basic,1.2932232098415828,1.2924022669805042
credit_k10_seed10002_T2,credit,10002,2,runnerup,1.2858485318969404,1.2851917236839077
credit_k10_seed10003_T1,credit,10003,1,direct,2.652973854048077,2.645077332009028
credit_k10_seed10003_T1,credit,10003,1,basic,1.4157919386527047,1.4157463055808308
credit_k10_seed10003_T1,credit,10003,1,runnerup,1.4044625633964767,1.4044295488485699
credit_k10_seed10003_T2,credit,10003,2,direct,1.8610180711409479,1.8577489792928095
credit_k10_seed10003_T2,credit,10003,2,basic,1.2775607387851335,1.2768091040330096
credit_k10_seed10003_T2,credit,10003,2,runnerup,1.2622809104855208,1.2617054982428828
credit_k10_seed10004_T1,credit,10004,1,direct,2.630510006897545,2.619822351978326
credit_k10_seed10004_T1,credit,10004,1,basic,1.4358378872033803,1.434441397793838
credit_k10_seed10004_T1,credit,10004,1,runnerup,1.402347121119635,1.4009890740027675
credit_k10_seed10004_T2,credit,10004,2,direct,1.8699389150243253,1.8661585869290807
credit_k10_seed10004_T2,credit,10004,2,basic,1.2967590202863857,1.2962487116643613
credit_k10_seed10004_T2,credit,10004,2,runnerup,1.2855015676633859,1.2846823913522225
