parent_case_id,dataset,seed,T,n0,n1,G,Phi,Phi_A,Phi_B,pooled_SSE,historical_quality_evaluation_seconds,new_quality_evaluation_seconds,reference_path,reference_file_sha256,complete_witness_sha256,final_centers_sha256,matched_new_fresh_witness_verified,source_run,G_numerator,G_denominator,Phi_numerator,Phi_denominator,Phi_A_numerator,Phi_A_denominator,Phi_B_numerator,Phi_B_denominator,pooled_SSE_numerator,pooled_SSE_denominator
adult_k10_seed10000,adult,10000,0,9685,20177,216.68773044834967,112.51229835772675,112.51229835772675,104.17543209062292,3191629.302887082,0.3654950420022942,0.0,study://Client_Deletion/runs/client-c0-20260926-v1/quality/adult_k10_seed10000/quality.json,46da08719795921ec88522cf4c4029e927f3890188a4ce3a7c0f42a9f076524c,dcbc5fb47bb66ea34230d74e0c19646faa1931dd5f6de735ab50359b42160bb3,c548cb1beb6a5d14d639a4fbfcae0ad6dc6941456d8ae7aa583bb0793b93160d,False,client-c0-20260926-v1,27323547716207617,126096422993920,351573533373,3124756480,351573533373,3124756480,17632415235535,169256943616,26773327103233,8388608
adult_k10_seed10000,adult,10000,1,9685,20177,191.91777364135444,96.51030288579716,96.51030288579716,95.4074707555573,2859738.820883825,0.364220125018619,0.0,study://Client_Deletion/runs/client-c0-20260926-v1/quality/adult_k10_seed10000/quality.json,46da08719795921ec88522cf4c4029e927f3890188a4ce3a7c0f42a9f076524c,2fbb230a1903a460bcbd1dec3b7fcc69f591e9992ea6ac490eca488e67b23e9f,370268ac095a38f99db3185d1386ecd8c5b7b26c6b48ec3021bb643774eccb83,True,client-c0-20260926-v1,3190442115861430867989108756762555585756101584591,16624005454667041132288858515862593514168647680,2484864885768852287336244374345894058747229,25747146278353820458146742757630274437120,2484864885768852287336244374345894058747229,25747146278353820458146742757630274437120,163763997341907137298754761904479942613229811,1716469329340943844325127363537696800636928,243279673686510410493514581883548552493141139,85070591730234615865843651857942052864
adult_k10_seed10000,adult,10000,2,9685,20177,190.11098537553985,95.1820575467247,95.1820575467247,94.92892782881515,2837219.204142032,0.364217957976507,0.0,study://Client_Deletion/runs/client-c0-20260926-v1/quality/adult_k10_seed10000/quality.json,46da08719795921ec88522cf4c4029e927f3890188a4ce3a7c0f42a9f076524c,2770478b833523bcba2ce7a582d60aebbaf26b3f34baf881f578e4a2e41894a4,3a7fefcdc62843d1ead933ac9fc558c8c6abcd0f11b784f982b560a896e7b37b,True,client-c0-20260926-v1,20226598770400644430308462126149127201404709251171,106393634909869063246648694501520598490679345152,501896470267947458697098690300832570808982353,5273015557806862429828452916762680204722176,501896470267947458697098690300832570808982353,5273015557806862429828452916762680204722176,2607081489366099265920780034060203515795527185,27463509269455101509202037816603148810190848,7723645330071935825327053519624569885635966135,2722258935367507707706996859454145691648
adult_k10_seed10001,adult,10001,0,9685,20177,219.08362939382002,117.13211074481629,117.13211074481629,101.95151864900375,3191500.2843444943,0.3664024579920806,0.0,study://Client_Deletion/runs/client-c0-20260926-v1/quality/adult_k10_seed10001/quality.json,dbff76a69efeed63c647b3ffa6d913edb1db8182074d793283be7af75cd37b3f,73168fc17d616ca4a40ac8fab23c7098dfd33b277c840150f597b7c905faf414,d3cf956d6272a7f15c58b6ccdeeb56a2e93e4957d0794aaec8dfc308b40fb080,False,client-c0-20260926-v1,718267212080244733,3278506997841920,19032484747429,162487336960,19032484747429,162487336960,4314000610885,42314235904,53544489634509,16777216
adult_k10_seed10001,adult,10001,1,9685,20177,192.96621752798816,97.81957107451116,97.81957107451116,95.14664645347699,2867156.431348446,0.3613339159928728,0.0,study://Client_Deletion/runs/client-c0-20260926-v1/quality/adult_k10_seed10001/quality.json,dbff76a69efeed63c647b3ffa6d913edb1db8182074d793283be7af75cd37b3f,5a3bc658179dcaf7394d8b1245f0b57c9ae37a63081d35a7316bbc02773aeea4,4aaa6bec406ee44bd90c1e0b514df0c40fcd62babdd431c9f04229c9e532e39d,True,client-c0-20260926-v1,6415742905503483638154798527180061826766079161499,33248010909334082264577717031725187028337295360,20148598442730137444971316826143904519036789,205977170226830563665173942061042195496960,20148598442730137444971316826143904519036789,205977170226830563665173942061042195496960,326632600854079067871689050115768439331051815,3432938658681887688650254727075393601273856,487821388395920167431459584724919675483346127,170141183460469231731687303715884105728
adult_k10_seed10001,adult,10001,2,9685,20177,190.69757235887994,95.80683992834943,95.80683992834943,94.89073243053049,2842499.552956878,0.3730378749896772,0.0,study://Client_Deletion/runs/client-c0-20260926-v1/quality/adult_k10_seed10001/quality.json,dbff76a69efeed63c647b3ffa6d913edb1db8182074d793283be7af75cd37b3f,1c42881bae91b17623fbb02e38dc56e9a97957974b5a20cbafe84adda3eb5c72,425b9e118eab68dda6b5bff8ef57b8a7f5e3c979fb791a3f0314ed718f3d9cab,True,client-c0-20260926-v1,6492482525359682905734585238215519853346977720095873,34045963171158100238927582240486591517017390448640,323322212791358900314022934284131793706745521023,3374729956996391955090209866728115331022192640,323322212791358900314022934284131793706745521023,3374729956996391955090209866728115331022192640,667144322480962031991030431737750387720490558855,7030658372980505986355721681050406095408857088,495233267636160466152526683010941090713618039939,174224571863520493293247799005065324265472
adult_k10_seed10002,adult,10002,0,9685,20177,219.5004487954093,117.42146110952547,117.42146110952547,102.07898768588385,3196874.5853838325,0.3670951660024002,0.0,study://Client_Deletion/runs/client-c0-20260926-v1/quality/adult_k10_seed10002/quality.json,2800a9ab89a9e5aa2c651b128bbc08df27ba7c63e53df23b09703f0d0553ca95,5f9367772b7c67bbd8a40def03496b9d2e7f7404cb9630f74d564f2289118e04,b0cf4397c9ac6ad59508242ef85a074cf4891d9bc2519b6d466fa652bfe43de0,False,client-c0-20260926-v1,719633757405191463,3278506997841920,19079500517639,162487336960,19079500517639,162487336960,2159697182891,21157117952,53634655443895,16777216
adult_k10_seed10002,adult,10002,1,9685,20177,195.7868004438829,99.78465957898548,99.78465957898548,96.0021408648974,2903449.624253509,0.3620095000078436,0.0,study://Client_Deletion/runs/client-c0-20260926-v1/quality/adult_k10_seed10002/quality.json,2800a9ab89a9e5aa2c651b128bbc08df27ba7c63e53df23b09703f0d0553ca95,4a690799f146b773a071dad7a2991886917c4546e16c9e60e7d6a4b342d0152b,93323e4447492d40358fc6fc548a89b62518f6549803818b97f8be072697cca8,True,client-c0-20260926-v1,41660938733195732159880685262332045154485488110887,212787269819738126493297389003041196981358690304,526166062390452021460908003210100804152040133,5273015557806862429828452916762680204722176,526166062390452021460908003210100804152040133,5273015557806862429828452916762680204722176,10546222742122576812517916211043695045810046765,109854037077820406036808151266412595240763392,15807883366027097027126996243144703087330448095,5444517870735015415413993718908291383296
adult_k10_seed10002,adult,10002,2,9685,20177,194.19921883883532,97.24193006090444,97.24193006090444,96.9572887779309,2898095.308312171,0.36342870799126104,0.0,study://Client_Deletion/runs/client-c0-20260926-v1/quality/adult_k10_seed10002/quality.json,2800a9ab89a9e5aa2c651b128bbc08df27ba7c63e53df23b09703f0d0553ca95,4cd322ee94446d042d2d35605a8f1821a37217ac3d982b40244f2b8acfd72545,215281f3c0f06572c064f96bd9a7c92ee3cbbc20792cf8aa87007616553be57b,True,client-c0-20260926-v1,826462431556832516178972366894551577025504551173447,4255745396394762529865947780060823939627173806080,10255164201646317855886138454705218059240454763,105460311156137248596569058335253604094443520,10255164201646317855886138454705218059240454763,105460311156137248596569058335253604094443520,42604598385503046507232125523322375576965951437,439416148311281624147232605065650380963053568,63114926788795682219004402432732811695446860963,21778071482940061661655974875633165533184
adult_k10_seed10003,adult,10003,0,9685,20177,221.82857238152582,119.26904382680456,119.26904382680456,102.55952855472127,3224464.297111213,0.36822733300505206,0.0,study://Client_Deletion/runs/client-c0-20260926-v1/quality/adult_k10_seed10003/quality.json,6774449fed21666760b9608aed6f5aa11627d4bba2ddbdd97f671907eeef71f3,e23e0a09e23ede48c26e38bbc020362b4af9124702fe1248fb7c9361587425b5,b2218472e139dd7aa4b7000a4831bbad412736eb8fe87ca6940245ee1b640cb2,False,client-c0-20260926-v1,727266526874115291,3278506997841920,19379709313183,162487336960,19379709313183,162487336960,8679456170935,84628471808,54097533996923,16777216
adult_k10_seed10003,adult,10003,1,9685,20177,194.65941851236394,100.0171873853624,100.0171873853624,94.64223112700154,2878262.7572767446,0.3656035420135595,0.0,study://Client_Deletion/runs/client-c0-20260926-v1/quality/adult_k10_seed10003/quality.json,6774449fed21666760b9608aed6f5aa11627d4bba2ddbdd97f671907eeef71f3,0b197e0f5de8d94953e4651bc6d1a80d29031a3c33e296df97e7c4bb95f33531,87c1f3c6ab9e8a5cc8112b098f679b868e50378c608b68921bfde53726ef05d3,True,client-c0-20260926-v1,2588815388121481961158651932942341954602993000931,13299204363733632905831086812690074811334918144,263696092565550110256380552473160460377069375,2636507778903431214914226458381340102361088,263696092565550110256380552473160460377069375,2636507778903431214914226458381340102361088,2599207791838318673201660983230980490131049677,27463509269455101509202037816603148810190848,489711031833258653060445468199597849002049569,170141183460469231731687303715884105728
adult_k10_seed10003,adult,10003,2,9685,20177,193.5380975268821,98.30478445992095,98.30478445992095,95.23331306696114,2873604.3952464093,0.3760662080021575,0.0,study://Client_Deletion/runs/client-c0-20260926-v1/quality/adult_k10_seed10003/quality.json,6774449fed21666760b9608aed6f5aa11627d4bba2ddbdd97f671907eeef71f3,3f714988e8e8398df8bce852c6be4f304ac7d17381093cc2361628533a5f2a55,020e476fb99ea85f183a74d1eab6f09c8674a57ec63e18165b5e7f815d591aa9,True,client-c0-20260926-v1,80434459724319242694858734630061354609224456601,415600136366676028307221462896564837854216192,4049708264562604925835946115480998661456995,41195434045366112733034788412208439099392,4049708264562604925835946115480998661456995,41195434045366112733034788412208439099392,40866265252740736087313156679433453395059951,429117332335235961081281840884424200159232,30557403287776880358246443628419223351172463,10633823966279326983230456482242756608
adult_k10_seed10004,adult,10004,0,9685,20177,245.87990963530774,123.44832903352052,122.43158060178722,123.44832903352052,3676566.793037653,0.3644870840071235,0.0,study://Client_Deletion/runs/client-c0-20260926-v1/quality/adult_k10_seed10004/quality.json,b44d3eb6e3aacdf6abde5f63b81c1760434c79d7da5626b8b728e0d70186cd90,ea5586552950f0340ffd5d8d333bf271015f57c35e7785303e604e1bd4e5f20c,7b87530f8b0611088fdf8db834eb8a27c9dee8a46286e544167f6c94af6acccc,False,client-c0-20260926-v1,201529751092023849,819626749460480,5223621716679,42314235904,4973395372947,40621834240,5223621716679,42314235904,15420638806305,4194304
adult_k10_seed10004,adult,10004,1,9685,20177,189.88496584109595,94.94585361146811,94.94585361146811,94.93911222962785,2835137.0596842696,0.36440812499495223,0.0,study://Client_Deletion/runs/client-c0-20260926-v1/quality/adult_k10_seed10004/quality.json,b44d3eb6e3aacdf6abde5f63b81c1760434c79d7da5626b8b728e0d70186cd90,cf9f6682cf3d43136179940f0bf9d12b5ab98beabd14d238325beb8ee3b9201c,7f8d463f73e5700022a94a12f28a4a369a29a6055744f9dfeac7119e0516b9ff,True,client-c0-20260926-v1,12626594831606575918438280409223342440804419700409,66496021818668164529155434063450374056674590720,156453426013288821129702619779602490383293211,1647817361814644509321391536488337563975680,156453426013288821129702619779602490383293211,1647817361814644509321391536488337563975680,651840297188055635577724407912985394308415639,6865877317363775377300509454150787202547712,964747149214633277837129647472190375075002061,340282366920938463463374607431768211456
adult_k10_seed10004,adult,10004,2,9685,20177,186.6766818104205,93.45180902641864,93.45180902641864,93.22487278400185,2786079.02858367,0.36294291701051407,0.0,study://Client_Deletion/runs/client-c0-20260926-v1/quality/adult_k10_seed10004/quality.json,b44d3eb6e3aacdf6abde5f63b81c1760434c79d7da5626b8b728e0d70186cd90,1e3ec678d12a0cca4a7d640f6c96511980bee167185324102ac0a3f0bb16af37,014e94ad8d35a9e9b291e1bbb30ccfd30d397e167607dfd9883b899466cdbe6f,True,client-c0-20260926-v1,775828544168893461287572619368333621882270257199,4156001363666760283072214628965648378542161920,307983026813438285725060286697973700509784687,3295634723629289018642783072976675127951360,307983026813438285725060286697973700509784687,3295634723629289018642783072976675127951360,640070539461801867787983531769573835305152141,6865877317363775377300509454150787202547712,237013391568810038378260954616886883953734207,85070591730234615865843651857942052864
bank_k10_seed10000,bank,10000,0,17098,25854,87.16709311539192,44.866522212368885,44.866522212368885,42.300570903023036,1860766.7569138408,0.24863054198794998,0.0,study://Client_Deletion/runs/client-c0-20260926-v1/quality/bank_k10_seed10000/quality.json,af4bacec07c6b1f9f249d6bcf450f7a79e25968de4ebe6ff0dfc3aa778fbe7f6,f3a57e42305a027e057508a362e182e85c4ecb89471ae5320b5a65dc7df4ad3c,f6842984de6821a429cc5c709d8cb6bb582cc325467a52b9b9596b5ed16694e8,False,client-c0-20260926-v1,107744290576634355,1236066119974912,12870268746301,286856839168,12870268746301,286856839168,3058036176677,72293023744,31218485806363,16777216
bank_k10_seed10000,bank,10000,1,17098,25854,66.71525379090467,33.39963896450147,33.39963896450147,33.3156148264032,1432408.9327368743,0.2477264580084011,0.0,study://Client_Deletion/runs/client-c0-20260926-v1/quality/bank_k10_seed10000/quality.json,af4bacec07c6b1f9f249d6bcf450f7a79e25968de4ebe6ff0dfc3aa778fbe7f6,63cc82598c9000b1a6e7af3db39633d5ad82d7046c4abcd406b58116b1614ffd,9ce0977b96e0cdd95e7f8e706fdbdda7bd8616c1117af32126db08c4b7bab637,True,client-c0-20260926-v1,5017734164328177412718053187628684260505300744431,75211198027582839000932462622524456212969291776,97162019811591697034545501759991297617664171,2909073954807102924148389518934186439737344,97162019811591697034545501759991297617664171,2909073954807102924148389518934186439737344,293099462407215543056136832977642911673670753,8797660314373943034382087100540935338983424,487423502030398937125227836497625506908999095,340282366920938463463374607431768211456
bank_k10_seed10000,bank,10000,2,17098,25854,65.09802262587998,32.578492892257515,32.578492892257515,32.51952973362247,1397786.9932048942,0.24862554200808518,0.0,study://Client_Deletion/runs/client-c0-20260926-v1/quality/bank_k10_seed10000/quality.json,af4bacec07c6b1f9f249d6bcf450f7a79e25968de4ebe6ff0dfc3aa778fbe7f6,38d7c80ea7b58aae6c21c916d0088311a8607af0f384e28d2a76f7fb51c38934,3cdcef478d66d4e1ec343c08774421b431f41c601ff09763d20216a2df4d29fa,True,client-c0-20260926-v1,6528133694558836810757550077028391205214259175197,100281597370110452001243283496699274950625722368,379092980638938609313982283605942123290470143,11636295819228411696593558075736745758949376,379092980638938609313982283605942123290470143,11636295819228411696593558075736745758949376,381461034906125146296602030285692126178148027,11730213752498590712509449467387913785311232,1902569065996252657517770658068960625115384367,1361129467683753853853498429727072845824
bank_k10_seed10001,bank,10001,0,17098,25854,88.79821622342678,47.21732709653295,47.21732709653295,41.58088912689382,1882354.1661832333,0.2516356249980163,0.0,study://Client_Deletion/runs/client-c0-20260926-v1/quality/bank_k10_seed10001/quality.json,b2efe9ce32cdd2a72c460403f65cae4fe3a2556205c84804267cb8467add8a31,cd566e1c0622b513976ecb747c3b0c190970441d9a5d24b04aeedd1b04fa6d61,c8b7ee7b38d0e88148d87bc8deb7171fdabb1acf0fc9b8fe6f024edce33e7056,False,client-c0-20260926-v1,164640699881976619,1854099179962368,13544613204873,286856839168,13544613204873,286856839168,18036049229683,433758142464,7895165608639,4194304
bank_k10_seed10001,bank,10001,1,17098,25854,67.04750920225129,33.6107508491333,33.6107508491333,33.43675835311799,1439150.5684799936,0.24764379099360667,0.0,study://Client_Deletion/runs/client-c0-20260926-v1/quality/bank_k10_seed10001/quality.json,b2efe9ce32cdd2a72c460403f65cae4fe3a2556205c84804267cb8467add8a31,ff13518938d8d8c9e749657a93e9400d3ee8d99b711821cdddf14e554a7eb232,8e08ebb497f5fb8332278f706936f50a4e322a931c1cdc51f1b67fa9e7ffeb27,True,client-c0-20260926-v1,78792554560417251364141050449314183310230162117,1175174969180981859389569728476944628327645184,195552319793448788885729963923173229804217501,5818147909614205848296779037868372879474688,195552319793448788885729963923173229804217501,5818147909614205848296779037868372879474688,294165242004537559174078369998976183199860889,8797660314373943034382087100540935338983424,244858780898993174029904166961074706502039195,170141183460469231731687303715884105728
bank_k10_seed10001,bank,10001,2,17098,25854,64.74972616206858,32.396609197825605,32.396609197825605,32.353116964242986,1390374.7100579604,0.24791595799615607,0.0,study://Client_Deletion/runs/client-c0-20260926-v1/quality/bank_k10_seed10001/quality.json,b2efe9ce32cdd2a72c460403f65cae4fe3a2556205c84804267cb8467add8a31,930d46c90cd582772c2597f23e20465da778849036067c1adb2603ef55de1bb2,10b9d08eaa590a0d08effc4b2136956446a26cf052fa23ff7505ecb988b62e76,True,client-c0-20260926-v1,608738059575887753553854571170047073633437121707,9401399753447854875116557827815557026621161472,11780516505182337111579671467457430679290489,363634244350887865518548689866773304967168,11780516505182337111579671467457430679290489,363634244350887865518548689866773304967168,35578966645327361079784038489928957872389849,1099707539296742879297760887567616917372928,59139999655692035302943381424843819230970827,42535295865117307932921825928971026432
bank_k10_seed10002,bank,10002,0,17098,25854,88.58877460490285,44.861490753326926,43.727283851575926,44.861490753326926,1907498.0812307596,0.2505566669860855,0.0,study://Client_Deletion/runs/client-c0-20260926-v1/quality/bank_k10_seed10002/quality.json,9748f925b01a81f057b18b4769baee5af021a325fe7d2ebe07739336410d100d,1493ad8bc6b0c7e5601dc689579853b592b77f45bcd96029140d9278edd8135d,d31ed5df7324526b15ab408c2e2a6739c143e55785635753c1e5fe402233e1b3,False,client-c0-20260926-v1,27375395724803573,309016529993728,6486345632443,144586047488,12543470431065,286856839168,6486345632443,144586047488,16001253664197,8388608
bank_k10_seed10002,bank,10002,1,17098,25854,66.66994406956708,33.380508973821236,33.380508973821236,33.28943509574584,1431404.9973998084,0.24872450000839308,0.0,study://Client_Deletion/runs/client-c0-20260926-v1/quality/bank_k10_seed10002/quality.json,9748f925b01a81f057b18b4769baee5af021a325fe7d2ebe07739336410d100d,4b65f5172bab09fa45aeebc5ee1f61c3005bac8efdee57efc1abb14220f1e484,fdb22583073f153b960ef68fa8bd80b2f5849f0b1761c221145095e63d055484,True,client-c0-20260926-v1,6685768487872108838697626230117868139029022436517,100281597370110452001243283496699274950625722368,388425477015792555879987699561118640183313737,11636295819228411696593558075736745758949376,388425477015792555879987699561118640183313737,11636295819228411696593558075736745758949376,390492189373027089966533189297011077076760399,11730213752498590712509449467387913785311232,1948327522150666381659574967013270511596908671,1361129467683753853853498429727072845824
bank_k10_seed10002,bank,10002,2,17098,25854,65.42497527628025,32.76954625515043,32.76954625515043,32.65542902112981,1404567.1637828522,0.2502405830018688,0.0,study://Client_Deletion/runs/client-c0-20260926-v1/quality/bank_k10_seed10002/quality.json,9748f925b01a81f057b18b4769baee5af021a325fe7d2ebe07739336410d100d,114494a88801302fcc44529c823f07bb1ba43e924698365001118df95fd44f58,18da4afba9b813a0090f0f74eead70707436b849e3ea8d063bad128cb95f43b2,True,client-c0-20260926-v1,25628597767989713246852319484214578095537758403,391724989726993953129856576158981542775881728,2979032297553273771273628306021105686646875,90908561087721966379637172466693326241792,2979032297553273771273628306021105686646875,90908561087721966379637172466693326241792,374077307224022007440468332950334357579143,11455286867674404992685009245496009555968,7467959984241537860559248301425117977596591,5316911983139663491615228241121378304
bank_k10_seed10003,bank,10003,0,17098,25854,89.48203533310503,49.18839446391358,49.18839446391358,40.29364086919146,1882774.9595760703,0.24954466600320302,0.0,study://Client_Deletion/runs/client-c0-20260926-v1/quality/bank_k10_seed10003/quality.json,c49a36f94b8de84fadc8129adecbddeeaa30b2848f7b718773117c0dc2202dd1,6ebdfe66a8f1526d95fe271833095d4f626be0b757e20150c8a8823b4a2a01f0,fb5ffe8db86d608339e3afee12fdf7cbf1135e62b83cb21f893c8c737aad1739,False,client-c0-20260926-v1,331817136664947377,3708198359924736,14110027359667,286856839168,14110027359667,286856839168,4369423704133,108439535616,31587722176199,16777216
bank_k10_seed10003,bank,10003,1,17098,25854,67.6220323000913,33.94028228061706,33.94028228061706,33.68175001947424,1451118.9114374775,0.24627279202104546,0.0,study://Client_Deletion/runs/client-c0-20260926-v1/quality/bank_k10_seed10003/quality.json,c49a36f94b8de84fadc8129adecbddeeaa30b2848f7b718773117c0dc2202dd1,dfadfc0973dfe38b35a7c10c925263c332f098fea90e1f70ee0f5ce70305c4ec,781eb39e26209b3d357b5ce32cf6134343ebf64665e3532eaeb2641b902d51f3,True,client-c0-20260926-v1,52978479816143434905064386879476686418227294557,783449979453987906259713152317963085551763456,3085462225042003785705503162963327345423765,90908561087721966379637172466693326241792,3085462225042003785705503162963327345423765,90908561087721966379637172466693326241792,3086672869427002723108475917775029986590863,91642294941395239941480073963968076447744,15430943058365015740736434079251744650620119,10633823966279326983230456482242756608
bank_k10_seed10003,bank,10003,2,17098,25854,65.58135374847868,32.81351353403733,32.81351353403733,32.76784021444135,1408225.1953091368,0.25324391599860974,0.0,study://Client_Deletion/runs/client-c0-20260926-v1/quality/bank_k10_seed10003/quality.json,c49a36f94b8de84fadc8129adecbddeeaa30b2848f7b718773117c0dc2202dd1,1e004f481ee840217c05e96848fb3630d6b2b7ba27c5f8f3d873a617dd23d501,7d947ab1be51087c6ce5f7150de31d460f47ef60fe98286ab73a1304f261a660,True,client-c0-20260926-v1,154139130740430987066609882656902678458903702787,2350349938361963718779139456953889256655290368,5966058599223647189759844725373142049949701,181817122175443932759274344933386652483584,5966058599223647189759844725373142049949701,181817122175443932759274344933386652483584,1126095029071629720502169404199381085203005,34365860603023214978055027736488028667904,14974818831796684953777199958968190731573741,10633823966279326983230456482242756608
bank_k10_seed10004,bank,10004,0,17098,25854,86.12514344786665,43.35809340384404,42.767050044022604,43.35809340384404,1852211.1685156822,0.2529539160022978,0.0,study://Client_Deletion/runs/client-c0-20260926-v1/quality/bank_k10_seed10004/quality.json,5a639e97f055e46588342dc1c83988f5648196d87e73da77d2e58e86233c0fdf,965449e867728493a151bb848b868f1702bf0240fe2445d77d156e809225d5f1,4482a80e6dee03b1645d9d5d3ebdc5ea15e7fc0d8e3ac946447e63c9776aa1ef,False,client-c0-20260926-v1,39921139460207713,463524794990592,1175432878477,27109883904,1533502599521,35857104896,1175432878477,27109883904,3884368356475,2097152
bank_k10_seed10004,bank,10004,1,17098,25854,66.69338167725303,33.39047620569377,33.302905471559264,33.39047620569377,1432690.449574727,0.2497245829727035,0.0,study://Client_Deletion/runs/client-c0-20260926-v1/quality/bank_k10_seed10004/quality.json,5a639e97f055e46588342dc1c83988f5648196d87e73da77d2e58e86233c0fdf,c7e740c78c5aea8bd8754c2497242301111b6fe05d69ef35e507c5fceee9d6a8,3afbf11bbb9f9c0b341692a12f6a92d05566b425d1faae51a65cc2add9f34f99,True,client-c0-20260926-v1,313505571028565180894324981694730890913616311027,4700699876723927437558278913907778513310580736,73439516848219882960510827221871251330516015,2199415078593485758595521775135233834745856,48440307463358006045323189050757812023662399,1454536977403551462074194759467093219868672,73439516848219882960510827221871251330516015,2199415078593485758595521775135233834745856,60939912155788944502917008136314531677089207,42535295865117307932921825928971026432
bank_k10_seed10004,bank,10004,2,17098,25854,65.20751024784958,32.61300283069678,32.59450741715281,32.61300283069678,1400477.4630033132,0.24810349999461323,0.0,study://Client_Deletion/runs/client-c0-20260926-v1/quality/bank_k10_seed10004/quality.json,5a639e97f055e46588342dc1c83988f5648196d87e73da77d2e58e86233c0fdf,ca946d16e237f6be016e6c45e46cbd3be2f1facf913331eafc264275b33e3480,3def318e92e27b2bfd48a70b2a1a3a5bedd592ad9f5d7abf603d340dfc00f442,True,client-c0-20260926-v1,26156453152728814844390602308480922844089037406749,401126389480441808004973133986797099802502889472,765114988629829622953792010598847935136981903,23460427504997181425018898934775827570622464,3034234643104197714348263288758835193575521195,93090366553827293572748464605893966071595008,765114988629829622953792010598847935136981903,23460427504997181425018898934775827570622464,7624924574883175452071015352351922804397412613,5444517870735015415413993718908291383296
credit_k10_seed10000,credit,10000,0,5332,24369,34.756815146741644,19.77544038394023,14.981374762801416,19.77544038394023,561788.3969514966,0.11346149997552857,0.0,study://Client_Deletion/runs/client-c0-20260926-v1/quality/credit_k10_seed10000/quality.json,2720660c1294f2edfbd3b7ca20e531e88770df3946fc77b8970fd462cae7efd3,51fc4f4b70a97046f8621651f9749bfa18f7515cd831a2c3b130fcbe1a456103,8072bf70bfb51a09884719408fdba7cff240975f3354bd104471606a3b85d964,False,client-c0-20260926-v1,37884165316077695,1089978041892864,8085069687643,408843976704,670087797153,44728057856,8085069687643,408843976704,9425245281949,16777216
credit_k10_seed10000,credit,10000,1,5332,24369,26.51831240068501,13.429160572918859,13.089151827766152,13.429160572918859,397046.57154710876,0.11281012499239296,0.0,study://Client_Deletion/runs/client-c0-20260926-v1/quality/credit_k10_seed10000/quality.json,2720660c1294f2edfbd3b7ca20e531e88770df3946fc77b8970fd462cae7efd3,49ee8dcfae88c703dda7cdac20f229f3e91fa5ddd32cc9d85037796a64f91515,dbc8fa685521cc61d9d339ae88a01e30614894e9fd224d8a4f7c57669704cb95,True,client-c0-20260926-v1,381673462561394718116574715922271908507168155,14392826240011241890251633792626099574800384,18124866342388498810903673072594520267457,1349664876220108954449703093832154873856,23192156578377910476067702360719431783209,1771860918381292858580774811353699319808,18124866342388498810903673072594520267457,1349664876220108954449703093832154873856,131941354632708903341489740796286553387951,332306998946228968225951765070086144
credit_k10_seed10000,credit,10000,2,5332,24369,25.948164650222278,13.0388138096533,12.909350840568978,13.0388138096533,386575.512409355,0.11384362500393763,0.0,study://Client_Deletion/runs/client-c0-20260926-v1/quality/credit_k10_seed10000/quality.json,2720660c1294f2edfbd3b7ca20e531e88770df3946fc77b8970fd462cae7efd3,2f6d4365c78ebc483d36ad1ab313bd087a25b9ee706e18c61294e8ed57bc634e,a011236201808cf9027e3f040fe8d28b2cfb564f9ce2a84119c76f818067811e,True,client-c0-20260926-v1,17926436402776863359564701727109012936466684967,690855659520539610732078422046052779590418432,27030572584646810947422235877577632833078253,2073085249874087354034743952126189886242816,1463908751108919300970288747327550050448251,113399098776402742949169587926636756467712,27030572584646810947422235877577632833078253,2073085249874087354034743952126189886242816,32886207589082488151303390866887833034871257,85070591730234615865843651857942052864
credit_k10_seed10001,credit,10001,0,5332,24369,37.95615761568124,20.554378661185698,17.401778954495548,20.554378661185698,593675.9389798045,0.11401033401489258,0.0,study://Client_Deletion/runs/client-c0-20260926-v1/quality/credit_k10_seed10001/quality.json,2d0a081ae5b1abc444980c63ad69beff0ffbd4f33bec66c4f40ff1675fa2195b,d315784feceff9b95c6ecd8db96a689c19ac721c5065ac694ea60b4217351b0f,f2d2bb5bd67c44015cfa168285bf2b7813298f3a25546ec7e35a0457b6d99892,False,client-c0-20260926-v1,1723807431488215,45415751745536,2801177970173,136281325568,389173887937,22364028928,2801177970173,136281325568,9960229462267,16777216
credit_k10_seed10001,credit,10001,1,5332,24369,31.061687731397615,15.565664387413836,15.565664387413836,15.49602334398378,460618.7153832313,0.1138885419932194,0.0,study://Client_Deletion/runs/client-c0-20260926-v1/quality/credit_k10_seed10001/quality.json,2d0a081ae5b1abc444980c63ad69beff0ffbd4f33bec66c4f40ff1675fa2195b,c2435646423150e13e4ecfcb1ae1d01ae17ac528cdbe6be69819b03d34a5c1d1,0f29c30c3aa67296a40590b0059892fd14ce6cc26afc09fdf0eef52df8e43a91,True,client-c0-20260926-v1,5493540547454913118542250350415006973460221602117,176859048837258140347412076043789511575147118592,112968468056875274869334092919173749162937593,7257542321689775548746853627304752413933568,112968468056875274869334092919173749162937593,7257542321689775548746853627304752413933568,513993238817876883955635378857400952758551275,33169363997985397664555903234019038179885056,156740426718688039706242367944143675480372217,340282366920938463463374607431768211456
credit_k10_seed10001,credit,10001,2,5332,24369,26.068361426084678,13.105616423681273,13.105616423681273,12.962745002403405,385768.2797346371,0.11458666602266021,0.0,study://Client_Deletion/runs/client-c0-20260926-v1/quality/credit_k10_seed10001/quality.json,2d0a081ae5b1abc444980c63ad69beff0ffbd4f33bec66c4f40ff1675fa2195b,9d7b4a69b66d9b3f2573e16a92d49f4adc33d801a2f8a973885ea3d17b01bda9,7f5052507e0f43004a02e0e615475eb513d32f59d8bf9882ef940c1dae1595da,True,client-c0-20260926-v1,281398047275586327414575322405374310834611245,10794619680008431417688725344469574681100288,5805332388104213503166725705521169182433,442965229595323214645193702838424829952,5805332388104213503166725705521169182433,442965229595323214645193702838424829952,26243042443712443465098534074930408669899,2024497314330163431674554640748232310784,8012093707954164242066314945112894463083,20769187434139310514121985316880384
credit_k10_seed10002,credit,10002,0,5332,24369,40.14711377474842,21.336369974095437,18.810743800652983,21.336369974095437,620244.8858438134,0.11489404199528508,0.0,study://Client_Deletion/runs/client-c0-20260926-v1/quality/credit_k10_seed10002/quality.json,7adfc4a851a2429d3cf2a4131643c2eec98af40ac0b20b076e3e12e6c54c4650,2f9c974b6cbaf3ba76ab0fa5889d8d130ab01d0dfae7c0e957d1fb94eb2eb198,fd22de80e604896e3a7e0ed92244bc2a7233e6c02db3dc27aa034cb9ca4811e9,False,client-c0-20260926-v1,1823311352493763,45415751745536,2907748782879,136281325568,420684018515,22364028928,2907748782879,136281325568,10405982422697,16777216
credit_k10_seed10002,credit,10002,1,5332,24369,27.26494038714311,13.685123181405677,13.685123181405677,13.579817205737431,403895.64228987054,0.11367708301986568,0.0,study://Client_Deletion/runs/client-c0-20260926-v1/quality/credit_k10_seed10002/quality.json,7adfc4a851a2429d3cf2a4131643c2eec98af40ac0b20b076e3e12e6c54c4650,352498ea7906de6514999d6af53c264ae406aec18d2076c376641d3bc61d7a57,4dd96a61527e57f6a3c6d5013c106310ce599af5772d494bf11c0d5057bf08b3,True,client-c0-20260926-v1,18836138372947948470482223235810009738764102073,690855659520539610732078422046052779590418432,387970158853865318747697964706951033325805,28349774694100685737292396981659189116928,387970158853865318747697964706951033325805,28349774694100685737292396981659189116928,1759507421575038356699094436208987248245979,129567828117130459627171497007886867890176,268434697553612959430849050114492285196473,664613997892457936451903530140172288
credit_k10_seed10002,credit,10002,2,5332,24369,26.28115094888408,13.159533823136433,13.121617125747646,13.159533823136433,390649.1422504982,0.1152449159999378,0.0,study://Client_Deletion/runs/client-c0-20260926-v1/quality/credit_k10_seed10002/quality.json,7adfc4a851a2429d3cf2a4131643c2eec98af40ac0b20b076e3e12e6c54c4650,7574c17541af7d0ececf0bc62b111e47e0aa3f09eb560a11107d7bb2b1ed9fb8,f82e0d3c2850ac0fee01562a257305c6728982fe7deed4839640317b3de62a72,True,client-c0-20260926-v1,283695029246096343563384152616182231364372255,10794619680008431417688725344469574681100288,13320720441388328574969749621213401477957,1012248657165081715837277320374116155392,5812420142768731078005118907446449095303,442965229595323214645193702838424829952,13320720441388328574969749621213401477957,1012248657165081715837277320374116155392,32453861025545388227944618149873252051217,83076749736557242056487941267521536
credit_k10_seed10003,credit,10003,0,5332,24369,38.11996557419008,20.176837516320667,17.943128057869412,20.176837516320667,587362.112239778,0.11440212500747293,0.0,study://Client_Deletion/runs/client-c0-20260926-v1/quality/credit_k10_seed10003/quality.json,8be9bf4a505802aaab3465d8ae6d520b2be2f2aa600854624b7451f2701e9642,d25abea3e9c3b72d2d30e0ddd1f8f0fd2e1f66f7a679a1384bc832ed9c2aafd5,93b3c6924c9ecbe24d63e6e7de270782f526d397ddd1aaba3f446c3e49e256f5,False,client-c0-20260926-v1,2596870339598693,68123627618304,8249178487483,408843976704,401280634945,22364028928,8249178487483,408843976704,9854301027263,16777216
credit_k10_seed10003,credit,10003,1,5332,24369,26.301734987211756,13.152567897142463,13.149167090069293,13.152567897142463,390626.2860097141,0.11201979100587778,0.0,study://Client_Deletion/runs/client-c0-20260926-v1/quality/credit_k10_seed10003/quality.json,8be9bf4a505802aaab3465d8ae6d520b2be2f2aa600854624b7451f2701e9642,0d8add30f545c3002f076d28dcde5fc8369ae0da0c4712e04b5cc69aa1b49ad9,dfdaa0b4e596a05f637760ed932d8d0497ded9ae61375749d8ea526610a5892d,True,client-c0-20260926-v1,36341404942249256305203655520520939420020709005,1381711319041079221464156844092105559180836864,852074828297921294621919527239366217914343,64783914058565229813585748503943433945088,745551848837095938836528205653073032309229,56699549388201371474584793963318378233856,852074828297921294621919527239366217914343,64783914058565229813585748503943433945088,4153851162028781117324206314610537903966601,10633823966279326983230456482242756608
credit_k10_seed10003,credit,10003,2,5332,24369,25.739218024089045,12.883408018015144,12.8558100060739,12.883408018015144,382502.9489433971,0.11261345900129527,0.0,study://Client_Deletion/runs/client-c0-20260926-v1/quality/credit_k10_seed10003/quality.json,8be9bf4a505802aaab3465d8ae6d520b2be2f2aa600854624b7451f2701e9642,137e4cff581e0123ae099933f7259e9b4b1e6ec5b6abc2478ba29a7bec349e10,ec480a35519550dcd3a2794974d293e4577480525aa0d1ea5a6db52457536677,True,client-c0-20260926-v1,35564168887149995669232440640692365027439901467,1381711319041079221464156844092105559180836864,1669275195641046703460657332555232856263563,129567828117130459627171497007886867890176,728918634364720490111534771485221463672915,56699549388201371474584793963318378233856,1669275195641046703460657332555232856263563,129567828117130459627171497007886867890176,4067469025646813897032849436595687176200041,10633823966279326983230456482242756608
credit_k10_seed10004,credit,10004,0,5332,24369,33.802171311459055,18.77579350777041,15.026377803688646,18.77579350777041,537667.958440125,0.11376974999438971,0.0,study://Client_Deletion/runs/client-c0-20260926-v1/quality/credit_k10_seed10004/quality.json,91c408fb80a524d8ecd94b2df0e985eec75691c24ab17a1444633ea70be60ea2,7b4b11b4528d613887ace78ef02a7faf854c176551bef50842ac011b0db88335,73eb3bcf7e19a432e083ba4ae4969d29119a76b403b28c1a82bf47841d6192f3,False,client-c0-20260926-v1,24562416331860857,726652027928576,1279395013915,68140662784,1344201391539,89456115712,1279395013915,68140662784,9020571475029,16777216
credit_k10_seed10004,credit,10004,1,5332,24369,26.24947773585936,13.15827162840113,13.091206107458232,13.15827162840113,390456.2322774744,0.11506108299363405,0.0,study://Client_Deletion/runs/client-c0-20260926-v1/quality/credit_k10_seed10004/quality.json,91c408fb80a524d8ecd94b2df0e985eec75691c24ab17a1444633ea70be60ea2,35a0cde176c7bf6eb6bdad3fdac0729d58608c8f0a57a3978b1d9baf546e370a,fadc77ebeac708b83ab6cbd9bd5182a3ef9b43a76af3200fb2eebd286ea7d202,True,client-c0-20260926-v1,3022433375546139953922375034337817369748458747,115142609920089935122013070341008796598403072,2219907131077072671764236226330448451343,168708109527513619306212886729019359232,185566371810237863318228593723032330850753,14174887347050342868646198490829594558464,2219907131077072671764236226330448451343,168708109527513619306212886729019359232,1038010710143833769275695304633924536166465,2658455991569831745807614120560689152
credit_k10_seed10004,credit,10004,2,5332,24369,25.715980938809547,12.859198603361406,12.859198603361406,12.856782335448143,381872.1756856588,0.11105129201314412,0.0,study://Client_Deletion/runs/client-c0-20260926-v1/quality/credit_k10_seed10004/quality.json,91c408fb80a524d8ecd94b2df0e985eec75691c24ab17a1444633ea70be60ea2,33a202f8fa3063e6f7ebb3dd18936ac9cff29435fb1008134e38ff31617756e4,2a85a77fec29ad7c17e34161cabf8e7b4326f9414b9334105f809220e5708a71,True,client-c0-20260926-v1,17766030971698896248454729008279341495177784567,690855659520539610732078422046052779590418432,364555383151990074555505915902682097684187,28349774694100685737292396981659189116928,364555383151990074555505915902682097684187,28349774694100685737292396981659189116928,1665825363778704073820631159723721203434327,129567828117130459627171497007886867890176,1015190373465347074188068537813201650559257,2658455991569831745807614120560689152
