case_id,dataset,seed,T,method,A,J,N,P,S,round,abandoned_this_round,certified,failing
adult_k10_seed10000_T1,adult,10000,1,fresh,0,0,29862,0,0,0,,,
adult_k10_seed10000_T1,adult,10000,1,direct,0,0,29862,0,0,0,True,0,0
adult_k10_seed10000_T1,adult,10000,1,basic,29862,29862,29862,0,0,0,True,0,29862
adult_k10_seed10000_T1,adult,10000,1,runnerup,29862,29862,29862,0,0,0,True,0,29862
adult_k10_seed10000_T2,adult,10000,2,fresh,0,0,29862,0,0,0,,,
adult_k10_seed10000_T2,adult,10000,2,fresh,0,0,29862,0,0,1,,,
adult_k10_seed10000_T2,adult,10000,2,direct,0,0,29862,0,0,0,True,0,0
adult_k10_seed10000_T2,adult,10000,2,direct,0,0,29862,0,0,1,True,0,0
adult_k10_seed10000_T2,adult,10000,2,basic,29862,29862,29862,0,0,0,True,0,29862
adult_k10_seed10000_T2,adult,10000,2,basic,0,0,29862,0,0,1,True,0,0
adult_k10_seed10000_T2,adult,10000,2,runnerup,29862,29862,29862,0,0,0,True,0,29862
adult_k10_seed10000_T2,adult,10000,2,runnerup,0,0,29862,0,0,1,True,0,0
adult_k10_seed10001_T1,adult,10001,1,fresh,0,0,29862,0,0,0,,,
adult_k10_seed10001_T1,adult,10001,1,direct,0,0,29862,0,0,0,True,0,0
adult_k10_seed10001_T1,adult,10001,1,basic,29862,29862,29862,0,0,0,True,0,29862
adult_k10_seed10001_T1,adult,10001,1,runnerup,29862,29862,29862,0,0,0,True,0,29862
adult_k10_seed10001_T2,adult,10001,2,fresh,0,0,29862,0,0,0,,,
adult_k10_seed10001_T2,adult,10001,2,fresh,0,0,29862,0,0,1,,,
adult_k10_seed10001_T2,adult,10001,2,direct,0,0,29862,0,0,0,True,0,0
adult_k10_seed10001_T2,adult,10001,2,direct,0,0,29862,0,0,1,True,0,0
adult_k10_seed10001_T2,adult,10001,2,basic,29862,29862,29862,0,0,0,True,0,29862
adult_k10_seed10001_T2,adult,10001,2,basic,0,0,29862,0,0,1,True,0,0
adult_k10_seed10001_T2,adult,10001,2,runnerup,29862,29862,29862,0,0,0,True,0,29862
adult_k10_seed10001_T2,adult,10001,2,runnerup,0,0,29862,0,0,1,True,0,0
adult_k10_seed10002_T1,adult,10002,1,fresh,0,0,29862,0,0,0,,,
adult_k10_seed10002_T1,adult,10002,1,direct,0,0,29862,0,0,0,True,0,0
adult_k10_seed10002_T1,adult,10002,1,basic,29862,29862,29862,0,0,0,True,0,29862
adult_k10_seed10002_T1,adult,10002,1,runnerup,29862,29862,29862,0,0,0,True,0,29862
adult_k10_seed10002_T2,adult,10002,2,fresh,0,0,29862,0,0,0,,,
adult_k10_seed10002_T2,adult,10002,2,fresh,0,0,29862,0,0,1,,,
adult_k10_seed10002_T2,adult,10002,2,direct,0,0,29862,0,0,0,True,0,0
adult_k10_seed10002_T2,adult,10002,2,direct,0,0,29862,0,0,1,True,0,0
adult_k10_seed10002_T2,adult,10002,2,basic,29862,29862,29862,0,0,0,True,0,29862
adult_k10_seed10002_T2,adult,10002,2,basic,0,0,29862,0,0,1,True,0,0
adult_k10_seed10002_T2,adult,10002,2,runnerup,29862,29862,29862,0,0,0,True,0,29862
adult_k10_seed10002_T2,adult,10002,2,runnerup,0,0,29862,0,0,1,True,0,0
adult_k10_seed10003_T1,adult,10003,1,fresh,0,0,29862,0,0,0,,,
adult_k10_seed10003_T1,adult,10003,1,direct,0,0,29862,0,0,0,True,0,0
adult_k10_seed10003_T1,adult,10003,1,basic,29862,29862,29862,0,0,0,True,0,29862
adult_k10_seed10003_T1,adult,10003,1,runnerup,29862,29862,29862,0,0,0,True,0,29862
adult_k10_seed10003_T2,adult,10003,2,fresh,0,0,29862,0,0,0,,,
adult_k10_seed10003_T2,adult,10003,2,fresh,0,0,29862,0,0,1,,,
adult_k10_seed10003_T2,adult,10003,2,direct,0,0,29862,0,0,0,True,0,0
adult_k10_seed10003_T2,adult,10003,2,direct,0,0,29862,0,0,1,True,0,0
adult_k10_seed10003_T2,adult,10003,2,basic,29862,29862,29862,0,0,0,True,0,29862
adult_k10_seed10003_T2,adult,10003,2,basic,0,0,29862,0,0,1,True,0,0
adult_k10_seed10003_T2,adult,10003,2,runnerup,29862,29862,29862,0,0,0,True,0,29862
adult_k10_seed10003_T2,adult,10003,2,runnerup,0,0,29862,0,0,1,True,0,0
adult_k10_seed10004_T1,adult,10004,1,fresh,0,0,29862,0,0,0,,,
adult_k10_seed10004_T1,adult,10004,1,direct,0,0,29862,0,0,0,True,0,0
adult_k10_seed10004_T1,adult,10004,1,basic,29862,29862,29862,0,0,0,True,0,29862
adult_k10_seed10004_T1,adult,10004,1,runnerup,29862,29862,29862,0,0,0,True,0,29862
adult_k10_seed10004_T2,adult,10004,2,fresh,0,0,29862,0,0,0,,,
adult_k10_seed10004_T2,adult,10004,2,fresh,0,0,29862,0,0,1,,,
adult_k10_seed10004_T2,adult,10004,2,direct,0,0,29862,0,0,0,True,0,0
adult_k10_seed10004_T2,adult,10004,2,direct,0,0,29862,0,0,1,True,0,0
adult_k10_seed10004_T2,adult,10004,2,basic,29862,29862,29862,0,0,0,True,0,29862
adult_k10_seed10004_T2,adult,10004,2,basic,0,0,29862,0,0,1,True,0,0
adult_k10_seed10004_T2,adult,10004,2,runnerup,29862,29862,29862,0,0,0,True,0,29862
adult_k10_seed10004_T2,adult,10004,2,runnerup,0,0,29862,0,0,1,True,0,0
bank_k10_seed10000_T1,bank,10000,1,fresh,0,0,42952,0,0,0,,,
bank_k10_seed10000_T1,bank,10000,1,direct,0,0,42952,0,0,0,True,0,0
bank_k10_seed10000_T1,bank,10000,1,basic,42952,42952,42952,0,0,0,True,0,42952
bank_k10_seed10000_T1,bank,10000,1,runnerup,42952,42952,42952,0,0,0,True,0,42952
bank_k10_seed10000_T2,bank,10000,2,fresh,0,0,42952,0,0,0,,,
bank_k10_seed10000_T2,bank,10000,2,fresh,0,0,42952,0,0,1,,,
bank_k10_seed10000_T2,bank,10000,2,direct,0,0,42952,0,0,0,True,0,0
bank_k10_seed10000_T2,bank,10000,2,direct,0,0,42952,0,0,1,True,0,0
bank_k10_seed10000_T2,bank,10000,2,basic,42952,42952,42952,0,0,0,True,0,42952
bank_k10_seed10000_T2,bank,10000,2,basic,0,0,42952,0,0,1,True,0,0
bank_k10_seed10000_T2,bank,10000,2,runnerup,42952,42952,42952,0,0,0,True,0,42952
bank_k10_seed10000_T2,bank,10000,2,runnerup,0,0,42952,0,0,1,True,0,0
bank_k10_seed10001_T1,bank,10001,1,fresh,0,0,42952,0,0,0,,,
bank_k10_seed10001_T1,bank,10001,1,direct,0,0,42952,0,0,0,True,0,0
bank_k10_seed10001_T1,bank,10001,1,basic,42952,42952,42952,0,0,0,True,0,42952
bank_k10_seed10001_T1,bank,10001,1,runnerup,42952,42952,42952,0,0,0,True,0,42952
bank_k10_seed10001_T2,bank,10001,2,fresh,0,0,42952,0,0,0,,,
bank_k10_seed10001_T2,bank,10001,2,fresh,0,0,42952,0,0,1,,,
bank_k10_seed10001_T2,bank,10001,2,direct,0,0,42952,0,0,0,True,0,0
bank_k10_seed10001_T2,bank,10001,2,direct,0,0,42952,0,0,1,True,0,0
bank_k10_seed10001_T2,bank,10001,2,basic,42952,42952,42952,0,0,0,True,0,42952
bank_k10_seed10001_T2,bank,10001,2,basic,0,0,42952,0,0,1,True,0,0
bank_k10_seed10001_T2,bank,10001,2,runnerup,42952,42952,42952,0,0,0,True,0,42952
bank_k10_seed10001_T2,bank,10001,2,runnerup,0,0,42952,0,0,1,True,0,0
bank_k10_seed10002_T1,bank,10002,1,fresh,0,0,42952,0,0,0,,,
bank_k10_seed10002_T1,bank,10002,1,direct,0,0,42952,0,0,0,True,0,0
bank_k10_seed10002_T1,bank,10002,1,basic,42952,42952,42952,0,0,0,True,0,42952
bank_k10_seed10002_T1,bank,10002,1,runnerup,42952,42952,42952,0,0,0,True,0,42952
bank_k10_seed10002_T2,bank,10002,2,fresh,0,0,42952,0,0,0,,,
bank_k10_seed10002_T2,bank,10002,2,fresh,0,0,42952,0,0,1,,,
bank_k10_seed10002_T2,bank,10002,2,direct,0,0,42952,0,0,0,True,0,0
bank_k10_seed10002_T2,bank,10002,2,direct,0,0,42952,0,0,1,True,0,0
bank_k10_seed10002_T2,bank,10002,2,basic,42952,42952,42952,0,0,0,True,0,42952
bank_k10_seed10002_T2,bank,10002,2,basic,0,0,42952,0,0,1,True,0,0
bank_k10_seed10002_T2,bank,10002,2,runnerup,42952,42952,42952,0,0,0,True,0,42952
bank_k10_seed10002_T2,bank,10002,2,runnerup,0,0,42952,0,0,1,True,0,0
bank_k10_seed10003_T1,bank,10003,1,fresh,0,0,42952,0,0,0,,,
bank_k10_seed10003_T1,bank,10003,1,direct,0,0,42952,0,0,0,True,0,0
bank_k10_seed10003_T1,bank,10003,1,basic,42952,42952,42952,0,0,0,True,0,42952
bank_k10_seed10003_T1,bank,10003,1,runnerup,42952,42952,42952,0,0,0,True,0,42952
bank_k10_seed10003_T2,bank,10003,2,fresh,0,0,42952,0,0,0,,,
bank_k10_seed10003_T2,bank,10003,2,fresh,0,0,42952,0,0,1,,,
bank_k10_seed10003_T2,bank,10003,2,direct,0,0,42952,0,0,0,True,0,0
bank_k10_seed10003_T2,bank,10003,2,direct,0,0,42952,0,0,1,True,0,0
bank_k10_seed10003_T2,bank,10003,2,basic,42952,42952,42952,0,0,0,True,0,42952
bank_k10_seed10003_T2,bank,10003,2,basic,0,0,42952,0,0,1,True,0,0
bank_k10_seed10003_T2,bank,10003,2,runnerup,42952,42952,42952,0,0,0,True,0,42952
bank_k10_seed10003_T2,bank,10003,2,runnerup,0,0,42952,0,0,1,True,0,0
bank_k10_seed10004_T1,bank,10004,1,fresh,0,0,42952,0,0,0,,,
bank_k10_seed10004_T1,bank,10004,1,direct,0,0,42952,0,0,0,True,0,0
bank_k10_seed10004_T1,bank,10004,1,basic,42952,42952,42952,0,0,0,True,0,42952
bank_k10_seed10004_T1,bank,10004,1,runnerup,42952,42952,42952,0,0,0,True,0,42952
bank_k10_seed10004_T2,bank,10004,2,fresh,0,0,42952,0,0,0,,,
bank_k10_seed10004_T2,bank,10004,2,fresh,0,0,42952,0,0,1,,,
bank_k10_seed10004_T2,bank,10004,2,direct,0,0,42952,0,0,0,True,0,0
bank_k10_seed10004_T2,bank,10004,2,direct,0,0,42952,0,0,1,True,0,0
bank_k10_seed10004_T2,bank,10004,2,basic,42952,42952,42952,0,0,0,True,0,42952
bank_k10_seed10004_T2,bank,10004,2,basic,0,0,42952,0,0,1,True,0,0
bank_k10_seed10004_T2,bank,10004,2,runnerup,42952,42952,42952,0,0,0,True,0,42952
bank_k10_seed10004_T2,bank,10004,2,runnerup,0,0,42952,0,0,1,True,0,0
credit_k10_seed10000_T1,credit,10000,1,fresh,0,0,29701,0,0,0,,,
credit_k10_seed10000_T1,credit,10000,1,direct,0,0,29701,0,0,0,True,0,0
credit_k10_seed10000_T1,credit,10000,1,basic,29701,29701,29701,0,0,0,True,0,29701
credit_k10_seed10000_T1,credit,10000,1,runnerup,29701,29701,29701,0,0,0,True,0,29701
credit_k10_seed10000_T2,credit,10000,2,fresh,0,0,29701,0,0,0,,,
credit_k10_seed10000_T2,credit,10000,2,fresh,0,0,29701,0,0,1,,,
credit_k10_seed10000_T2,credit,10000,2,direct,0,0,29701,0,0,0,True,0,0
credit_k10_seed10000_T2,credit,10000,2,direct,0,0,29701,0,0,1,True,0,0
credit_k10_seed10000_T2,credit,10000,2,basic,29701,29701,29701,0,0,0,True,0,29701
credit_k10_seed10000_T2,credit,10000,2,basic,0,0,29701,0,0,1,True,0,0
credit_k10_seed10000_T2,credit,10000,2,runnerup,29701,29701,29701,0,0,0,True,0,29701
credit_k10_seed10000_T2,credit,10000,2,runnerup,0,0,29701,0,0,1,True,0,0
credit_k10_seed10001_T1,credit,10001,1,fresh,0,0,29701,0,0,0,,,
credit_k10_seed10001_T1,credit,10001,1,direct,0,0,29701,0,0,0,True,0,0
credit_k10_seed10001_T1,credit,10001,1,basic,29701,29701,29701,0,0,0,True,0,29701
credit_k10_seed10001_T1,credit,10001,1,runnerup,29701,29701,29701,0,0,0,True,0,29701
credit_k10_seed10001_T2,credit,10001,2,fresh,0,0,29701,0,0,0,,,
credit_k10_seed10001_T2,credit,10001,2,fresh,0,0,29701,0,0,1,,,
credit_k10_seed10001_T2,credit,10001,2,direct,0,0,29701,0,0,0,True,0,0
credit_k10_seed10001_T2,credit,10001,2,direct,0,0,29701,0,0,1,True,0,0
credit_k10_seed10001_T2,credit,10001,2,basic,29701,29701,29701,0,0,0,True,0,29701
credit_k10_seed10001_T2,credit,10001,2,basic,0,0,29701,0,0,1,True,0,0
credit_k10_seed10001_T2,credit,10001,2,runnerup,29701,29701,29701,0,0,0,True,0,29701
credit_k10_seed10001_T2,credit,10001,2,runnerup,0,0,29701,0,0,1,True,0,0
credit_k10_seed10002_T1,credit,10002,1,fresh,0,0,29701,0,0,0,,,
credit_k10_seed10002_T1,credit,10002,1,direct,0,0,29701,0,0,0,True,0,0
credit_k10_seed10002_T1,credit,10002,1,basic,29701,29701,29701,0,0,0,True,0,29701
credit_k10_seed10002_T1,credit,10002,1,runnerup,29701,29701,29701,0,0,0,True,0,29701
credit_k10_seed10002_T2,credit,10002,2,fresh,0,0,29701,0,0,0,,,
credit_k10_seed10002_T2,credit,10002,2,fresh,0,0,29701,0,0,1,,,
credit_k10_seed10002_T2,credit,10002,2,direct,0,0,29701,0,0,0,True,0,0
credit_k10_seed10002_T2,credit,10002,2,direct,0,0,29701,0,0,1,True,0,0
credit_k10_seed10002_T2,credit,10002,2,basic,29701,29701,29701,0,0,0,True,0,29701
credit_k10_seed10002_T2,credit,10002,2,basic,0,0,29701,0,0,1,True,0,0
credit_k10_seed10002_T2,credit,10002,2,runnerup,29701,29701,29701,0,0,0,True,0,29701
credit_k10_seed10002_T2,credit,10002,2,runnerup,0,0,29701,0,0,1,True,0,0
credit_k10_seed10003_T1,credit,10003,1,fresh,0,0,29701,0,0,0,,,
credit_k10_seed10003_T1,credit,10003,1,direct,0,0,29701,0,0,0,True,0,0
credit_k10_seed10003_T1,credit,10003,1,basic,29701,29701,29701,0,0,0,True,0,29701
credit_k10_seed10003_T1,credit,10003,1,runnerup,29701,29701,29701,0,0,0,True,0,29701
credit_k10_seed10003_T2,credit,10003,2,fresh,0,0,29701,0,0,0,,,
credit_k10_seed10003_T2,credit,10003,2,fresh,0,0,29701,0,0,1,,,
credit_k10_seed10003_T2,credit,10003,2,direct,0,0,29701,0,0,0,True,0,0
credit_k10_seed10003_T2,credit,10003,2,direct,0,0,29701,0,0,1,True,0,0
credit_k10_seed10003_T2,credit,10003,2,basic,29701,29701,29701,0,0,0,True,0,29701
credit_k10_seed10003_T2,credit,10003,2,basic,0,0,29701,0,0,1,True,0,0
credit_k10_seed10003_T2,credit,10003,2,runnerup,29701,29701,29701,0,0,0,True,0,29701
credit_k10_seed10003_T2,credit,10003,2,runnerup,0,0,29701,0,0,1,True,0,0
credit_k10_seed10004_T1,credit,10004,1,fresh,0,0,29701,0,0,0,,,
credit_k10_seed10004_T1,credit,10004,1,direct,0,0,29701,0,0,0,True,0,0
credit_k10_seed10004_T1,credit,10004,1,basic,29701,29701,29701,0,0,0,True,0,29701
credit_k10_seed10004_T1,credit,10004,1,runnerup,29701,29701,29701,0,0,0,True,0,29701
credit_k10_seed10004_T2,credit,10004,2,fresh,0,0,29701,0,0,0,,,
credit_k10_seed10004_T2,credit,10004,2,fresh,0,0,29701,0,0,1,,,
credit_k10_seed10004_T2,credit,10004,2,direct,0,0,29701,0,0,0,True,0,0
credit_k10_seed10004_T2,credit,10004,2,direct,0,0,29701,0,0,1,True,0,0
credit_k10_seed10004_T2,credit,10004,2,basic,29701,29701,29701,0,0,0,True,0,29701
credit_k10_seed10004_T2,credit,10004,2,basic,0,0,29701,0,0,1,True,0,0
credit_k10_seed10004_T2,credit,10004,2,runnerup,29701,29701,29701,0,0,0,True,0,29701
credit_k10_seed10004_T2,credit,10004,2,runnerup,0,0,29701,0,0,1,True,0,0
