dataset,T,method,seeds,repetitions_per_seed,algorithm_seconds_mean_paired_ratio,algorithm_seconds_ratio_total_seed_medians,algorithm_seconds_ratio_total_observed,algorithm_seconds_seed_min,algorithm_seconds_seed_max,algorithm_seconds_wins,algorithm_seconds_losses,algorithm_seconds_ties,e2e_seconds_mean_paired_ratio,e2e_seconds_ratio_total_seed_medians,e2e_seconds_ratio_total_observed,e2e_seconds_seed_min,e2e_seconds_seed_max,e2e_seconds_wins,e2e_seconds_losses,e2e_seconds_ties,cold_launch_e2e_seconds_mean_paired_ratio,cold_launch_e2e_seconds_ratio_total_seed_medians,cold_launch_e2e_seconds_ratio_total_observed,cold_launch_e2e_seconds_seed_min,cold_launch_e2e_seconds_seed_max,cold_launch_e2e_seconds_wins,cold_launch_e2e_seconds_losses,cold_launch_e2e_seconds_ties,ideal_parallel_compute_seconds_mean_paired_ratio,ideal_parallel_compute_seconds_ratio_total_seed_medians,ideal_parallel_compute_seconds_ratio_total_observed,ideal_parallel_compute_seconds_seed_min,ideal_parallel_compute_seconds_seed_max,ideal_parallel_compute_seconds_wins,ideal_parallel_compute_seconds_losses,ideal_parallel_compute_seconds_ties
adult,0,none,5,4,4.116257912930978,4.113012994289627,4.118904246069302,3.9003044125774093,4.2125749869582005,5,0,0,3.306277775852627,3.3044157531309666,3.303993969242808,3.155785841660515,3.3675662453425637,5,0,0,2.2533771199830572,2.2530507271536306,2.2495942302884324,2.2010070188577027,2.2853128262151294,5,0,0,1.0651236435644122,1.062971324755419,1.063968214472323,0.990193054122913,1.1436189390437883,4,1,0
adult,0,basic,5,4,4.105158793123253,4.10280431178876,4.101414750662506,3.9200902677978275,4.215179550388067,5,0,0,3.2844367172801294,3.283088785576814,3.2841841928737296,3.165408153084926,3.3689587878928595,5,0,0,2.23600206197167,2.235825837876911,2.2370740951870647,2.1938949810960255,2.264361629693995,5,0,0,1.060919190730004,1.0589434475546056,1.0591571646819073,0.9853388550070666,1.1179124101825937,4,1,0
adult,0,runnerup,5,4,4.118742343728991,4.115489795932846,4.110010419225362,3.9147310555258805,4.241968954015854,5,0,0,3.3008946455965673,3.299401919253477,3.2962661086558733,3.185386598468474,3.389395835083302,5,0,0,2.2483012827914326,2.247971480867866,2.2445252408371585,2.206444069429126,2.292639970717784,5,0,0,1.0595438726654884,1.057234906340851,1.0598415377567119,0.9697162258487385,1.123398649094906,4,1,0
adult,1,none,5,4,1.740583287120226,1.7403738796683774,1.7413533364985545,1.7094307531263013,1.7632922114798708,5,0,0,1.6472325412098205,1.64706763108397,1.647104255236916,1.6227032457712771,1.667981422432812,5,0,0,1.5218166748984525,1.5216879293424925,1.5204352576589184,1.5059543552347594,1.5479573027734947,5,0,0,1.0116742912565007,1.0116511862119737,1.0109641689711826,1.007491036790103,1.0147744288503397,5,0,0
adult,1,basic,5,4,1.0491300316425427,1.0490982913009936,1.049599457373901,1.0381663031408621,1.0563086937007522,5,0,0,1.023827768526626,1.0238025097785408,1.0240361082822487,1.0143642690226373,1.0308341310592668,5,0,0,1.0206784817863874,1.0206612305378955,1.0207821034728737,1.011788450631676,1.0271369192354791,5,0,0,0.832572854926474,0.8325787981794357,0.8322839634649966,0.8301397185470861,0.8364881276534573,0,5,0
adult,1,runnerup,5,4,1.0434884446766184,1.0434040249000853,1.0440568619569994,1.030021534140478,1.0559917815618416,5,0,0,1.0186548523378658,1.0185828738265343,1.019100067940151,1.007303845434076,1.030078746980795,5,0,0,1.0167573212062264,1.0167076489727462,1.0164062421804396,1.0064288540676536,1.0270446519388794,5,0,0,0.8323992251885226,0.8324108650771681,0.831475262882126,0.8266829477968827,0.841130047644185,0,5,0
adult,2,none,5,4,1.4193523687994032,1.4192633821279281,1.4205025520678434,1.4030061588084666,1.429350546102152,5,0,0,1.3732912840474236,1.3732069828746278,1.3736985207806578,1.358392153024852,1.3830109529514956,5,0,0,1.3273870271852077,1.327329333580308,1.3273475918742776,1.3147884016739677,1.3353356603796505,5,0,0,1.0075723233922877,1.007585448400487,1.0077032457225297,1.000505669739917,1.015434413320018,5,0,0
adult,2,basic,5,4,1.0331676731802513,1.0331330607713243,1.0334774600873164,1.0233683280328916,1.037696088448387,5,0,0,1.0130321994055793,1.0129963202584136,1.013562894830007,1.0037146118703981,1.0178460665003803,5,0,0,1.0114931943442997,1.0114469772882082,1.0126147134586816,1.00086588791803,1.0185397628951425,5,0,0,0.9017668475448238,0.9017845977450877,0.9024459670955235,0.8958564262875787,0.907295531810126,0,5,0
adult,2,runnerup,5,4,1.0307984513465434,1.0307599540259815,1.0314430293251744,1.0203880797108371,1.0368263803866378,5,0,0,1.0108859555691252,1.0108502926984662,1.0115808240408073,1.0015205885980527,1.016897844706712,5,0,0,1.0108770906183895,1.010846691102004,1.0108639502564412,1.0026441256924772,1.014731550411121,5,0,0,0.9041619308787796,0.9041671558396908,0.9045055750009794,0.9001022917219631,0.9077105226665613,0,5,0
bank,0,none,5,4,1.3953627445812016,1.3931541418351456,1.3904848677275639,1.3140812573732243,1.4528647015522203,5,0,0,1.349257591867368,1.3473323505304533,1.3447225089324104,1.2735496834282765,1.4007205850376523,5,0,0,1.2589049761474072,1.25811262678598,1.2525906387209793,1.206701021483212,1.2891902469071623,5,0,0,1.0979784175355305,1.0714892245988057,1.0658762425830883,0.9896992083807503,1.4756522898310684,4,1,0
bank,0,basic,5,4,1.3991016864403854,1.3968050236579599,1.393865831686149,1.3057641450827617,1.4647628214236135,5,0,0,1.3529180943729908,1.3508839838433686,1.3487567275546133,1.2664900944018551,1.413987695770504,5,0,0,1.2573090655605608,1.2563878060083644,1.2544272127191427,1.200725171094343,1.2898606474623984,5,0,0,1.0950818485175053,1.0679897206656208,1.060394429478126,0.9833227343600695,1.477178940035189,3,2,0
bank,0,runnerup,5,4,1.3943197498376187,1.3918689319645703,1.393699276595947,1.30809905555168,1.4602142795303965,5,0,0,1.349147166366875,1.3469661642619568,1.3484826192146833,1.2661411037066321,1.4094264068703886,5,0,0,1.2548615618652483,1.253421515981749,1.252683316717214,1.1938530604180018,1.2941911810374658,5,0,0,1.109239125526172,1.084514444849855,1.0757099550330762,1.0123707169749012,1.4754352685320813,5,0,0
bank,1,none,5,4,1.2302721173146707,1.2297474382717264,1.2276503966367702,1.1969059817551957,1.2734007842087913,5,0,0,1.204939866914428,1.2044565934867626,1.202873849230361,1.1726587180704744,1.2470850746022897,5,0,0,1.170112953620037,1.1697715907255761,1.1688756165757739,1.1403210237098185,1.2071129561439657,5,0,0,1.0281491783354044,1.0261484431374703,1.0257878494516903,0.9953099345707803,1.1306360576339658,4,1,0
bank,1,basic,5,4,0.889259519408055,0.8890720903900448,0.8894796375600138,0.8689071835942154,0.9044775345912037,0,5,0,0.8807665923454062,0.8805850186909785,0.8810660323129056,0.8601981164909064,0.8953636330110107,0,5,0,0.8982701497550682,0.8981230867385623,0.8980026943775271,0.8784037507072691,0.9143187431839797,0,5,0,0.8993838120020677,0.8983253895605697,0.8997300510217019,0.8789826890176946,0.9705348992183798,0,5,0
bank,1,runnerup,5,4,0.8920099281222408,0.891679889863513,0.8900965011513485,0.8680725826667067,0.9239507959511164,0,5,0,0.8838623262776168,0.8835401063111089,0.8819905119679864,0.8598299628481442,0.9159461424764163,0,5,0,0.9021764236215499,0.9019216784916659,0.9000553040301799,0.8804708326201992,0.9330377042113694,0,5,0,0.9044722043256724,0.9028180038713721,0.902036815126748,0.8804160752209164,0.9918110837407765,0,5,0
bank,2,none,5,4,1.1638354898333574,1.163565904098279,1.1614821603022825,1.1403589198313444,1.189129310464681,5,0,0,1.1447562771377278,1.1445084271401724,1.1423853391482977,1.1223430955032072,1.1687123075175592,5,0,0,1.121778081103717,1.1215735116719057,1.1210790012057525,1.1044913165038697,1.1444017479260453,5,0,0,1.0280086054994475,1.027338804765644,1.0248279697629572,1.003761466493177,1.0878866151480058,5,0,0
bank,2,basic,5,4,0.9170662797952778,0.9169871442255403,0.9166185632242869,0.9042655075453337,0.9322990977786114,0,5,0,0.9085201813801009,0.9084481017876225,0.9080791247498998,0.8964297147508854,0.9228672628466814,0,5,0,0.9182100090753824,0.9181379880902676,0.9186034663608872,0.9079085705167542,0.9326657004817982,0,5,0,0.9448304491813537,0.9442982357572324,0.9425584833365196,0.9176738506390977,0.9932336456787244,0,5,0
bank,2,runnerup,5,4,0.914033822476214,0.913993094664497,0.9138965748141018,0.9014745997552719,0.9192202139375205,0,5,0,0.905439174249932,0.9054025014431265,0.9053141497204319,0.8935358317124482,0.910489505794565,0,5,0,0.9152706583958242,0.9152473454586747,0.9157849760318384,0.9070780028144693,0.91906795608446,0,5,0,0.9372827887627757,0.9370115651158963,0.9378596536768817,0.9162219592890604,0.9724442530210108,0,5,0
credit,0,none,5,4,3.705316131278196,3.7010095688405777,3.6964036368845465,3.5005067038623663,3.927418463529031,5,0,0,3.211540679669848,3.2093542639047508,3.2003264641691036,3.076126887401108,3.3625754803772026,5,0,0,1.9858255697946443,1.9857437888629248,1.9865831650410346,1.9657556964381728,2.014155497955813,5,0,0,1.05674965874271,1.0555552467036093,1.0541974388024182,1.0218527323592788,1.1228087676286211,5,0,0
credit,0,basic,5,4,3.7224850816403428,3.718061593998113,3.7088299033184025,3.525504312931011,3.957762041708721,5,0,0,3.222973395227683,3.2213047830737245,3.2141597467680847,3.099207167225456,3.3532813410464635,5,0,0,1.9956584230601997,1.9954084894955102,1.9908355083349631,1.9707516338311948,2.02105524531021,5,0,0,1.0570440938321068,1.056168796461609,1.0543296422225263,1.0228209920036961,1.111608397311246,5,0,0
credit,0,runnerup,5,4,3.7046692030747184,3.7007093894319447,3.686664177469303,3.502633549832946,3.9092907017208436,5,0,0,3.206204165676791,3.2042764217409285,3.1868255821488125,3.064105816878723,3.310869881208295,5,0,0,1.9950374475697803,1.9947553397965656,1.9876231370837745,1.9497897691751351,2.0268399291429775,5,0,0,1.050453370622906,1.0492185794321118,1.0511950911399817,1.012670715299504,1.1140196167439416,5,0,0
credit,1,none,5,4,1.9644416863326977,1.9642184254818849,1.9665206154126207,1.9269161801153816,2.0021017966046983,5,0,0,1.8516836169649535,1.851529969648664,1.8531855136697606,1.822517044365661,1.882751231534595,5,0,0,1.5781674756345618,1.578118307978345,1.5755160082374695,1.5659773064126847,1.5940731576896237,5,0,0,1.0079987832870743,1.0078040816086888,1.0128031508820787,0.9900246920302099,1.0303579883388578,4,1,0
credit,1,basic,5,4,1.1958481958411067,1.1957688293132667,1.1948199632321637,1.1858157018611033,1.2224036957919513,5,0,0,1.1623128465786263,1.1622378367126776,1.1607315684654969,1.1528660494150371,1.1869761727357129,5,0,0,1.125711784313049,1.1256595374691596,1.1221273002220793,1.1142507806028166,1.1429200351872144,5,0,0,0.8476316184290508,0.847630222588073,0.8469468415566966,0.8384564272646051,0.8585473512236557,0,5,0
credit,1,runnerup,5,4,1.1888006615776565,1.1887088084261441,1.1888846119541654,1.1691693123560016,1.2062327599649678,5,0,0,1.1542967297239382,1.154240725241448,1.1550350770196032,1.1393902909120714,1.1655234180935483,5,0,0,1.1183597520573434,1.1183335732822426,1.1186317517193207,1.110324981608897,1.1244134531785404,5,0,0,0.8469028397654318,0.8467977125768564,0.8494209855877839,0.8389942001675843,0.8668294627315962,0,5,0
credit,2,none,5,4,1.5887954492135465,1.588669883564152,1.5918063432228644,1.5754553776353781,1.614006550505858,5,0,0,1.5248653735710307,1.5247650330421176,1.5266730988726738,1.5132699027298362,1.546533121830895,5,0,0,1.4070205316888984,1.4069471235899116,1.4058157551610553,1.392862583577729,1.4208995691941049,5,0,0,1.003760186495277,1.003737607029877,1.0025622878859208,0.9961524095517628,1.0112026078882885,3,2,0
credit,2,basic,5,4,1.1427862899197703,1.1427379060524234,1.1438000631275875,1.132300852715265,1.1528044235667645,5,0,0,1.114039663856113,1.1139953407869958,1.1148171324315765,1.1037261583323243,1.1227497018710653,5,0,0,1.0925417245938813,1.0925108800394585,1.0932146327982044,1.0839470233615494,1.100192670901561,5,0,0,0.8988110308488408,0.8987833770797337,0.8981460146674206,0.8912472106070372,0.9097761658832676,0,5,0
credit,2,runnerup,5,4,1.1358264075673634,1.1357882902243672,1.1368724820274603,1.1281006013941612,1.1449420579481255,5,0,0,1.107228735582574,1.1071936180864688,1.1081923593848775,1.0990823877774831,1.1159003534943677,5,0,0,1.0867512277347873,1.0867171006333567,1.086713619416418,1.0753523368846747,1.0952233932295243,5,0,0,0.8994776841418926,0.8994631769793037,0.8977061454450759,0.8945847791810438,0.908113879241497,0,5,0
