dataset,seed,T,checkpoint_algorithm_seconds,setup_seconds,input_loading_seconds,checkpoint_output_seconds,checkpoint_bytes,startup_seconds,cache_construction_seconds
adult,10000,0,0.25745241600088775,0.29775608400814235,0.0033953750098589808,0.03373433300293982,55030621,0.06520700454711914,0.0
adult,10000,1,0.44834499998250976,0.4818012500181794,0.0035425000241957605,0.024981541995657608,56520144,0.06978893280029297,3.3877993701025844e-05
adult,10000,2,0.6442720829800237,0.6800719170132652,0.003319292009109631,0.02572954201605171,58009655,0.06813502311706543,6.949293310754001e-05
adult,10001,0,0.25236466599744745,0.27627929201116785,0.0034453750122338533,0.017205750016728416,55030624,0.06963396072387695,0.0
adult,10001,1,0.4524249999958556,0.48731004202272743,0.0035345000214874744,0.026332917012041435,56520571,0.06773877143859863,3.266488783992827e-05
adult,10001,2,0.6542115840129554,0.6910156249941792,0.003633749991422519,0.02466654102317989,58010526,0.06940174102783203,6.912212120369077e-05
adult,10002,0,0.2546054160047788,0.2754564580100123,0.0034987920080311596,0.013861582992831245,55030625,0.0702199935913086,0.0
adult,10002,1,0.4536583329900168,0.4785515000112355,0.0033766250126063824,0.01632145798066631,56520471,0.06964707374572754,3.7668010918423533e-05
adult,10002,2,0.6507890420034528,0.6807877499959432,0.0036911249917466193,0.019330915994942188,58010327,0.07033300399780273,6.966371438466012e-05
adult,10003,0,0.257104041025741,0.2801960000069812,0.0034556660102680326,0.016371458012145013,55030623,0.0695180892944336,0.0
adult,10003,1,0.45241250001708977,0.48222200002055615,0.0036282500077504665,0.02079750000848435,56520449,0.07046389579772949,3.5251141525804996e-05
adult,10003,2,0.6552863749966491,0.6934932500007562,0.003616457979660481,0.027848416997585446,58010293,0.07003092765808105,6.866181502118707e-05
adult,10004,0,0.2556130829907488,0.27996529097435996,0.0033003329881466925,0.017813000013120472,55030623,0.06924581527709961,0.0
adult,10004,1,0.4551813339930959,0.47505716601153836,0.0036708330153487623,0.011122750001959503,56520507,0.07100200653076172,3.195588942617178e-05
adult,10004,2,0.6526325830200221,0.6857589579885826,0.003566958010196686,0.022605667007155716,58010410,0.06984710693359375,6.891772500239313e-05
bank,10000,0,0.23744733299827203,0.2525757919938769,0.0020274999842513353,0.010219415999017656,31178470,0.07026481628417969,0.0
bank,10000,1,0.36807745799887925,0.38369454100029543,0.0019383330072741956,0.010366250004153699,33361256,0.070343017578125,1.0543997632339597e-05
bank,10000,2,0.5010912919824477,0.5202245839755051,0.001990999997360632,0.012856749992351979,35544017,0.06952905654907227,2.266603405587375e-05
bank,10001,0,0.24005383299663663,0.2503758340026252,0.001941124995937571,0.005610082997009158,31178477,0.06920599937438965,0.0
bank,10001,1,0.38344962502014823,0.3957432499737479,0.0019859579915646464,0.006661040999460965,33361259,0.07330608367919922,1.783602056093514e-05
bank,10001,2,0.5025430839741603,0.5225476670020726,0.0018945420160889626,0.013747666991548613,35544015,0.06886696815490723,2.5164976250380278e-05
bank,10002,0,0.23945183301111683,0.24986925002303906,0.002045416011242196,0.005747250019339845,31178484,0.07107210159301758,0.0
bank,10002,1,0.36952658399241045,0.38115337502676994,0.0020686250063590705,0.006040583975845948,33361175,0.07061767578125,1.0457995813339949e-05
bank,10002,2,0.504430750006577,0.5173523749981541,0.001988957985304296,0.006765541998902336,35543939,0.06914901733398438,2.295794547535479e-05
bank,10003,0,0.2462142500153277,0.25590441600070335,0.0019337499979883432,0.0049447079945821315,31178484,0.07375693321228027,0.0
bank,10003,1,0.3695375000243075,0.38609808299224824,0.0020383749797474593,0.010907917021540925,33361267,0.07013797760009766,1.3042037608101964e-05
bank,10003,2,0.4998765000200365,0.5130877910123672,0.001948125020135194,0.0070589160022791475,35544031,0.06922388076782227,2.483100979588926e-05
bank,10004,0,0.24028587498469278,0.25477808399591595,0.0019109169952571392,0.009718165994854644,31178471,0.0744788646697998,0.0
bank,10004,1,0.37219433300197124,0.3845307079900522,0.002179000002797693,0.006529875012347475,33361273,0.06800103187561035,1.1710042599588633e-05
bank,10004,2,0.4990140840236563,0.5121976250084117,0.0019777080160565674,0.007080584007780999,35544042,0.06983804702758789,2.3543951101601124e-05
credit,10000,0,0.17682354198768735,0.18539475000579841,0.001336790999630466,0.0046245830017142,12508311,0.07459211349487305,0.0
credit,10000,1,0.26192958297906443,0.2736204589891713,0.001377624983433634,0.007282790989847854,13976367,0.07292699813842773,3.054100670851767e-05
credit,10000,2,0.34684312500758097,0.3593463339784648,0.0012354170030448586,0.00781345900031738,15444385,0.06642794609069824,6.796012166887522e-05
credit,10001,0,0.1755008329928387,0.1849993329960853,0.0012186669919174165,0.005931291991146281,12508311,0.06731200218200684,0.0
credit,10001,1,0.2576640000042971,0.2691894590097945,0.001340624992735684,0.007332999986829236,13976227,0.06686782836914062,2.920677070505917e-05
credit,10001,2,0.3381013750040438,0.3502896249992773,0.0012572919949889183,0.007656583999050781,15444109,0.0688791275024414,5.8786943554878235e-05
credit,10002,0,0.17747341599897482,0.18715424998663366,0.0012684169923886657,0.005989250028505921,12508311,0.06804418563842773,0.0
credit,10002,1,0.2586741659906693,0.2691476670152042,0.0012236250040587038,0.006312749988865107,13976365,0.06697797775268555,2.874905476346612e-05
credit,10002,2,0.3455881249974482,0.35801129197352566,0.0012153329735156149,0.00808408300508745,15444370,0.06682395935058594,6.0163933085277677e-05
credit,10003,0,0.17301358398981392,0.1819437500089407,0.0013101660006213933,0.005157542007509619,12508311,0.06826901435852051,0.0
credit,10003,1,0.25661733400193043,0.2668049590138253,0.0011992090148851275,0.006260499998461455,13976347,0.06748795509338379,3.087311051785946e-05
credit,10003,2,0.3457661659922451,0.3572887080081273,0.0012555000139400363,0.0069778340111952275,15444356,0.06745600700378418,6.846114411018789e-05
credit,10004,0,0.17438916701939888,0.18742062500678003,0.001351958024315536,0.009035916009452194,12508311,0.07073688507080078,0.0
credit,10004,1,0.2560274580027908,0.27067724999506027,0.001226332999067381,0.0102884579973761,13976247,0.07115030288696289,2.6121997507289052e-05
credit,10004,2,0.34136966700316407,0.35391633299877867,0.0013536250044126064,0.0077979999769013375,15444150,0.07043623924255371,6.094222771935165e-05
