dataset,T,method,observations,input_loading_seconds,retained_materialization_seconds,checkpoint_loading_seconds,gc_seconds,algorithm_seconds,witness_construction_seconds,output_serialization_seconds,request_other_seconds,encoding_seconds,internal_materialization_seconds,phase1_client_seconds,phase1_server_seconds,phase2_certify_seconds,phase2_recompute_seconds,phase2_server_seconds,shift_bounds_seconds,algorithm_other_seconds,failed_assignment_seconds,fallback_sunk_seconds,fallback_rebuild_seconds
adult,0,fresh,20,0.003465618701011408,0.0024093084037303926,0.0,0.0018368894525337964,0.25476545204728607,0.00043160005152458324,0.001155841648869682,6.667929992545396e-05,0.0083738979024929,0.0,0.2343295868980931,0.008401029248489067,0.0,0.0,0.0,0.0,0.003660937998211011,0.0,0.0,0.0
adult,0,none,20,0.003413929203816224,0.002457314499770291,0.008687410499260296,0.0018328771519009023,0.061852725100470705,0.00043256055214442314,0.0011986271507339551,6.761629047105088e-05,0.0,0.005477864650310948,0.04469614459958393,0.008543927103164605,0.0,0.0,0.0,0.0,0.0031347887474112214,0.0,0.0,0.0
adult,0,basic,20,0.003474112598632928,0.0024624834521091545,0.008824925098451786,0.001872095746512059,0.062116481149860195,0.00043462299654493106,0.001170464752067346,7.008090615272522e-05,0.0,0.005523849900055211,0.04492382429307327,0.008543399903282988,0.0,0.0,0.0,0.0,0.0031254070534487257,0.0,0.0,0.0
adult,0,runnerup,20,0.003500226950563956,0.0024469166513881647,0.008660454156051855,0.001850822998676449,0.06198657085042214,0.00044547079887706785,0.0011685207966365852,7.149804441723973e-05,0.0,0.005487568702665158,0.04484699115419062,0.008565491752233357,0.0,0.0,0.0,0.0,0.0030865192413330076,0.0,0.0,0.0
adult,1,fresh,20,0.0034583354470669294,0.0024739021522691474,0.0,0.0018259627526276746,0.4544014333980158,0.0009610749533749185,0.0024209896015236153,6.677674246020615e-05,0.00850229594798293,0.0,0.23484562406229087,0.008446568799263332,0.0,0.11234131137898658,0.0861585247752373,0.0,0.004107108434254769,0.0,0.0,0.0
adult,1,none,20,0.003486504199099727,0.0024986272474052384,0.010335716752160806,0.001987587548501324,0.2609472896016086,0.0009610980021534487,0.0023966354521689935,6.960364844417199e-05,0.0,0.005481843797315378,0.044838336268730926,0.008619406448269728,0.0,0.11232466778019443,0.0860291356788366,6.0247801593504845e-05,0.003593651826668065,0.0,0.0,0.0
adult,1,basic,20,0.0034689998501562513,0.002468558250984643,0.010384443801012822,0.0019743750468478537,0.43292841874645094,0.0009652833978179842,0.002420150053512771,6.951435207156465e-05,0.0,0.005499664596572984,0.044765352713875474,0.008573485200759023,0.0009575541262165643,0.2598168322860147,0.10618643820198485,6.0595797549467534e-05,0.007068495823477861,0.14434830223908648,0.17255859584984137,0.12053649385052267
adult,1,runnerup,20,0.0034785894938977437,0.0024139332483173346,0.010314806304813828,0.00195614594995277,0.43522671030223137,0.0009613561996957287,0.0024616146009066144,6.88417479977943e-05,0.0,0.005472872854443267,0.044798223819816484,0.008616462601639795,0.0022685271876980552,0.2604883813095512,0.10638992660387885,5.917084636166692e-05,0.007133145078842063,0.1449629287861171,0.17462920834659598,0.120590512547642
adult,2,fresh,20,0.003476364552625455,0.002498925052350387,0.0,0.00185068745049648,0.6532537563034566,0.0014813625515671448,0.0036306144495029,6.731463799951598e-05,0.008451645949389786,0.0,0.23481475456792394,0.008484533253067639,0.0,0.2236023953082622,0.1734856440059957,0.0,0.0044147832188173195,0.0,0.0,0.0
adult,2,none,20,0.003477172947896179,0.0024978709494462236,0.01187857714976417,0.0020455834004678764,0.45987510219711114,0.0014920312984031624,0.003673025050375145,7.173290505306796e-05,0.0,0.005485356249846518,0.04473864392202813,0.0085510750519461,0.0,0.22388471431768267,0.1730698634404689,0.00012761669204337523,0.004017832523095422,0.0,0.0,0.0
adult,2,basic,20,0.0035175831479136834,0.002485166552651208,0.011888943804660813,0.0020918540001730436,0.6320928917484707,0.0014705083522130735,0.0037267541512846945,6.98418909450993e-05,0.0,0.005471356246562209,0.04484397109772544,0.00857917494722642,0.0009551316485158168,0.3712620156846242,0.19336132430034922,0.0001303416007431224,0.007489576222724281,0.14455013167171274,0.1726355646504089,0.12050396469712724
adult,2,runnerup,20,0.0034684498983551747,0.002498852153075859,0.011904918853542768,0.0020942874456522987,0.633339639447513,0.0014891082522808575,0.003766164647822734,7.010845292825252e-05,0.0,0.005534543750400189,0.04488562324841041,0.008516033356136177,0.0022392068334738725,0.37152051293232946,0.1930197092340677,0.00013897295284550636,0.007485037139849738,0.14437356416747207,0.17376269990199944,0.12047568955022143
bank,0,fresh,20,0.001998518795880955,0.0015924230465316214,0.0,0.0019382000522455201,0.2400033166486537,0.00018369160243310035,0.0007742751025944017,6.38330981018953e-05,0.004668764599773567,0.0,0.23217074628482806,0.0015245416958350687,0.0,0.0,0.0,0.0,0.0016392640682170168,0.0,0.0,0.0
bank,0,none,20,0.0020551104011246935,0.0015829146970645525,0.004162406297109555,0.001891933349543251,0.17260404785338324,0.00019286665628897025,0.0007917979921330698,6.84664017171599e-05,0.0,0.0032203625043621285,0.16524702341557712,0.0015337163509684614,0.0,0.0,0.0,0.0,0.0026029455824755133,0.0,0.0,0.0
bank,0,basic,20,0.001968456200847868,0.0015514626007643527,0.004124747803143691,0.0019133249545120635,0.17218537910375745,0.00018656680040294305,0.000807533343322575,6.36624958133325e-05,0.0,0.0032649708999088036,0.16478832808934385,0.0015504852985031904,0.0,0.0,0.0,0.0,0.002581594816001598,0.0,0.0,0.0
bank,0,runnerup,20,0.0020118395492318085,0.0015680167474783958,0.004080752149457112,0.0019349750509718433,0.17220595624821727,0.00018895840330515056,0.0007797583006322384,6.803514843340963e-05,0.0,0.0032452395986183546,0.1648029251358821,0.0015216604529996402,0.0,0.0,0.0,0.0,0.0026361310607171617,0.0,0.0,0.0
bank,1,fresh,20,0.0019971458488726055,0.0016053375031333417,0.0,0.0019067792483838276,0.3718223145522643,0.0004227500030538067,0.0013479936489602551,6.571454287040979e-05,0.004739827098092064,0.0,0.2323546964180423,0.0015585894958348944,0.0,0.09701950595044764,0.034315042170055675,0.0,0.0018346534197917208,0.0,0.0,0.0
bank,1,none,20,0.002014050100115128,0.0015717998481704853,0.005026199997519143,0.0019125061502563768,0.3028731270489516,0.0004228021498420276,0.001333679047820624,6.428985361708328e-05,0.0,0.0032858770529855972,0.1642824441572884,0.0015277396014425904,0.0,0.09675569008250022,0.03418270613037748,4.191040206933394e-05,0.0027967596222879367,0.0,0.0,0.0
bank,1,basic,20,0.001999079251254443,0.0015852705982979387,0.005035062403476331,0.00188509789732052,0.41802228949527487,0.0004260481466189958,0.0013351081506698392,6.348361057462171e-05,0.0,0.0033431978969019837,0.16418077784765045,0.001516889595950488,0.0005268353503197432,0.20800735856901156,0.03657120685093105,4.373749834485352e-05,0.003832285886164755,0.11036123379017226,0.11595781255018664,0.09700551664864179
bank,1,runnerup,20,0.0019686770508997144,0.0015649854016373866,0.004942460497841239,0.0018831248526112176,0.41773258750181413,0.00042366865236544984,0.0013216165491030552,6.323579291347414e-05,0.0,0.0032955564049188977,0.16397551817790373,0.0015195626503555105,0.001205291812948417,0.2071837242707261,0.03671109220740618,3.9887499588076027e-05,0.003801954477967229,0.10979517750820378,0.11601576454995666,0.09675910410151119
bank,2,fresh,20,0.0020081896538613362,0.00158946439914871,0.0,0.0018961124995257705,0.5031600123009412,0.0006451832538004965,0.0018706499991822056,6.748584273736924e-05,0.004707249905914068,0.0,0.23185203043540242,0.001527997851371765,0.0,0.1933225419910741,0.06977680431009503,0.0,0.001973387807083782,0.0,0.0,0.0
bank,2,none,20,0.0020057436981005595,0.0015795271974639036,0.006242575051146559,0.001851395852281712,0.43320511454949157,0.0006551374463015236,0.0019100229488685726,6.76917057717219e-05,0.0,0.003251874998386484,0.16455114124255488,0.0015272603501216508,0.0,0.1919841732029454,0.06878980283800047,0.00010972054733429104,0.002991141370148398,0.0,0.0,0.0
bank,2,basic,20,0.0019605542547651567,0.001583847901201807,0.006169875047635287,0.0017572688026120885,0.5489306375500747,0.0006573894468601793,0.0018620646005729213,6.575415027327835e-05,0.0,0.0032668499974533916,0.16402293020655634,0.0015247207513311878,0.0005228789334069007,0.30390275053796356,0.07154574335290817,0.00011285414802841842,0.0040319096224266104,0.11022153283120133,0.11578697500372073,0.09706877520075068
bank,2,runnerup,20,0.001991118806472514,0.001552191654627677,0.006201710448658559,0.0017902832027175465,0.5505655958972057,0.0006592624486074783,0.001878295799542684,6.838754488853737e-05,0.0,0.0032623186489217915,0.16491467331943568,0.0015342896062065848,0.0012137834448367358,0.3035196600612835,0.0719647272824659,0.000111753998498898,0.004044389535556548,0.11012013755098451,0.11640045415551867,0.0970152104520821
credit,0,fresh,20,0.0012995291966944934,0.0010012935978011227,0.0,0.0018103729482390918,0.1753600144496886,0.00010871249833144248,0.0006263250499614515,5.8254408941138536e-05,0.0026040124517749063,0.0,0.16363947777135762,0.006435108349251095,0.0,0.0,0.0,0.0,0.0026814158773049712,0.0,0.0,0.0
credit,0,none,20,0.0013376416522078217,0.0009858917503152043,0.003815618745284155,0.0019471937528578564,0.04744071039749542,0.00011263760243309661,0.0006271541526075453,6.00623941863887e-05,0.0,0.002000450002378784,0.03584087207273114,0.006493093751487322,0.0,0.0,0.0,0.0,0.0031062945708981715,0.0,0.0,0.0
credit,0,basic,20,0.001285543701669667,0.0009939773502992467,0.0038189834522199817,0.0018532687012339012,0.0472817624482559,0.00011088544270023703,0.0006813332482124678,5.873315822100267e-05,0.0,0.0019958541495725514,0.035733929192065264,0.006473795951751527,0.0,0.0,0.0,0.0,0.003078183154866565,0.0,0.0,0.0
credit,0,runnerup,20,0.0013057708027190528,0.001001070901111234,0.0038292854020255617,0.00197482694638893,0.04756603965215618,0.00010948545241262764,0.0007194457983132451,5.9612600307445976e-05,0.0,0.0020383144990773873,0.03584183428465622,0.00652097069832962,0.0,0.0,0.0,0.0,0.0031649201700929552,0.0,0.0,0.0
credit,1,fresh,20,0.0012774835020536556,0.0009882874990580603,0.0,0.0018085062489262781,0.25838186055334517,0.0002461104464600794,0.0009745958523126319,5.718310276279226e-05,0.002600296003220137,0.0,0.16322753934655337,0.006497747846879065,0.0,0.06189634538750397,0.021272324504388963,0.0,0.0028876074647996575,0.0,0.0,0.0
credit,1,none,20,0.0012831000494770706,0.0009854479518253355,0.005415879105567001,0.0019464624478132465,0.1313903645495884,0.00024352294276468455,0.0009923144476488232,5.6791956012602895e-05,0.0,0.0020235146512277424,0.03570810506789712,0.006507637600589078,0.0,0.06216880591673544,0.021593407388718334,4.3779097904916855e-05,0.0033451148265157826,0.0,0.0,0.0
credit,1,basic,20,0.0013280769999255426,0.0010014646497438662,0.005414458445739001,0.0019369021014426836,0.21625171030318596,0.0002505791504518129,0.000969139696098864,6.129355169832706e-05,0.0,0.002022564550861716,0.03598619408585364,0.00647158334904816,0.0009076401111087762,0.13753553276474123,0.027503953201812693,4.3139549961779264e-05,0.00578110268979799,0.07380024083540775,0.08469644165161298,0.06485770630242768
credit,1,runnerup,20,0.0013035397016210482,0.000999508450331632,0.005443000096420292,0.0019817270527710206,0.21733131874643732,0.0002472229010891169,0.0009679353999672458,5.9962301747873425e-05,0.0,0.0020283436970203184,0.035864058842707894,0.006541260398807936,0.002176401173346676,0.13740177496511025,0.027433586935512722,4.553545149974525e-05,0.005840357282431796,0.07392969182255911,0.08614497300150106,0.06457874174666359
credit,2,fresh,20,0.0012539790011942386,0.0010036000006948599,0.0,0.0017957354473765008,0.34162853960006034,0.0003631269501056522,0.0012810688524041325,5.5825148592703044e-05,0.0026399790513096377,0.0,0.16286177197180224,0.006479100151045714,0.0,0.1237506743578706,0.04277484274207381,0.0,0.003122171325958334,0.0,0.0,0.0
credit,2,none,20,0.0012774623988661914,0.0009942730001057498,0.006902797949442175,0.0020084269548533485,0.21461689800053135,0.00038563344860449434,0.0012963040455360897,5.995839746901766e-05,0.0,0.0020029042498208582,0.035659991789725606,0.006461131252581254,0.0,0.12351293235697085,0.04324303029570729,0.00010459150362294168,0.003632316552102566,0.0,0.0,0.0
credit,2,basic,20,0.0012873331521404906,0.0009914021473377943,0.006835181155474856,0.002089451948995702,0.2986785458517261,0.0003777290505240671,0.0012856855013524183,5.902754346607253e-05,0.0,0.0020140186927164903,0.03567140438681236,0.0064417416462674735,0.0009025297928019427,0.19834024793963181,0.04910721240157727,9.797085222089663e-05,0.006103420139697846,0.07357964620023268,0.0845186750011635,0.06414116865053074
credit,2,runnerup,20,0.001279458349745255,0.0009946897000190802,0.0069329166537499985,0.002039495902135968,0.3004985563471564,0.000372039747890085,0.0012907728989375756,5.91973468544893e-05,0.0,0.002006641651678365,0.03583394781162497,0.006493791691900697,0.0021694958850275725,0.19867860375670715,0.049098247459915,0.00010680839332053438,0.0061110196969821114,0.07385870211583097,0.08606302504922496,0.06422895399737172
