dataset,seed,T,method,full_witness_equal,quality_equal,accepted_prefix_equal,trajectory_centers,statistic_rounds
adult,10000,0,fresh,True,True,True,1,0
adult,10000,0,none,True,True,True,1,0
adult,10000,0,basic,True,True,True,1,0
adult,10000,0,runnerup,True,True,True,1,0
adult,10000,1,fresh,True,True,True,2,1
adult,10000,1,none,True,True,True,2,1
adult,10000,1,basic,True,True,True,2,1
adult,10000,1,runnerup,True,True,True,2,1
adult,10000,2,fresh,True,True,True,3,2
adult,10000,2,none,True,True,True,3,2
adult,10000,2,basic,True,True,True,3,2
adult,10000,2,runnerup,True,True,True,3,2
adult,10001,0,fresh,True,True,True,1,0
adult,10001,0,none,True,True,True,1,0
adult,10001,0,basic,True,True,True,1,0
adult,10001,0,runnerup,True,True,True,1,0
adult,10001,1,fresh,True,True,True,2,1
adult,10001,1,none,True,True,True,2,1
adult,10001,1,basic,True,True,True,2,1
adult,10001,1,runnerup,True,True,True,2,1
adult,10001,2,fresh,True,True,True,3,2
adult,10001,2,none,True,True,True,3,2
adult,10001,2,basic,True,True,True,3,2
adult,10001,2,runnerup,True,True,True,3,2
adult,10002,0,fresh,True,True,True,1,0
adult,10002,0,none,True,True,True,1,0
adult,10002,0,basic,True,True,True,1,0
adult,10002,0,runnerup,True,True,True,1,0
adult,10002,1,fresh,True,True,True,2,1
adult,10002,1,none,True,True,True,2,1
adult,10002,1,basic,True,True,True,2,1
adult,10002,1,runnerup,True,True,True,2,1
adult,10002,2,fresh,True,True,True,3,2
adult,10002,2,none,True,True,True,3,2
adult,10002,2,basic,True,True,True,3,2
adult,10002,2,runnerup,True,True,True,3,2
adult,10003,0,fresh,True,True,True,1,0
adult,10003,0,none,True,True,True,1,0
adult,10003,0,basic,True,True,True,1,0
adult,10003,0,runnerup,True,True,True,1,0
adult,10003,1,fresh,True,True,True,2,1
adult,10003,1,none,True,True,True,2,1
adult,10003,1,basic,True,True,True,2,1
adult,10003,1,runnerup,True,True,True,2,1
adult,10003,2,fresh,True,True,True,3,2
adult,10003,2,none,True,True,True,3,2
adult,10003,2,basic,True,True,True,3,2
adult,10003,2,runnerup,True,True,True,3,2
adult,10004,0,fresh,True,True,True,1,0
adult,10004,0,none,True,True,True,1,0
adult,10004,0,basic,True,True,True,1,0
adult,10004,0,runnerup,True,True,True,1,0
adult,10004,1,fresh,True,True,True,2,1
adult,10004,1,none,True,True,True,2,1
adult,10004,1,basic,True,True,True,2,1
adult,10004,1,runnerup,True,True,True,2,1
adult,10004,2,fresh,True,True,True,3,2
adult,10004,2,none,True,True,True,3,2
adult,10004,2,basic,True,True,True,3,2
adult,10004,2,runnerup,True,True,True,3,2
bank,10000,0,fresh,True,True,True,1,0
bank,10000,0,none,True,True,True,1,0
bank,10000,0,basic,True,True,True,1,0
bank,10000,0,runnerup,True,True,True,1,0
bank,10000,1,fresh,True,True,True,2,1
bank,10000,1,none,True,True,True,2,1
bank,10000,1,basic,True,True,True,2,1
bank,10000,1,runnerup,True,True,True,2,1
bank,10000,2,fresh,True,True,True,3,2
bank,10000,2,none,True,True,True,3,2
bank,10000,2,basic,True,True,True,3,2
bank,10000,2,runnerup,True,True,True,3,2
bank,10001,0,fresh,True,True,True,1,0
bank,10001,0,none,True,True,True,1,0
bank,10001,0,basic,True,True,True,1,0
bank,10001,0,runnerup,True,True,True,1,0
bank,10001,1,fresh,True,True,True,2,1
bank,10001,1,none,True,True,True,2,1
bank,10001,1,basic,True,True,True,2,1
bank,10001,1,runnerup,True,True,True,2,1
bank,10001,2,fresh,True,True,True,3,2
bank,10001,2,none,True,True,True,3,2
bank,10001,2,basic,True,True,True,3,2
bank,10001,2,runnerup,True,True,True,3,2
bank,10002,0,fresh,True,True,True,1,0
bank,10002,0,none,True,True,True,1,0
bank,10002,0,basic,True,True,True,1,0
bank,10002,0,runnerup,True,True,True,1,0
bank,10002,1,fresh,True,True,True,2,1
bank,10002,1,none,True,True,True,2,1
bank,10002,1,basic,True,True,True,2,1
bank,10002,1,runnerup,True,True,True,2,1
bank,10002,2,fresh,True,True,True,3,2
bank,10002,2,none,True,True,True,3,2
bank,10002,2,basic,True,True,True,3,2
bank,10002,2,runnerup,True,True,True,3,2
bank,10003,0,fresh,True,True,True,1,0
bank,10003,0,none,True,True,True,1,0
bank,10003,0,basic,True,True,True,1,0
bank,10003,0,runnerup,True,True,True,1,0
bank,10003,1,fresh,True,True,True,2,1
bank,10003,1,none,True,True,True,2,1
bank,10003,1,basic,True,True,True,2,1
bank,10003,1,runnerup,True,True,True,2,1
bank,10003,2,fresh,True,True,True,3,2
bank,10003,2,none,True,True,True,3,2
bank,10003,2,basic,True,True,True,3,2
bank,10003,2,runnerup,True,True,True,3,2
bank,10004,0,fresh,True,True,True,1,0
bank,10004,0,none,True,True,True,1,0
bank,10004,0,basic,True,True,True,1,0
bank,10004,0,runnerup,True,True,True,1,0
bank,10004,1,fresh,True,True,True,2,1
bank,10004,1,none,True,True,True,2,1
bank,10004,1,basic,True,True,True,2,1
bank,10004,1,runnerup,True,True,True,2,1
bank,10004,2,fresh,True,True,True,3,2
bank,10004,2,none,True,True,True,3,2
bank,10004,2,basic,True,True,True,3,2
bank,10004,2,runnerup,True,True,True,3,2
credit,10000,0,fresh,True,True,True,1,0
credit,10000,0,none,True,True,True,1,0
credit,10000,0,basic,True,True,True,1,0
credit,10000,0,runnerup,True,True,True,1,0
credit,10000,1,fresh,True,True,True,2,1
credit,10000,1,none,True,True,True,2,1
credit,10000,1,basic,True,True,True,2,1
credit,10000,1,runnerup,True,True,True,2,1
credit,10000,2,fresh,True,True,True,3,2
credit,10000,2,none,True,True,True,3,2
credit,10000,2,basic,True,True,True,3,2
credit,10000,2,runnerup,True,True,True,3,2
credit,10001,0,fresh,True,True,True,1,0
credit,10001,0,none,True,True,True,1,0
credit,10001,0,basic,True,True,True,1,0
credit,10001,0,runnerup,True,True,True,1,0
credit,10001,1,fresh,True,True,True,2,1
credit,10001,1,none,True,True,True,2,1
credit,10001,1,basic,True,True,True,2,1
credit,10001,1,runnerup,True,True,True,2,1
credit,10001,2,fresh,True,True,True,3,2
credit,10001,2,none,True,True,True,3,2
credit,10001,2,basic,True,True,True,3,2
credit,10001,2,runnerup,True,True,True,3,2
credit,10002,0,fresh,True,True,True,1,0
credit,10002,0,none,True,True,True,1,0
credit,10002,0,basic,True,True,True,1,0
credit,10002,0,runnerup,True,True,True,1,0
credit,10002,1,fresh,True,True,True,2,1
credit,10002,1,none,True,True,True,2,1
credit,10002,1,basic,True,True,True,2,1
credit,10002,1,runnerup,True,True,True,2,1
credit,10002,2,fresh,True,True,True,3,2
credit,10002,2,none,True,True,True,3,2
credit,10002,2,basic,True,True,True,3,2
credit,10002,2,runnerup,True,True,True,3,2
credit,10003,0,fresh,True,True,True,1,0
credit,10003,0,none,True,True,True,1,0
credit,10003,0,basic,True,True,True,1,0
credit,10003,0,runnerup,True,True,True,1,0
credit,10003,1,fresh,True,True,True,2,1
credit,10003,1,none,True,True,True,2,1
credit,10003,1,basic,True,True,True,2,1
credit,10003,1,runnerup,True,True,True,2,1
credit,10003,2,fresh,True,True,True,3,2
credit,10003,2,none,True,True,True,3,2
credit,10003,2,basic,True,True,True,3,2
credit,10003,2,runnerup,True,True,True,3,2
credit,10004,0,fresh,True,True,True,1,0
credit,10004,0,none,True,True,True,1,0
credit,10004,0,basic,True,True,True,1,0
credit,10004,0,runnerup,True,True,True,1,0
credit,10004,1,fresh,True,True,True,2,1
credit,10004,1,none,True,True,True,2,1
credit,10004,1,basic,True,True,True,2,1
credit,10004,1,runnerup,True,True,True,2,1
credit,10004,2,fresh,True,True,True,3,2
credit,10004,2,none,True,True,True,3,2
credit,10004,2,basic,True,True,True,3,2
credit,10004,2,runnerup,True,True,True,3,2
