dataset,seed,T,method,Phi,sum_group_normalized_costs,Phi_A,Phi_B,N,A,P,S,J,assignment_point_units,abandonment_round,algorithm_seconds,algorithm_seconds_min,algorithm_seconds_max,algorithm_seconds_cv,e2e_seconds,e2e_seconds_min,e2e_seconds_max,e2e_seconds_cv,cold_launch_e2e_seconds,cold_launch_e2e_seconds_min,cold_launch_e2e_seconds_max,cold_launch_e2e_seconds_cv,ideal_parallel_compute_seconds,ideal_parallel_compute_seconds_min,ideal_parallel_compute_seconds_max,ideal_parallel_compute_seconds_cv,repetitions,pass_rate,useful_coverage
adult,10000,0,fresh,121.61304706311894,226.29921822720786,121.61304706311894,104.68617116408892,0,0,0,0,0,0,,0.25389787449967116,0.2523665000044275,0.25568354199640453,0.006921500610768347,0.2631047704926459,0.261316167016048,0.26508979202480987,0.00712700083690203,0.32933735847473145,0.32717108726501465,0.33149170875549316,0.006459838040527118,0.016744353488320485,0.016297957976348698,0.016813249996630475,0.014560158065475537,4,,
adult,10000,0,none,121.61304706311894,226.29921822720786,121.61304706311894,104.68617116408892,0,0,0,0,0,0,0,0.0650969379930757,0.06377383301150985,0.06578254100168124,0.014281865332531967,0.08337218800443225,0.0820247920055408,0.08440516699920408,0.01413042698535538,0.14963030815124512,0.14771556854248047,0.1543269157409668,0.020098619768288875,0.015896624492597766,0.015819499967619777,0.01670049998210743,0.026091414957877767,4,,
adult,10000,0,basic,121.61304706311894,226.29921822720786,121.61304706311894,104.68617116408892,0,0,0,0,0,0,,0.06476837449008599,0.06465470799594186,0.06543566597974859,0.005499707251942649,0.08311875049548689,0.08242349998909049,0.08340612499159761,0.005124564621922454,0.15011537075042725,0.1472156047821045,0.15168213844299316,0.012654111883674803,0.01603420850005932,0.015954998991219327,0.016109207994304597,0.004173121016613916,4,,
adult,10000,0,runnerup,121.61304706311894,226.29921822720786,121.61304706311894,104.68617116408892,0,0,0,0,0,0,,0.06485704149235971,0.06473070898209698,0.06636779199470766,0.01194419669999844,0.08259743750386406,0.08231670898385346,0.08478329100762494,0.013819923979928735,0.14926159381866455,0.14799022674560547,0.15329742431640625,0.015423095518701644,0.01605860398558434,0.015668709005694836,0.01660037596593611,0.023825755151080714,4,,
adult,10000,1,fresh,99.46306050046745,195.65573042994833,99.46306050046745,96.19266992948089,30132,0,0,0,0,30132,,0.4549965835030889,0.45338175000506453,0.4598056669929065,0.006211696279981549,0.4663309374882374,0.4646278750151396,0.4712230000004638,0.006110514532354082,0.5329430103302002,0.5310420989990234,0.5423481464385986,0.009533705108176154,0.10617731434467714,0.10488957722554915,0.10693166390410624,0.00854951017391114,4,,0.0
adult,10000,1,none,99.46306050046745,195.65573042994833,99.46306050046745,96.19266992948089,30132,0,0,0,0,30132,0,0.26616847899276763,0.26443091698456556,0.26770266698440537,0.005145462669722025,0.28737906250171363,0.2861797910009045,0.28973766599665396,0.005217571535980668,0.35347890853881836,0.35221385955810547,0.35646557807922363,0.005101704473934376,0.10538785008247942,0.1050771260051988,0.10589641198748723,0.003487782882554447,4,,0.0
adult,10000,1,basic,99.46306050046745,195.65573042994833,99.46306050046745,96.19266992948089,30132,30132,0,0,30132,60264,0,0.4382694584928686,0.437201291002566,0.4404483340040315,0.0033652700965938415,0.45972729100321885,0.458936334005557,0.4620262910029851,0.003205663779195027,0.5267336368560791,0.5248925685882568,0.5283424854278564,0.0035742781125659233,0.12743368721567094,0.1271102887694724,0.12977766164112836,0.009700700377887962,4,0.0,0.0
adult,10000,1,runnerup,99.46306050046745,195.65573042994833,99.46306050046745,96.19266992948089,30132,30132,0,0,30132,60264,0,0.44173502050398383,0.441062249999959,0.44273908299510367,0.0018632102590949928,0.4629496249835938,0.4620246249833144,0.4648742909776047,0.0026707188611968177,0.5290446281433105,0.528491735458374,0.5304863452911377,0.0017100282786121667,0.12753855851769913,0.1273419530771207,0.12824017205275595,0.003217598590858072,4,0.0,0.0
adult,10000,2,fresh,97.32649439629674,194.5484061347412,97.22191173844448,97.32649439629674,60264,0,0,0,0,60264,,0.656233916990459,0.6549467080039904,0.659326749999309,0.0028627620584459755,0.6695902919891523,0.6681349160207901,0.6721317909832578,0.0025983883899094212,0.7369121313095093,0.7343688011169434,0.7420132160186768,0.004958307687647897,0.1959353542770259,0.19587737493566237,0.19687046349281445,0.00243747406241155,4,,0.0
adult,10000,2,none,97.32649439629674,194.5484061347412,97.22191173844448,97.32649439629674,60264,0,0,0,0,60264,0,0.4677341670030728,0.4639172919851262,0.46982083399780095,0.00527694969173569,0.4929285630059894,0.4886663749930449,0.4950640840106644,0.005476913268047594,0.5604796409606934,0.5564823150634766,0.5631048679351807,0.00490463807319412,0.1957005070289597,0.19490921500255354,0.19661537022329867,0.0038999802873349253,4,,0.0
adult,10000,2,basic,97.32649439629674,194.5484061347412,97.22191173844448,97.32649439629674,60264,30132,0,0,30132,90396,0,0.6412490000075195,0.6395860000047833,0.6466086249856744,0.004859479151164411,0.6671122289844789,0.6638984169985633,0.6718163329933304,0.005025668625907068,0.7362746000289917,0.7305765151977539,0.740544319152832,0.005676248524237159,0.21797741869522724,0.21733195503475145,0.2185208668524865,0.0028605079365190416,4,0.0,0.0
adult,10000,2,runnerup,97.32649439629674,194.5484061347412,97.22191173844448,97.32649439629674,60264,30132,0,0,30132,90396,0,0.6431218965008156,0.6410468329850119,0.6454028750013094,0.0030906014304994994,0.6685736664949218,0.6661737500107847,0.6714859580097254,0.003650016969116941,0.7349687814712524,0.7336757183074951,0.7403647899627686,0.004257980481125527,0.21768120810156688,0.21648867111071013,0.21886679701856337,0.004906050306052431,4,0.0,0.0
adult,10001,0,fresh,118.93424990186301,223.4259245076308,118.93424990186301,104.4916746057678,0,0,0,0,0,0,,0.25544747900858056,0.2542884580034297,0.25696929200785235,0.00430288978989147,0.2647264379920671,0.2634646250226069,0.26606545798131265,0.0040115367194091455,0.33192968368530273,0.32970666885375977,0.33327293395996094,0.004804591075055103,0.016648228498524986,0.016511666995938867,0.01695275097154081,0.01178245031022584,4,,
adult,10001,0,none,118.93424990186301,223.4259245076308,118.93424990186301,104.4916746057678,0,0,0,0,0,0,0,0.0624390625016531,0.062047457991866395,0.06309700000565499,0.0070997490403886645,0.08036668700515293,0.07992433299659751,0.08110945799853653,0.006178396356614328,0.14822351932525635,0.1472458839416504,0.1500844955444336,0.009027113078035416,0.01521454201429151,0.015110625012312084,0.015360539982793853,0.007452574295997498,4,,
adult,10001,0,basic,118.93424990186301,223.4259245076308,118.93424990186301,104.4916746057678,0,0,0,0,0,0,,0.06236270850058645,0.061806750018149614,0.06279008300043643,0.00785191466221121,0.08051968801009934,0.07964158299728297,0.08132570801535621,0.008788640853200852,0.14758586883544922,0.14541864395141602,0.14928054809570312,0.012188466065917874,0.015021979997982271,0.01484383299248293,0.015207459015073255,0.011819410195927492,4,,
adult,10001,0,runnerup,118.93424990186301,223.4259245076308,118.93424990186301,104.4916746057678,0,0,0,0,0,0,,0.06279310400714166,0.06165412499103695,0.06397204200038686,0.015118380388595571,0.08111554149945732,0.07966066699009389,0.08269733400084078,0.01570352244592974,0.14881396293640137,0.14603853225708008,0.15188956260681152,0.016619160214024424,0.01523397903656587,0.015056082978844643,0.015260875050444156,0.006250462471885788,4,,
adult,10001,1,fresh,96.85520683858066,192.58446260946337,96.85520683858066,95.72925577088273,30132,0,0,0,0,30132,,0.4524842704850016,0.4517632920178585,0.4559607499977574,0.004181077372922166,0.4638336249918211,0.4630138330103364,0.46721479200641625,0.004025518314195389,0.5315141677856445,0.5298247337341309,0.5340206623077393,0.003274289224831874,0.10441200202330947,0.10405029391404241,0.10527650386211462,0.005502434996181554,4,,0.0
adult,10001,1,none,96.85520683858066,192.58446260946337,96.85520683858066,95.72925577088273,30132,0,0,0,0,30132,0,0.2606181664887117,0.259698958019726,0.2616400000115391,0.004075624814944351,0.2831132499995874,0.28187633299967274,0.2839476249937434,0.003566147321896941,0.35294175148010254,0.34984755516052246,0.3557446002960205,0.007655487324078743,0.10289183394343127,0.10201208890066482,0.10366999910911545,0.006646486523926618,4,,0.0
adult,10001,1,basic,96.85520683858066,192.58446260946337,96.85520683858066,95.72925577088273,30132,30132,0,0,30132,60264,0,0.4317416870035231,0.4312152090133168,0.43322716699913144,0.002026452074025578,0.45343704147671815,0.45270962500944734,0.4548262500029523,0.0019613888296464805,0.5211567878723145,0.5204498767852783,0.5217525959014893,0.001257515626625984,0.12543895591807086,0.12451795890228823,0.12561145098879933,0.004095587355238371,4,0.0,0.0
adult,10001,1,runnerup,96.85520683858066,192.58446260946337,96.85520683858066,95.72925577088273,30132,30132,0,0,30132,60264,0,0.4379141040117247,0.431592584005557,0.4393955419945996,0.008263897870658435,0.45994045850238763,0.4526822909829207,0.4618962500244379,0.009325112165706915,0.5281189680099487,0.5208480358123779,0.5326039791107178,0.009272242927442729,0.1262138100428274,0.1253994149446953,0.12735045474255458,0.006714815337529564,4,0.0,0.0
adult,10001,2,fresh,93.95193457630012,187.750125924368,93.79819134806789,93.95193457630012,60264,0,0,0,0,60264,,0.6533360415050993,0.6499230419867672,0.657664875005139,0.005067144267756099,0.6661730624909978,0.6629008750023786,0.6709452499926556,0.005122652846194181,0.7334535121917725,0.7318086624145508,0.7414062023162842,0.005981554568077475,0.1947421860677423,0.1934460859920364,0.1958405751211103,0.005772679313895993,4,,0.0
adult,10001,2,none,93.95193457630012,187.750125924368,93.79819134806789,93.95193457630012,60264,0,0,0,0,60264,0,0.46127537499705795,0.45778045800398104,0.46337387498351745,0.005494282274890341,0.4863274584931787,0.4837377090007067,0.48964170800172724,0.005703485314138569,0.5531333684921265,0.5507247447967529,0.5567455291748047,0.005368358592792943,0.19248904292180669,0.19092971089412458,0.19466696301242337,0.00806271028408257,4,,0.0
adult,10001,2,basic,93.95193457630012,187.750125924368,93.79819134806789,93.95193457630012,60264,30132,0,0,30132,90396,0,0.6318096874892944,0.6290849589859135,0.6328157910029404,0.0025590478215754054,0.6575763125001686,0.6551242909918074,0.6585898330085911,0.0022518017202984597,0.7249999046325684,0.7236311435699463,0.7264788150787354,0.001689024780924955,0.21464030102652032,0.21415649371920153,0.21608854504302144,0.0039489259105227196,4,0.0,0.0
adult,10001,2,runnerup,93.95193457630012,187.750125924368,93.79819134806789,93.95193457630012,60264,30132,0,0,30132,90396,0,0.6325302495097276,0.6304671249818057,0.638626458006911,0.0057727482230909314,0.6583717085013632,0.6555867079878226,0.6647158749983646,0.006080978361268891,0.7257200479507446,0.7242302894592285,0.7350568771362305,0.006884795599001601,0.21454217088466976,0.21359058513189666,0.21787428914103657,0.00874922505048017,4,0.0,0.0
adult,10002,0,fresh,120.34288303838056,233.80344355215772,120.34288303838056,113.46056051377715,0,0,0,0,0,0,,0.254066541485372,0.25358879199484363,0.25574358299490996,0.0038033542787292303,0.26343895800528117,0.26322920800885186,0.2648921250074636,0.002978484582400683,0.33125460147857666,0.3310260772705078,0.33139777183532715,0.0004706047039015138,0.016628208992187865,0.01647829104331322,0.017290375020820647,0.021665304435120544,4,,
adult,10002,0,none,120.34288303838056,233.80344355215772,120.34288303838056,113.46056051377715,0,0,0,0,0,0,0,0.060311458495561965,0.059279208013322204,0.060413667000830173,0.008910562334212878,0.07830522900621872,0.07683529198402539,0.07896516699111089,0.01153065583213618,0.14552640914916992,0.1450033187866211,0.14615726470947266,0.00372669652229504,0.01679289601452183,0.016368832992156968,0.016903750016354024,0.014143372787331361,4,,
adult,10002,0,basic,120.34288303838056,233.80344355215772,120.34288303838056,113.46056051377715,0,0,0,0,0,0,,0.06134435400599614,0.0593512500054203,0.06361058301990852,0.02834968221839179,0.08070260399836116,0.07717412497731857,0.08286491601029411,0.02950332798475817,0.14882004261016846,0.14370012283325195,0.15731096267700195,0.03849212584178566,0.01687562497681938,0.01651224901434034,0.018231250054668635,0.04503975647370186,4,,
adult,10002,0,runnerup,120.34288303838056,233.80344355215772,120.34288303838056,113.46056051377715,0,0,0,0,0,0,,0.060857395990751684,0.060422749986173585,0.06136954098474234,0.006931607636027246,0.07976658298866823,0.07841529199504294,0.08015562500804663,0.009722557532945307,0.1480952501296997,0.14623260498046875,0.14969730377197266,0.009569868901704087,0.017147500009741634,0.016980000014882535,0.017608500027563423,0.016539333296879243,4,,
adult,10002,1,fresh,97.3158015984845,193.54069378685583,97.3158015984845,96.22489218837133,30132,0,0,0,0,30132,,0.456982291478198,0.45617237500846386,0.45772858400596306,0.0013946961581999396,0.4680088749882998,0.4672447079792619,0.46870950001175515,0.0012785644698044471,0.5356394052505493,0.5348517894744873,0.5361785888671875,0.0011493695571639605,0.10624458894017152,0.1056999120337423,0.1072631630813703,0.006386658755799516,4,,0.0
adult,10002,1,none,97.3158015984845,193.54069378685583,97.3158015984845,96.22489218837133,30132,0,0,0,0,30132,0,0.2608559585059993,0.259517375001451,0.2621081250254065,0.004207693743244124,0.282279645500239,0.28099466700223275,0.2843412090151105,0.0049288128708211655,0.3514493703842163,0.3483448028564453,0.3528118133544922,0.005637263096769093,0.10524256042845082,0.10500575485639274,0.10609620515606366,0.004559272509109013,4,,0.0
adult,10002,1,basic,97.3158015984845,193.54069378685583,97.3158015984845,96.22489218837133,30132,30132,0,0,30132,60264,0,0.4326219164940994,0.42908816700219177,0.4356905419845134,0.006268226118464668,0.45400987500033807,0.45120495799346827,0.45780433298205025,0.006044765236734273,0.521487832069397,0.5197710990905762,0.5252604484558105,0.004582934987593102,0.12790277249587234,0.12634874190553091,0.12899774982361123,0.008887994475831164,4,0.0,0.0
adult,10002,1,runnerup,97.3158015984845,193.54069378685583,97.3158015984845,96.22489218837133,30132,30132,0,0,30132,60264,0,0.4327517500205431,0.43072087498148903,0.4376989160082303,0.0077914498906942655,0.4543428124889033,0.45230562501819804,0.4593084169900976,0.007384462285698946,0.5215346813201904,0.5189826488494873,0.5277462005615234,0.007623012132114494,0.12732918802066706,0.1267090437177103,0.12904820608673617,0.008681128484390005,4,0.0,0.0
adult,10002,2,fresh,96.63937110041871,193.11673216515604,96.63937110041871,96.47736106473734,60264,0,0,0,0,60264,,0.654396166515653,0.6532217090134509,0.6597497920156457,0.004600825015504861,0.6670193540048786,0.6659139590046834,0.6731989580148365,0.005065100938950372,0.7338618040084839,0.7330451011657715,0.7442018985748291,0.0072467406105931895,0.1964413984969724,0.19530246884096414,0.200725700968178,0.012133182153982593,4,,0.0
adult,10002,2,none,96.63937110041871,193.11673216515604,96.63937110041871,96.47736106473734,60264,0,0,0,0,60264,0,0.4578276254906086,0.4568280419916846,0.46138470800360665,0.004408640823057391,0.4822950625093654,0.48137699998915195,0.48724766602390446,0.00559068520086468,0.5495710372924805,0.5489823818206787,0.5569057464599609,0.006864288755435636,0.19345552595041227,0.19324574572965503,0.1959987550508231,0.006769061220208793,4,,0.0
adult,10002,2,basic,96.63937110041871,193.11673216515604,96.63937110041871,96.47736106473734,60264,30132,0,0,30132,90396,0,0.6306241044949275,0.6290199999930337,0.6353861660172697,0.004737101478512499,0.6562609999964479,0.653901291982038,0.6617138330184389,0.005495591828452861,0.7258445024490356,0.7209610939025879,0.7309467792510986,0.006107525146702207,0.21724177888245322,0.21533150936011225,0.22030758080654778,0.009706738936883433,4,0.0,0.0
adult,10002,2,runnerup,96.63937110041871,193.11673216515604,96.63937110041871,96.47736106473734,60264,30132,0,0,30132,90396,0,0.6311530829989351,0.6294305830087978,0.6328959579986986,0.0028248601643984742,0.6559354584896937,0.6540570000070147,0.657533916993998,0.0027725162446928255,0.7232078313827515,0.7212591171264648,0.7256388664245605,0.002943199597535753,0.2168910337932175,0.2154092910932377,0.21697051319642924,0.0034904691745134206,4,0.0,0.0
adult,10003,0,fresh,114.67492282699168,216.69528558371863,114.67492282699168,102.02036275672695,0,0,0,0,0,0,,0.25516068750584964,0.2543439579894766,0.25574916700134054,0.002741510598382271,0.2643847500148695,0.2638202079979237,0.2655059589887969,0.0031552434667297983,0.3322232961654663,0.33103179931640625,0.33521509170532227,0.005366248277536105,0.01705845799006056,0.0170162089925725,0.017400292039383203,0.010483486245887871,4,,
adult,10003,0,none,114.67492282699168,216.69528558371863,114.67492282699168,102.02036275672695,0,0,0,0,0,0,0,0.060754207996069454,0.06038220800110139,0.060901292017661035,0.004105457425968473,0.07850914599839598,0.07832237498951145,0.07903449999867007,0.003912115476575133,0.14537322521209717,0.14519858360290527,0.14700531959533691,0.005827235388218545,0.01491620801971294,0.014834749046713114,0.015003083011833951,0.005640017422645497,4,,
adult,10003,0,basic,114.67492282699168,216.69528558371863,114.67492282699168,102.02036275672695,0,0,0,0,0,0,,0.061444208506145515,0.06063525000354275,0.06274587498046458,0.016927421654572426,0.07925735450407956,0.07844849998946302,0.08120658301049843,0.01648574707704814,0.14786386489868164,0.14573454856872559,0.15065550804138184,0.014673847793712044,0.01525920799758751,0.015002291009295732,0.015441584022482857,0.012469179406032566,4,,
adult,10003,0,runnerup,114.67492282699168,216.69528558371863,114.67492282699168,102.02036275672695,0,0,0,0,0,0,,0.06083735449647065,0.060557583026820794,0.06113895800081082,0.003961752223356553,0.07860416649782564,0.0782279160048347,0.07913575001293793,0.005466477715238771,0.14602231979370117,0.14551091194152832,0.14821577072143555,0.00827804655821731,0.015184688003500924,0.014729333983268589,0.015331834001699463,0.017480861947463094,4,,
adult,10003,1,fresh,97.11306419967094,193.6829749870667,96.56991078739576,97.11306419967094,30132,0,0,0,0,30132,,0.45421945849375334,0.4527759999909904,0.457629167009145,0.004544698261419052,0.46519718748459127,0.46384400001261383,0.4686748340027407,0.004442849829624077,0.5333436727523804,0.530998945236206,0.5359408855438232,0.0038149757917480096,0.10592241755512077,0.10552970704156905,0.10630541399586946,0.003996658624289923,4,,0.0
adult,10003,1,none,97.11306419967094,193.6829749870667,96.56991078739576,97.11306419967094,30132,0,0,0,0,30132,0,0.2607249374996172,0.2591311660071369,0.26463116699596867,0.009308374690364907,0.2820772294944618,0.28050529200118035,0.28657654201379046,0.009445596206729337,0.35010623931884766,0.3490910530090332,0.3584156036376953,0.012520151600876184,0.10442941611108836,0.10346266790293157,0.1064469580014702,0.012980462878969805,4,,0.0
adult,10003,1,basic,97.11306419967094,193.6829749870667,96.56991078739576,97.11306419967094,30132,30132,0,0,30132,60264,0,0.4315116044890601,0.4298123329936061,0.4319077499967534,0.0021697497315779813,0.45321414549835026,0.4517487910052296,0.45387520801159553,0.0021118450983640077,0.521538496017456,0.5198822021484375,0.5286943912506104,0.007711825441892291,0.12662752052710857,0.12626838884898461,0.12690328867756762,0.0024837319592657145,4,0.0,0.0
adult,10003,1,runnerup,97.11306419967094,193.6829749870667,96.56991078739576,97.11306419967094,30132,30132,0,0,30132,60264,0,0.43219104150193743,0.43001012498280033,0.4343573749938514,0.005258559665676811,0.4536698955052998,0.4513766250165645,0.45600641699275,0.00544444789981244,0.5223186016082764,0.5197217464447021,0.5260655879974365,0.005954997753414228,0.12592870490334462,0.12557575228856876,0.12715021093026735,0.005489574282542369,4,0.0,0.0
adult,10003,2,fresh,95.0416765699143,189.60268462229647,95.0416765699143,94.56100805238218,60264,0,0,0,0,60264,,0.6528451460035285,0.6516205420193728,0.6559945000044536,0.0031487122581222377,0.6657488960045157,0.6646834589773789,0.6690840419905726,0.003140025456789749,0.7352713346481323,0.7321233749389648,0.7361040115356445,0.0024151633255029285,0.19425291453080717,0.19346629705978557,0.19489083281951025,0.0032389522485922733,4,,0.0
adult,10003,2,none,95.0416765699143,189.60268462229647,95.0416765699143,94.56100805238218,60264,0,0,0,0,60264,0,0.45944139549101237,0.4586963749898132,0.4607887500023935,0.0019364324575120932,0.4843892914796015,0.48375079201650806,0.48714533299789764,0.0031235067764732566,0.5539997816085815,0.5527150630950928,0.5588176250457764,0.0048568423017494155,0.19251714262645692,0.1917331261211075,0.19314861990278587,0.003220279700779418,4,,0.0
adult,10003,2,basic,95.0416765699143,189.60268462229647,95.0416765699143,94.56100805238218,60264,30132,0,0,30132,90396,0,0.6293817710102303,0.6284164579992648,0.633306250005262,0.003500501215552912,0.6540762084914604,0.6530280410079286,0.6586571249936242,0.0039162922194423775,0.7218877077102661,0.7198460102081299,0.7278439998626709,0.004790725308948137,0.21522658417234197,0.2141508269996848,0.21575113636208698,0.003411375575741404,4,0.0,0.0
adult,10003,2,runnerup,95.0416765699143,189.60268462229647,95.0416765699143,94.56100805238218,60264,30132,0,0,30132,90396,0,0.6322690624801908,0.6317533330002334,0.6325954579806421,0.000630719511595958,0.6576590000040596,0.6567970420001075,0.6579956249915995,0.0008232743423627395,0.7267369031906128,0.7257747650146484,0.7272779941558838,0.0009212589253181035,0.2143428704875987,0.2137135432276409,0.21560742100700736,0.003902706788787268,4,0.0,0.0
adult,10004,0,fresh,122.4029641461287,223.18604506079416,122.4029641461287,100.78308091466548,0,0,0,0,0,0,,0.25502266648982186,0.25287254198337905,0.2565127089910675,0.006312232117345856,0.26472050001029857,0.2622755420161411,0.26621787500334904,0.007052625734973301,0.33301734924316406,0.33088135719299316,0.3406829833984375,0.013412559633796471,0.01690416649216786,0.016777415992692113,0.017215583997312933,0.011463881072807321,4,,
adult,10004,0,none,122.4029641461287,223.18604506079416,122.4029641461287,100.78308091466548,0,0,0,0,0,0,0,0.061048521514749154,0.06085583398817107,0.06122108397539705,0.0030013755904231935,0.07902583299437538,0.07887291698716581,0.08020904200384393,0.007857153790588104,0.14703214168548584,0.14633703231811523,0.1498429775238037,0.010671687509684292,0.016187896006158553,0.015999293013010174,0.016359000001102686,0.012311668815890643,4,,
adult,10004,0,basic,122.4029641461287,223.18604506079416,122.4029641461287,100.78308091466548,0,0,0,0,0,0,,0.06050102099834476,0.05962987500242889,0.06082824998884462,0.008569665700828257,0.0785763544990914,0.07754749999730848,0.08011729101417586,0.013595738209290723,0.14706897735595703,0.14501261711120605,0.14808249473571777,0.008821958551609072,0.0161176664987579,0.015777874999912456,0.01621562396758236,0.012758313179985747,4,,
adult,10004,0,runnerup,122.4029641461287,223.18604506079416,122.4029641461287,100.78308091466548,0,0,0,0,0,0,,0.06011893751565367,0.05973516701487824,0.060855083022033796,0.007875802315187823,0.07810256248922087,0.07756433400209062,0.07928012497723103,0.009345058772792292,0.1452549695968628,0.14448928833007812,0.1488940715789795,0.013781008667649277,0.015812083496712148,0.01573195800301619,0.01586708298418671,0.0036164186022910987,4,,
adult,10004,1,fresh,98.95839217955344,193.44614438392247,98.95839217955344,94.48775220436903,30132,0,0,0,0,30132,,0.4515404169942485,0.45068404101766646,0.4516810000059195,0.0010243780961306564,0.462797916989075,0.4623741249961313,0.4629057500278577,0.0005326177475096236,0.5338864326477051,0.5319340229034424,0.5353162288665771,0.0026635452869887585,0.10326072893803939,0.10280136883375235,0.10346970605314709,0.0030524023358644466,4,,0.0
adult,10004,1,none,98.95839217955344,193.44614438392247,98.95839217955344,94.48775220436903,30132,0,0,0,0,30132,0,0.2560780420026276,0.25414945802185684,0.25704479200067,0.005629644477427782,0.27745987501111813,0.27551754101295955,0.279366457980359,0.006236883981060661,0.34489738941192627,0.343442440032959,0.3502786159515381,0.00922835951935882,0.10200725311005954,0.10141021499293856,0.10243500620708801,0.004214337272811721,4,,0.0
adult,10004,1,basic,98.95839217955344,193.44614438392247,98.95839217955344,94.48775220436903,30132,30132,0,0,30132,60264,0,0.42983085400192067,0.42542374998447485,0.43660279098548926,0.011588928102911561,0.4516988120012684,0.44708620800520293,0.4592025419988204,0.012038993868401859,0.522415280342102,0.5153641700744629,0.5286602973937988,0.012151432574023416,0.12438957759877667,0.12281011688173749,0.12635475015849806,0.013589212506635534,4,0.0,0.0
adult,10004,1,runnerup,98.95839217955344,193.44614438392247,98.95839217955344,94.48775220436903,30132,30132,0,0,30132,60264,0,0.43119327050226275,0.42926741699920967,0.4361196660029236,0.006900111491899851,0.4528274789918214,0.4514166250010021,0.4582882500253618,0.00679382527889184,0.522477388381958,0.5213758945465088,0.5314550399780273,0.008965215974589848,0.12490971201623324,0.12479229609016329,0.12529700712184422,0.001769701798764155,4,0.0,0.0
adult,10004,2,fresh,96.69661398526614,193.14737897533757,96.69661398526614,96.45076499007143,60264,0,0,0,0,60264,,0.6468967914843233,0.6456239160033874,0.6495871670194902,0.0027307937847661896,0.6597235204972094,0.6588369999954011,0.6628400000045076,0.002817977020193687,0.729421854019165,0.7275855541229248,0.7320959568023682,0.0026300965962998686,0.1889809784188401,0.18721853999886662,0.19030462528462522,0.0070328178329231335,4,,0.0
adult,10004,2,none,96.69661398526614,193.14737897533757,96.69661398526614,96.45076499007143,60264,0,0,0,0,60264,0,0.4533002915122779,0.45211520898737945,0.45363879200886004,0.0014822482915951758,0.4777693539945176,0.4771188749873545,0.4790529169840738,0.001703083769597239,0.546953558921814,0.5461740493774414,0.5502111911773682,0.003283294088501719,0.18888546475500334,0.18828401478822343,0.18932609076728113,0.002364861748886429,4,,0.0
adult,10004,2,basic,96.69661398526614,193.14737897533757,96.69661398526614,96.45076499007143,60264,30132,0,0,30132,90396,0,0.6259748544980539,0.6213979589811061,0.6281567919941153,0.0045494141452449505,0.6505292500078212,0.646089916001074,0.6529417920100968,0.004399283554316765,0.7183911800384521,0.7137939929962158,0.7201416492462158,0.0037881156075077627,0.21095007288386114,0.20868720937869512,0.21217909079859965,0.006912757379031279,4,0.0,0.0
adult,10004,2,runnerup,96.69661398526614,193.14737897533757,96.69661398526614,96.45076499007143,60264,30132,0,0,30132,90396,0,0.6272381460003089,0.6231867500173394,0.6287625409895554,0.00392255422812014,0.6519903750158846,0.6484904579992872,0.6547338330128696,0.004113866394809432,0.7189184427261353,0.7179274559020996,0.7243800163269043,0.0042152109021975455,0.20974342472618446,0.20870450502843596,0.21114873889018781,0.004873857897954171,4,0.0,0.0
bank,10000,0,fresh,46.693035254079014,89.08188202495941,46.693035254079014,42.3888467708804,0,0,0,0,0,0,,0.23773164600424934,0.23728750000009313,0.23813474999042228,0.0014730941345004668,0.24416447897965554,0.2435382919793483,0.2450392920000013,0.002540299234085978,0.31298303604125977,0.31192755699157715,0.31493520736694336,0.004742552955626378,0.01986904202203732,0.019621957995695993,0.0200269999622833,0.009303087565899556,4,,
bank,10000,0,none,46.693035254079014,89.08188202495941,46.693035254079014,42.3888467708804,0,0,0,0,0,0,0,0.1636295835050987,0.16066495899576694,0.1669036670064088,0.016021058739161865,0.1743134794960497,0.170990915998118,0.1783434159879107,0.017561559966025198,0.2442479133605957,0.23846697807312012,0.25171947479248047,0.023116834510155823,0.013464582516462542,0.013248166011180729,0.013920956989750266,0.020960885781670924,4,,
bank,10000,0,basic,46.693035254079014,89.08188202495941,46.693035254079014,42.3888467708804,0,0,0,0,0,0,,0.16230043699033558,0.16141000000061467,0.16333308300818317,0.0050741848183744566,0.1726779375167098,0.1722131250135135,0.17390579101629555,0.0044288730699818205,0.24264872074127197,0.2407214641571045,0.24339008331298828,0.005149426366113593,0.013450667000142857,0.013349790970096365,0.013778458000160754,0.014089663164597626,4,,
bank,10000,0,runnerup,46.693035254079014,89.08188202495941,46.693035254079014,42.3888467708804,0,0,0,0,0,0,,0.1628060000075493,0.1625840830092784,0.16372112499084324,0.0032626216440354364,0.17323677049716935,0.17298674999619834,0.17474854199099354,0.00470086974305347,0.2418367862701416,0.23992490768432617,0.24537253379821777,0.009912689828607147,0.013466563017573208,0.01334458397468552,0.013676500006113201,0.011303967189826458,4,,
bank,10000,1,fresh,32.671086322763344,65.28591362865659,32.61482730589324,32.671086322763344,45166,0,0,0,0,45166,,0.37646200000017416,0.36580637498991564,0.38691645799553953,0.022896195313000897,0.3844184169865912,0.3729910830152221,0.3942402079992462,0.022623960080461865,0.45464539527893066,0.4397592544555664,0.4671361446380615,0.025053721469592807,0.060880439981701784,0.0592667089367751,0.06183120791683905,0.017743650785783435,4,,0.0
bank,10000,1,none,32.671086322763344,65.28591362865659,32.61482730589324,32.671086322763344,45166,0,0,0,0,45166,0,0.2956351249886211,0.2934847919968888,0.3036098330048844,0.015283133845730596,0.30825356249988545,0.30530004197498783,0.31634849999682046,0.015752397122037725,0.37663865089416504,0.37148594856262207,0.39029955863952637,0.022208634765358438,0.053846186463488266,0.05361241599894129,0.05532608294743113,0.01453400992390737,4,,0.0
bank,10000,1,basic,32.671086322763344,65.28591362865659,32.61482730589324,32.671086322763344,45166,45166,0,0,45166,90332,0,0.41741866648953874,0.40993349999189377,0.42175245899125,0.014094666629472563,0.4298549999948591,0.42182829199009575,0.4345668750174809,0.014596709870556274,0.49725043773651123,0.4888923168182373,0.5085480213165283,0.01752059077672867,0.06272874888963997,0.06205720693105832,0.06277208504616283,0.005500530161340716,4,0.0,0.0
bank,10000,1,runnerup,32.671086322763344,65.28591362865659,32.61482730589324,32.671086322763344,45166,45166,0,0,45166,90332,0,0.40744810400065035,0.40604437500587665,0.4223296669952106,0.01880841281778935,0.41969543749291915,0.41782945799059235,0.43490758299594745,0.018918277277818252,0.4872744083404541,0.48563170433044434,0.5074517726898193,0.02129726761341319,0.06138310105598066,0.06062112288782373,0.06428041425533593,0.026172520299655153,4,0.0,0.0
bank,10000,2,fresh,32.043292947192036,64.06834247258875,32.043292947192036,32.02504952539671,90332,0,0,0,0,90332,,0.5046879580040695,0.5007479579944629,0.5055957500007935,0.004307129301267618,0.5127603749861009,0.5088741249928717,0.5139716660196427,0.004335160563922408,0.5812753438949585,0.5789482593536377,0.5870428085327148,0.006222999517016724,0.10153893998358399,0.10041196414385922,0.10241537404363044,0.008096024346722996,4,,0.0
bank,10000,2,none,32.043292947192036,64.06834247258875,32.043292947192036,32.02504952539671,90332,0,0,0,0,90332,0,0.4244180624955334,0.423281166004017,0.4288566669856664,0.005909771404634755,0.4387396039965097,0.43768379199900664,0.443594167008996,0.006038212544004356,0.5079294443130493,0.5043747425079346,0.5137031078338623,0.007594700798936353,0.09333595851785503,0.09280107988161035,0.09436941184685566,0.007154696125117522,4,,0.0
bank,10000,2,basic,32.043292947192036,64.06834247258875,32.043292947192036,32.02504952539671,90332,45166,0,0,45166,135498,0,0.5413369585003238,0.536800834001042,0.5455590419878718,0.0069590016635859425,0.5556166044989368,0.5505677500041202,0.5591807080199942,0.006834599200009556,0.6232408285140991,0.6182637214660645,0.6265857219696045,0.0061018568080636925,0.10223066891194321,0.10148528692661785,0.10405275199445896,0.01176455159901419,4,0.0,0.0
bank,10000,2,runnerup,32.043292947192036,64.06834247258875,32.043292947192036,32.02504952539671,90332,45166,0,0,45166,135498,0,0.5490392295032507,0.5389476249984,0.5560140829766169,0.012944068760066171,0.5631700000085402,0.5528987080033403,0.5705435409909114,0.013043970332594901,0.6326653957366943,0.6200225353240967,0.6396834850311279,0.013926701734483678,0.10441620655183215,0.10135916798026301,0.10594074701657519,0.018540947367400307,4,0.0,0.0
bank,10001,0,fresh,48.41791699280397,89.00485088617664,48.41791699280397,40.58693389337268,0,0,0,0,0,0,,0.2448272705078125,0.23529008400510065,0.24635074997786433,0.021260387531393504,0.2511537704995135,0.24161095800809562,0.25366179199772887,0.02170271762209834,0.3239138126373291,0.30783915519714355,0.32934069633483887,0.02898777641317885,0.020155083984718658,0.019634500000393018,0.020355248998384923,0.0155235001301289,4,,
bank,10001,0,none,48.41791699280397,89.00485088617664,48.41791699280397,40.58693389337268,0,0,0,0,0,0,0,0.17429508300847374,0.172520041000098,0.17792508300044574,0.013062196894868304,0.18481695800437592,0.18437833301140927,0.18900754197966307,0.011757739589478693,0.2539212703704834,0.2535998821258545,0.261035680770874,0.014164483582625377,0.01991156250005588,0.019527957978425547,0.02035162498941645,0.017865854776597103,4,,
bank,10001,0,basic,48.41791699280397,89.00485088617664,48.41791699280397,40.58693389337268,0,0,0,0,0,0,,0.1754039164952701,0.172404250013642,0.17916029199841432,0.01611755690880884,0.1861984580027638,0.18319999999948777,0.1898393750016112,0.015095692376779673,0.258456826210022,0.2523617744445801,0.2646524906158447,0.020299137020905564,0.0204969165060902,0.019990708999102935,0.021137624979019165,0.022884657015751507,4,,
bank,10001,0,runnerup,48.41791699280397,89.00485088617664,48.41791699280397,40.58693389337268,0,0,0,0,0,0,,0.17485816701082513,0.16927170800045133,0.17724404099863023,0.02011026681464758,0.185312082991004,0.1793957909976598,0.1885521670046728,0.021335589033132592,0.25467658042907715,0.24634599685668945,0.26542115211486816,0.03064247027092929,0.019792520979535766,0.019409999978961423,0.020946875010849908,0.033538325051519734,4,,
bank,10001,1,fresh,35.75420516347235,71.03687468292551,35.75420516347235,35.28266951945316,45166,0,0,0,0,45166,,0.37094200000865385,0.36956658301642165,0.3741460829915013,0.0052387011965695784,0.378292353998404,0.3768374159990344,0.38110512497951277,0.004742048331932238,0.44807589054107666,0.4442174434661865,0.45041513442993164,0.006630715940317289,0.05898797893314622,0.05831529214628972,0.059849378099897876,0.011289646059746106,4,,0.0
bank,10001,1,none,35.75420516347235,71.03687468292551,35.75420516347235,35.28266951945316,45166,0,0,0,0,45166,0,0.30322066698863637,0.3030710419989191,0.3041597080009524,0.0016559310065325011,0.31581239598745015,0.3148049580049701,0.31673462499747984,0.0025100235351294786,0.3840756416320801,0.3829922676086426,0.3858180046081543,0.0036151583220035066,0.05881499902170617,0.05847658103448339,0.059113996947417036,0.004787235943145839,4,,0.0
bank,10001,1,basic,35.75420516347235,71.03687468292551,35.75420516347235,35.28266951945316,45166,45166,0,0,45166,90332,0,0.416391749997274,0.4156692499818746,0.4193889999878593,0.003996877454845165,0.42883720800455194,0.42789120800443925,0.4318929580040276,0.0040770049191992805,0.4988497495651245,0.49593091011047363,0.5041730403900146,0.00832265210849798,0.06710937504249159,0.06615478804451413,0.06765641894889995,0.01073298481342859,4,0.0,0.0
bank,10001,1,runnerup,35.75420516347235,71.03687468292551,35.75420516347235,35.28266951945316,45166,45166,0,0,45166,90332,0,0.41809197900875006,0.41741875000298023,0.4199758339964319,0.002800869664759347,0.43028643750585616,0.42952175001846626,0.43236229100148194,0.0030197078949415978,0.49876081943511963,0.498549222946167,0.5031883716583252,0.004504181475624394,0.06665039644576609,0.06619754096027464,0.06748192006489262,0.009253253635304347,4,0.0,0.0
bank,10001,2,fresh,34.48602631592609,68.90295351035648,34.48602631592609,34.41692719443039,90332,0,0,0,0,90332,,0.49995237500115763,0.4969731660094112,0.5069056669890415,0.008424206073369574,0.5080394795077154,0.5046105000074022,0.5149232919793576,0.008502058217285051,0.5778505802154541,0.5733325481414795,0.5827863216400146,0.006701431851025139,0.0982682269968791,0.09734383507748134,0.09866237710230052,0.006250313886934873,4,,0.0
bank,10001,2,none,34.48602631592609,68.90295351035648,34.48602631592609,34.41692719443039,90332,0,0,0,0,90332,0,0.4341075624979567,0.4318076250201557,0.43596474998048507,0.003997679888158006,0.4485296459897654,0.44590566700208,0.4498768340272363,0.003799253098696268,0.5179646015167236,0.514030933380127,0.52201247215271,0.006380431471864963,0.09789997950429097,0.09765029189293273,0.09855762892402709,0.004303485611064246,4,,0.0
bank,10001,2,basic,34.48602631592609,68.90295351035648,34.48602631592609,34.41692719443039,90332,45166,0,0,45166,135498,0,0.5453118539880961,0.5437305420055054,0.54784645800828,0.0034023157359121424,0.559071812487673,0.5574145000136923,0.5619639580254443,0.0037357557609480905,0.6280611753463745,0.625481128692627,0.6291999816894531,0.0025557360046491954,0.10531439360056538,0.10513728699879721,0.10551137311267667,0.0015937716654438494,4,0.0,0.0
bank,10001,2,runnerup,34.48602631592609,68.90295351035648,34.48602631592609,34.41692719443039,90332,45166,0,0,45166,135498,0,0.5474545624892926,0.5459287500125356,0.5492049169843085,0.0025834617300756913,0.561444916515029,0.5595169169828296,0.562993750005262,0.0026422010085904294,0.6287354230880737,0.6268479824066162,0.6308066844940186,0.002651764016180639,0.1062724335497478,0.10493462899466977,0.10669574307394214,0.007642761257656443,4,0.0,0.0
bank,10002,0,fresh,48.44522268442373,93.40753405541834,48.44522268442373,44.9623113709946,0,0,0,0,0,0,,0.23768745800771285,0.23638258298160508,0.23878262500511482,0.00427471384643985,0.24381583351350855,0.24307412499911152,0.24558295897440985,0.004533769409042301,0.31403887271881104,0.31052184104919434,0.31586790084838867,0.007368814771743289,0.019873394980095327,0.019536292005795985,0.020076207991223782,0.012050324390167235,4,,
bank,10002,0,none,48.44522268442373,93.40753405541834,48.44522268442373,44.9623113709946,0,0,0,0,0,0,0,0.18087729101534933,0.17963295898516662,0.18266245801351033,0.0069785491682318275,0.191445875010686,0.18986395801766776,0.19355100000393577,0.008075082799423733,0.26024580001831055,0.258105993270874,0.26175618171691895,0.0070678842574613205,0.019766666504438035,0.01968562399270013,0.020506458007730544,0.01936207720113443,4,,
bank,10002,0,basic,48.44522268442373,93.40753405541834,48.44522268442373,44.9623113709946,0,0,0,0,0,0,,0.18202939550974406,0.18169829100952484,0.18248062499333173,0.002239858963097743,0.19251302050543018,0.19185845801257528,0.19288645798224024,0.0023538399303537276,0.2615410089492798,0.2599461078643799,0.2624645233154297,0.004244045959170357,0.020086521006305702,0.019580499007133767,0.02103162504499778,0.03171438798938848,4,,
bank,10002,0,runnerup,48.44522268442373,93.40753405541834,48.44522268442373,44.9623113709946,0,0,0,0,0,0,,0.1817044794879621,0.1781682079890743,0.18248237497755326,0.010868031895197366,0.19256608351133764,0.18850916597875766,0.19324024999514222,0.011306904389395361,0.2630465030670166,0.2559542655944824,0.26363205909729004,0.013982025458338468,0.019595020508859307,0.019381457997951657,0.020239583041984588,0.019334305360832558,4,,
bank,10002,1,fresh,33.786467875102346,67.45872024659634,33.786467875102346,33.67225237149399,45166,0,0,0,0,45166,,0.3721404375100974,0.3681886660051532,0.37356624999665655,0.006679709604117192,0.37916031198983546,0.3759233750170097,0.38090866699349135,0.006022149633755527,0.44767773151397705,0.4468681812286377,0.45236992835998535,0.00569958797869521,0.0602264600165654,0.0596465409907978,0.06224662598106079,0.019982412496479487,4,,0.0
bank,10002,1,none,33.786467875102346,67.45872024659634,33.786467875102346,33.67225237149399,45166,0,0,0,0,45166,0,0.3109186880028574,0.31023791601182893,0.3137188749969937,0.005134229734791678,0.3233338959980756,0.3221553750045132,0.3265139580180403,0.005781095745869747,0.3925892114639282,0.38953161239624023,0.39586520195007324,0.007392987307133576,0.05973006294516381,0.05964183298056014,0.06059737506438978,0.007530377827816836,4,,0.0
bank,10002,1,basic,33.786467875102346,67.45872024659634,33.786467875102346,33.67225237149399,45166,45166,0,0,45166,90332,0,0.4282856034988072,0.42427937500178814,0.42935241700615734,0.005304553586103487,0.44078254151099827,0.4363440409942996,0.44130641702213325,0.00527498552047722,0.5096491575241089,0.5035510063171387,0.5127975940704346,0.00760428452981499,0.06840304090292193,0.06780433814856224,0.06975328814587556,0.01202691371781027,4,0.0,0.0
bank,10002,1,runnerup,33.786467875102346,67.45872024659634,33.786467875102346,33.67225237149399,45166,45166,0,0,45166,90332,0,0.42869737501314376,0.4274900419986807,0.4294957499951124,0.0021293406372140315,0.44097127149871085,0.43971979201887734,0.4419010829878971,0.002393365696058329,0.5084526538848877,0.5068299770355225,0.5106313228607178,0.0032754981049289873,0.06840681549510919,0.06801350091700442,0.06859700108179823,0.003690461482233722,4,0.0,0.0
bank,10002,2,fresh,32.43441971950114,64.86164634479958,32.43441971950114,32.42722662529843,90332,0,0,0,0,90332,,0.5033414790086681,0.49896054100827314,0.5088502499856986,0.00804293712327996,0.5114236664812779,0.5067502089950722,0.516576541995164,0.00785054358997554,0.5806041955947876,0.5754568576812744,0.584336519241333,0.006505359816139794,0.10028966551180929,0.09917816505185328,0.10175270799663849,0.010520179568150476,4,,0.0
bank,10002,2,none,32.43441971950114,64.86164634479958,32.43441971950114,32.42722662529843,90332,0,0,0,0,90332,0,0.44138864550041035,0.43901279201963916,0.4445176250010263,0.006400813440007173,0.4556749790062895,0.45310799998696893,0.45856949998415075,0.006565271476007829,0.5256756544113159,0.5225622653961182,0.5291280746459961,0.006174878293319823,0.09930474952852819,0.09874262593802996,0.10038687486667186,0.006984242245866564,4,,0.0
bank,10002,2,basic,32.43441971950114,64.86164634479958,32.43441971950114,32.42722662529843,90332,45166,0,0,45166,135498,0,0.5566301874932833,0.5540182089898735,0.5596175829996355,0.004762403032684271,0.570511728990823,0.5683305830170866,0.5738537080178503,0.004527945145563437,0.6394963264465332,0.6366474628448486,0.6438438892364502,0.004640989037100117,0.10731689802196342,0.10717662502429448,0.1081380000396166,0.004159982931700376,4,0.0,0.0
bank,10002,2,runnerup,32.43441971950114,64.86164634479958,32.43441971950114,32.42722662529843,90332,45166,0,0,45166,135498,0,0.5583534790057456,0.5563520840078127,0.5597783339908347,0.002544849775074605,0.5723594380106078,0.5702195830235723,0.5736231250048149,0.0024817793938578586,0.6400818824768066,0.637749433517456,0.6440830230712891,0.004301618873569092,0.10832000458322,0.10737146390601993,0.10927479271776974,0.008684631743484302,4,0.0,0.0
bank,10003,0,fresh,48.42925495457596,91.87507456173574,48.42925495457596,43.44581960715978,0,0,0,0,0,0,,0.24296906249946915,0.23790312497294508,0.24746554100420326,0.016982320551334886,0.2499937294924166,0.24449808298959397,0.2543542920029722,0.017117099351993844,0.3241443634033203,0.311704158782959,0.3307201862335205,0.02488577830935797,0.02041693798673805,0.019345957989571616,0.020660542009864002,0.029243099875115076,4,,
bank,10003,0,none,48.42925495457596,91.87507456173574,48.42925495457596,43.44581960715978,0,0,0,0,0,0,0,0.17938002099981532,0.17626212499453686,0.1813992090173997,0.012407519458438826,0.19048308348283172,0.18720954199670814,0.19196591700892895,0.011144033449161133,0.26107585430145264,0.255481481552124,0.26555919647216797,0.016011097138677682,0.020629437523894012,0.019905958994058892,0.021340042003430426,0.03170720735173886,4,,
bank,10003,0,basic,48.42925495457596,91.87507456173574,48.42925495457596,43.44581960715978,0,0,0,0,0,0,,0.17566450001322664,0.17441904201405123,0.17970925002009608,0.013076522978236846,0.18678954200004227,0.18569416701211594,0.19024662498850375,0.01058770720876686,0.2584472894668579,0.25298023223876953,0.2622671127319336,0.015289467994280544,0.019934083000407554,0.01976679201470688,0.020295001013437286,0.011217546532771568,4,,
bank,10003,0,runnerup,48.42925495457596,91.87507456173574,48.42925495457596,43.44581960715978,0,0,0,0,0,0,,0.17935279199446086,0.1737731249886565,0.18066204100614414,0.017275900429774317,0.18999306298792362,0.18468516602297314,0.19206462500733323,0.016768046814421796,0.2652777433395386,0.25586533546447754,0.2661406993865967,0.01855365037759985,0.01990216701233294,0.019781333015998825,0.020738291001180187,0.022332127895548715,4,,
bank,10003,1,fresh,33.9404097653252,67.77691643264238,33.836506667317174,33.9404097653252,45166,0,0,0,0,45166,,0.3703622080065543,0.3689785420137923,0.37202045900630765,0.00409900360145366,0.3775917919992935,0.3762271250016056,0.3798888750025071,0.004571299928188794,0.44691741466522217,0.444533109664917,0.4504826068878174,0.005521140246240974,0.0600730610312894,0.05951762499171309,0.06108750309795141,0.011519471677773807,4,,0.0
bank,10003,1,none,33.9404097653252,67.77691643264238,33.836506667317174,33.9404097653252,45166,0,0,0,0,45166,0,0.3064011454989668,0.30517316597979516,0.30752683299942873,0.0034277685196265205,0.3187821249885019,0.3175987089925911,0.31944787499378435,0.0029534603003114777,0.38677990436553955,0.3855290412902832,0.388272762298584,0.003676782120841525,0.05986066696641501,0.059624501067446545,0.06008687597932294,0.003196658816690524,4,,0.0
bank,10003,1,basic,33.9404097653252,67.77691643264238,33.836506667317174,33.9404097653252,45166,45166,0,0,45166,90332,0,0.4207785415055696,0.418694250023691,0.4212573329859879,0.0027313656682487787,0.43309845849580597,0.4308662500116043,0.434058584010927,0.0031477484626173907,0.5014009475708008,0.499359130859375,0.5059187412261963,0.0060808555399846165,0.06780035450356081,0.06743154415744357,0.06819225003710017,0.004583589516134913,4,0.0,0.0
bank,10003,1,runnerup,33.9404097653252,67.77691643264238,33.836506667317174,33.9404097653252,45166,45166,0,0,45166,90332,0,0.4206203540088609,0.4184447919833474,0.4228380830027163,0.004377460797603018,0.43281589599791914,0.43079895799746737,0.43492741699446924,0.004095497608116467,0.5010955333709717,0.4996330738067627,0.5030765533447266,0.0028206348283680905,0.06792654244054575,0.06741400196915492,0.06908174999989569,0.011780106459934245,4,0.0,0.0
bank,10003,2,fresh,33.08744246951831,66.15006565381941,33.08744246951831,33.0626231843011,90332,0,0,0,0,90332,,0.5051119369891239,0.49837616601143964,0.5078872500162106,0.008253778786971323,0.513062271013041,0.50636595900869,0.51647529201,0.008523780481618714,0.5801937580108643,0.5738670825958252,0.5859320163726807,0.00879218573252724,0.10222085603163578,0.09900113104959019,0.1038807089207694,0.022374605861456974,4,,0.0
bank,10003,2,none,33.08744246951831,66.15006565381941,33.08744246951831,33.0626231843011,90332,0,0,0,0,90332,0,0.43703724950319156,0.435427125019487,0.4395502919796854,0.003895625354623646,0.45108118750795256,0.44992854198790155,0.4541911669948604,0.004052256142777501,0.5236904621124268,0.519507884979248,0.5263733863830566,0.00625571000789903,0.09939197995117866,0.09917491403757595,0.09954150705016218,0.0018306369015064735,4,,0.0
bank,10003,2,basic,33.08744246951831,66.15006565381941,33.08744246951831,33.0626231843011,90332,45166,0,0,45166,135498,0,0.5511916454997845,0.5494846670189872,0.5548539579904173,0.004131920357551709,0.5656333130027633,0.5636141669820063,0.5688436669879593,0.003915455304715711,0.6340703964233398,0.6309881210327148,0.6370925903320312,0.0043074349651557615,0.1080979349790141,0.1076425778446719,0.10819691410870291,0.00230190299346526,4,0.0,0.0
bank,10003,2,runnerup,33.08744246951831,66.15006565381941,33.08744246951831,33.0626231843011,90332,45166,0,0,45166,135498,0,0.5504001039953437,0.5481906659842934,0.5530838340055197,0.0036371498329064514,0.564706583507359,0.5620208749896847,0.5673022079863586,0.003818527956921771,0.6336777210235596,0.6315667629241943,0.6376230716705322,0.0042875627423739505,0.10791887943923939,0.10713516594842076,0.10852512609562837,0.005760101016679382,4,0.0,0.0
bank,10004,0,fresh,47.809202698041,91.09333438518578,47.809202698041,43.284131687144786,0,0,0,0,0,0,,0.23846066699479707,0.23680691700428724,0.2423102500033565,0.010340277114833716,0.2449107290012762,0.24297104100696743,0.24867724999785423,0.010473690340626743,0.3133707046508789,0.31064701080322266,0.3170304298400879,0.00855290382760918,0.01977531249576714,0.019679956982145086,0.020146124996244907,0.010481352663240911,4,,
bank,10004,0,none,47.809202698041,91.09333438518578,47.809202698041,43.284131687144786,0,0,0,0,0,0,0,0.16437591648718808,0.1633996250166092,0.1655950410058722,0.006033079716508086,0.17485310399206355,0.1737072079849895,0.17614804100594483,0.006374448286335046,0.24307560920715332,0.24150705337524414,0.24709796905517578,0.010477378282457504,0.019639582984382287,0.019444665987975895,0.01983183200354688,0.010148950781733558,4,,
bank,10004,0,basic,47.809202698041,91.09333438518578,47.809202698041,43.284131687144786,0,0,0,0,0,0,,0.16490514599718153,0.16252729200641625,0.16595866699935868,0.009927089054409338,0.17532549997849856,0.17284454201580957,0.17632520900224335,0.009529722437133433,0.24320590496063232,0.24077558517456055,0.243896484375,0.005757402969020481,0.019749728991882876,0.01959737399010919,0.02055970800574869,0.021932711807587796,4,,
bank,10004,0,runnerup,47.809202698041,91.09333438518578,47.809202698041,43.284131687144786,0,0,0,0,0,0,,0.16463291650870815,0.1640762919851113,0.16542741699959151,0.0034234280283273627,0.17505350000283215,0.17426599998725578,0.1759943749930244,0.00412472363040928,0.2424541711807251,0.24158430099487305,0.2442636489868164,0.0046732513474187914,0.019533667029463686,0.01943445799406618,0.019629667018307373,0.004666402436518974,4,,
bank,10004,1,fresh,33.9266857170789,67.73694013420027,33.9266857170789,33.81025441712138,45166,0,0,0,0,45166,,0.36930497948196717,0.3684063750260975,0.37042724998900667,0.00228420083301373,0.3765445414901478,0.375482125004055,0.37774187501054257,0.0024587708109688523,0.4443049430847168,0.44321703910827637,0.4475836753845215,0.004418698064288541,0.05948260353761725,0.05923083299421705,0.05980025007738732,0.004269927971279573,4,,0.0
bank,10004,1,none,33.9266857170789,67.73694013420027,33.9266857170789,33.81025441712138,45166,0,0,0,0,45166,0,0.2956889795168536,0.2936163749836851,0.2991347910137847,0.009034114046745433,0.30797804149915464,0.3057164170022588,0.31142858299426734,0.009154201115062996,0.3762063980102539,0.3730463981628418,0.37847161293029785,0.00672388306481907,0.05976289542741142,0.05930821201764047,0.060105751967057586,0.006439823014900912,4,,0.0
bank,10004,1,basic,33.9266857170789,67.73694013420027,33.9266857170789,33.81025441712138,45166,45166,0,0,45166,90332,0,0.40830752048350405,0.40810299999429844,0.4096510419913102,0.0017674845296235546,0.4205492914916249,0.42007395799737424,0.42195520902168937,0.0019962740249008905,0.48874521255493164,0.4880809783935547,0.4895968437194824,0.0013644965827151047,0.06752418745600153,0.06705225497717038,0.06783121210173704,0.005163822334011656,4,0.0,0.0
bank,10004,1,runnerup,33.9266857170789,67.73694013420027,33.9266857170789,33.81025441712138,45166,45166,0,0,45166,90332,0,0.41020841649151407,0.409467792022042,0.4110142079880461,0.0015456368823622525,0.42215212500013877,0.4212558750004973,0.4229405839869287,0.0016331325973424548,0.48980021476745605,0.4892385005950928,0.4908623695373535,0.00141209093452523,0.06753895748988725,0.06726267287740484,0.0676642500620801,0.002857170512363167,4,0.0,0.0
bank,10004,2,fresh,32.99636979372405,65.92546063498145,32.92909084125739,32.99636979372405,90332,0,0,0,0,90332,,0.5040063124906737,0.49772549999761395,0.5069778750184923,0.008067868433782387,0.5123512915015453,0.5056866660015658,0.5152335409948137,0.008129180162269605,0.5817487239837646,0.5749168395996094,0.5869755744934082,0.008923545197841241,0.10055543556518387,0.100146956887329,0.10154766199411824,0.005921319597591214,4,,0.0
bank,10004,2,none,32.99636979372405,65.92546063498145,32.92909084125739,32.99636979372405,90332,0,0,0,0,90332,0,0.4263123334967531,0.42437383299693465,0.43478270899504423,0.01132913480521103,0.440678167011356,0.4387679169885814,0.4493114159849938,0.011111777291001039,0.5118842124938965,0.5067710876464844,0.5206122398376465,0.01122212344905671,0.09955835703294724,0.09838450414827093,0.10279891605023295,0.018973820512223565,4,,0.0
bank,10004,2,basic,32.99636979372405,65.92546063498145,32.92909084125739,32.99636979372405,90332,45166,0,0,45166,135498,0,0.5504970210167812,0.5403113329957705,0.5564547920075711,0.012270278032042434,0.5645580625132425,0.5543907090032008,0.570805042021675,0.012184433451393509,0.6355196237564087,0.6242187023162842,0.6423213481903076,0.013106330344911838,0.10957644210429862,0.10758204193552956,0.11259057786082849,0.018836799147642264,4,0.0,0.0
bank,10004,2,runnerup,32.99636979372405,65.92546063498145,32.92909084125739,32.99636979372405,90332,45166,0,0,45166,135498,0,0.5487122295016889,0.5430041249783244,0.5528882910148241,0.007439103256252226,0.5631810204940848,0.5580633330100682,0.5672309589863289,0.006704382322505063,0.6352094411849976,0.6296324729919434,0.635551929473877,0.004510273148285905,0.1097500824398594,0.1085010411334224,0.11017762494157068,0.006813072806786658,4,0.0,0.0
credit,10000,0,fresh,18.450500896249306,35.68341265412735,17.232911757878046,18.450500896249306,0,0,0,0,0,0,,0.17831985400698613,0.1748532080091536,0.17972587500116788,0.013018898973852278,0.18347185449965764,0.17977937497198582,0.1851829170191195,0.014257324814730247,0.25632786750793457,0.25112199783325195,0.25777196884155273,0.012173552418677737,0.014403145498363301,0.013984916993649676,0.015224375005345792,0.03817591795254912,4,,
credit,10000,0,none,18.450500896249306,35.68341265412735,17.232911757878046,18.450500896249306,0,0,0,0,0,0,0,0.045403833501040936,0.04446600002120249,0.04732833299203776,0.026398018841056373,0.054562895486014895,0.05405904201325029,0.05712387498351745,0.02538173632826946,0.1284022331237793,0.12493515014648438,0.13073301315307617,0.018908751841980244,0.013961375021608546,0.013750209007412195,0.015182207978796214,0.045960021645354315,4,,
credit,10000,0,basic,18.450500896249306,35.68341265412735,17.232911757878046,18.450500896249306,0,0,0,0,0,0,,0.04505572900234256,0.04451524998876266,0.045527624984970316,0.01150461691929104,0.05471412501356099,0.053730249986983836,0.055094666982768103,0.010772361164279685,0.12908995151519775,0.12522602081298828,0.1310105323791504,0.02058792028829959,0.013906395979574881,0.013510500051779673,0.014556249981978908,0.031108720849051037,4,,
credit,10000,0,runnerup,18.450500896249306,35.68341265412735,17.232911757878046,18.450500896249306,0,0,0,0,0,0,,0.045614375500008464,0.04519883400644176,0.04605183401145041,0.008286278776466122,0.05541500000981614,0.054587499995250255,0.05675395799335092,0.016548766415001682,0.1273057460784912,0.12558770179748535,0.13138341903686523,0.02121676077750158,0.014106707501923665,0.013920959027018398,0.014263833028962836,0.01185470512233601,4,,
credit,10000,1,fresh,13.799988121004443,27.41316776237782,13.613179641373378,13.799988121004443,29970,0,0,0,0,29970,,0.2609638335125055,0.257745042006718,0.267398541996954,0.015668641575773943,0.2661063335108338,0.26295991701772436,0.2733305830042809,0.016635111056061202,0.33547449111938477,0.3293490409851074,0.34432077407836914,0.01869167453887085,0.0366801074706018,0.03628692121128552,0.038771293009631336,0.03112258728227244,4,,0.0
credit,10000,1,none,13.799988121004443,27.41316776237782,13.613179641373378,13.799988121004443,29970,0,0,0,0,29970,0,0.13034493748273235,0.12718912499258295,0.133014709019335,0.01920709403532209,0.14133908349322155,0.13814629201078787,0.14434075000463054,0.01883491479215499,0.2104511260986328,0.20539212226867676,0.21789765357971191,0.027073296221506126,0.03704968953388743,0.03582179395016283,0.03734558058204129,0.018416371746301025,4,,0.0
credit,10000,1,basic,13.799988121004443,27.41316776237782,13.613179641373378,13.799988121004443,29970,29970,0,0,29970,59940,0,0.2134841660008533,0.21029491699300706,0.22370450000744313,0.027242677957637462,0.22418843749619555,0.2213610410108231,0.23581350001040846,0.028506134826237955,0.29352402687072754,0.29039788246154785,0.31060147285461426,0.031541974060001685,0.04305899991595652,0.042898252402665094,0.04481191001832485,0.020866692704444745,4,0.0,0.0
credit,10000,1,runnerup,13.799988121004443,27.41316776237782,13.613179641373378,13.799988121004443,29970,29970,0,0,29970,59940,0,0.21634616648952942,0.21156358299776912,0.22125804200186394,0.019000823479878408,0.22831487499934155,0.22234579198993742,0.23283462499966845,0.01958918995004895,0.2983551025390625,0.2904849052429199,0.3040914535522461,0.019269269971507717,0.04371914306830149,0.042366630950709805,0.0446372042351868,0.0215272585993419,4,0.0,0.0
credit,10000,2,fresh,13.212089300390755,26.399798170742073,13.18770887035132,13.212089300390755,59940,0,0,0,0,59940,,0.3405762294860324,0.33888104200013913,0.34243295798660256,0.005825276920755841,0.3462239165091887,0.34441787499235943,0.348101959010819,0.0059006068540844595,0.41394031047821045,0.41118788719177246,0.41557836532592773,0.005023136824773632,0.0585369609616464,0.058088829973712564,0.05875429799198173,0.004802524772843871,4,,0.0
credit,10000,2,none,13.212089300390755,26.399798170742073,13.18770887035132,13.212089300390755,59940,0,0,0,0,59940,0,0.21101291650847998,0.20892491700942628,0.2111165840178728,0.005052226043759465,0.22387099999468774,0.22171650000382215,0.22397137500229292,0.004907616238094333,0.2913227081298828,0.28920435905456543,0.29314732551574707,0.005555516179086763,0.05876305713900365,0.05784933295217343,0.0591672862356063,0.009703355720828324,4,,0.0
credit,10000,2,basic,13.212089300390755,26.399798170742073,13.18770887035132,13.212089300390755,59940,29970,0,0,29970,89910,0,0.2954327920015203,0.2951371250092052,0.2961290000239387,0.001463784744036427,0.30837141700612847,0.30778420899878256,0.30902741698082536,0.0017315866614169182,0.3762434720993042,0.3757364749908447,0.37758946418762207,0.0022408889315815566,0.06537097654654644,0.06497783702798188,0.06566579118953086,0.004409010335342453,4,0.0,0.0
credit,10000,2,runnerup,13.212089300390755,26.399798170742073,13.18770887035132,13.212089300390755,59940,29970,0,0,29970,89910,0,0.2974615415005246,0.29534874999080785,0.3015690840256866,0.008740645235806185,0.31026418750116136,0.30826808299752884,0.314614040980814,0.008616417518551123,0.3792243003845215,0.37695884704589844,0.38257503509521484,0.006124416912012623,0.06526982951618265,0.0648121592530515,0.0669373630953487,0.014779944472423775,4,0.0,0.0
credit,10001,0,fresh,17.427166421560205,33.71827074102023,16.291104319460022,17.427166421560205,0,0,0,0,0,0,,0.1747026664961595,0.17419870899175294,0.17630570800974965,0.005331430842204332,0.1797746670054039,0.17893437499878928,0.18135316701955162,0.006072715444520078,0.2483910322189331,0.24611616134643555,0.24887514114379883,0.0050349415645120285,0.014085438000620343,0.013646208972204477,0.014468582026893273,0.02614615273730733,4,,
credit,10001,0,none,17.427166421560205,33.71827074102023,16.291104319460022,17.427166421560205,0,0,0,0,0,0,0,0.04736181249609217,0.04696041700663045,0.04755604200181551,0.005556048736187887,0.05613302098936401,0.056006375001743436,0.05627662502229214,0.0022957141283282013,0.12559962272644043,0.12363123893737793,0.12708163261413574,0.014375638324840862,0.01340945900301449,0.013298832986038178,0.013424208969809115,0.00438037865640357,4,,
credit,10001,0,basic,17.427166421560205,33.71827074102023,16.291104319460022,17.427166421560205,0,0,0,0,0,0,,0.04686120849510189,0.04666383398580365,0.048738582991063595,0.020677860316779824,0.05553956251242198,0.05533504200866446,0.057739541021874174,0.0203567803718377,0.12302637100219727,0.12255978584289551,0.12553834915161133,0.010942210933505286,0.013288000496686436,0.013158626010408625,0.014265624980907887,0.038534830787511916,4,,
credit,10001,0,runnerup,17.427166421560205,33.71827074102023,16.291104319460022,17.427166421560205,0,0,0,0,0,0,,0.04723250000097323,0.046627959003672004,0.0486670829996001,0.01858908868250343,0.05591839601402171,0.0553289590170607,0.0583404169883579,0.0239011440880854,0.1232149600982666,0.12244296073913574,0.12678146362304688,0.01582508560372417,0.013347519998205826,0.013175959000363946,0.014002624026034027,0.027156831738965097,4,,
credit,10001,1,fresh,13.28489181473058,26.419627755370538,13.134735940639956,13.28489181473058,29970,0,0,0,0,29970,,0.25701191648840904,0.2559208330058027,0.2602958750212565,0.007709494610462477,0.26228908349003177,0.2613416250096634,0.26578983399667777,0.007729084216034997,0.33034300804138184,0.3284339904785156,0.333148717880249,0.005878022153121415,0.035965352537459694,0.035749174043303356,0.036180584895191714,0.005223138707652081,4,,0.0
credit,10001,1,none,13.28489181473058,26.419627755370538,13.134735940639956,13.28489181473058,29970,0,0,0,0,29970,0,0.13067072900594212,0.13009933300781995,0.1320241250214167,0.006369677624690867,0.14181329200800974,0.14098741600173526,0.14350358399678953,0.008182188116209936,0.21079754829406738,0.20858383178710938,0.21556353569030762,0.015552057361998444,0.03563510345702525,0.0351713738637045,0.03606736898655072,0.010281076689870583,4,,0.0
credit,10001,1,basic,13.28489181473058,26.419627755370538,13.134735940639956,13.28489181473058,29970,29970,0,0,29970,59940,0,0.2167384999920614,0.2146273749822285,0.21953770800610073,0.010082061160382802,0.22751045849872753,0.22509787502349354,0.23132329099462368,0.012100361971584045,0.2949528694152832,0.2921335697174072,0.2984802722930908,0.00923639159076105,0.042646919580874965,0.042457540956093,0.0446892079198733,0.0245133436436848,4,0.0,0.0
credit,10001,1,runnerup,13.28489181473058,26.419627755370538,13.134735940639956,13.28489181473058,29970,29970,0,0,29970,59940,0,0.21708608348853886,0.21598754200385883,0.21978716700687073,0.007933856028995118,0.22811535451910459,0.2266970000055153,0.2306337500049267,0.00787414297849447,0.2975192070007324,0.2935068607330322,0.2996358871459961,0.00870570494451424,0.04275983007391915,0.04275412709102966,0.04286074702395126,0.001205186960333207,4,0.0,0.0
credit,10001,2,fresh,12.874388050313652,25.690575938710612,12.816187888396959,12.874388050313652,59940,0,0,0,0,59940,,0.3394839165121084,0.3385853749932721,0.3412045000004582,0.0032401752063401183,0.3452694580046227,0.34421212499728426,0.34697433401015587,0.0033091754012270075,0.4128379821777344,0.4112060070037842,0.4167773723602295,0.00579368763888573,0.058210705741657875,0.057935033924877644,0.058420965156983584,0.00386130047639115,4,,0.0
credit,10001,2,none,12.874388050313652,25.690575938710612,12.816187888396959,12.874388050313652,59940,0,0,0,0,59940,0,0.21548304149473552,0.21327745798043907,0.21703041598084383,0.00797753619396907,0.22816118749324232,0.2263365410035476,0.23002675001043826,0.007691544751898416,0.2954878807067871,0.2939119338989258,0.2986717224121094,0.007322214848489126,0.05826779086783063,0.05743671191157773,0.058788000082131475,0.011958862956691643,4,,0.0
credit,10001,2,basic,12.874388050313652,25.690575938710612,12.816187888396959,12.874388050313652,59940,29970,0,0,29970,89910,0,0.297918562500854,0.2967409169941675,0.3006047499948181,0.005495773145551715,0.3107667290023528,0.3102304160129279,0.3133715830044821,0.004560015115813077,0.37982094287872314,0.37769103050231934,0.3834505081176758,0.006716345313094357,0.06531375924532767,0.06512454093899578,0.06549929495668039,0.0025408112597102945,4,0.0,0.0
credit,10001,2,runnerup,12.874388050313652,25.690575938710612,12.816187888396959,12.874388050313652,59940,29970,0,0,29970,89910,0,0.2988359790033428,0.2975912919791881,0.29926254198653623,0.002467940996663447,0.31169943750137463,0.31047454199870117,0.31178004198591225,0.002022968471122475,0.3797779083251953,0.37810182571411133,0.38037109375,0.0026889409677542096,0.06507008289918303,0.06478110887110233,0.06530732908868231,0.003538029796132934,4,0.0,0.0
credit,10002,0,fresh,19.7289620467612,37.60788310102607,17.878921054264868,19.7289620467612,0,0,0,0,0,0,,0.17486868750711437,0.17391320900060236,0.17562629099120386,0.0051140522437014765,0.17976789550448302,0.178590458992403,0.18052187500870787,0.00493659880378586,0.24798619747161865,0.24720430374145508,0.24879193305969238,0.0027867665788635703,0.01414756198937539,0.013800708984490484,0.014226750005036592,0.013572239415243036,4,,
credit,10002,0,none,19.7289620467612,37.60788310102607,17.878921054264868,19.7289620467612,0,0,0,0,0,0,0,0.049955249996855855,0.049186334013938904,0.050200457975734025,0.008853112438408674,0.05843968798581045,0.057566250005038455,0.05903091700747609,0.010392720404982887,0.1261531114578247,0.12416911125183105,0.12739229202270508,0.010616536597472451,0.01338420899992343,0.013263166969409212,0.01361970801372081,0.013098618095370513,4,,
credit,10002,0,basic,19.7289620467612,37.60788310102607,17.878921054264868,19.7289620467612,0,0,0,0,0,0,,0.04960104200290516,0.04930820799199864,0.05067762499675155,0.012416713486065427,0.05800447850197088,0.05763908399967477,0.05962095799623057,0.015288721749832106,0.12513017654418945,0.12457966804504395,0.12770676612854004,0.011502250258524683,0.013409270482952707,0.0132105830416549,0.013520749984309077,0.009661680275605213,4,,
credit,10002,0,runnerup,19.7289620467612,37.60788310102607,17.878921054264868,19.7289620467612,0,0,0,0,0,0,,0.049924916500458494,0.049742290982976556,0.05078275001142174,0.009639445820793405,0.05866895800863858,0.058391333994222805,0.059591042023384944,0.009541651166274184,0.12593507766723633,0.12518715858459473,0.12740302085876465,0.007598145708376436,0.013483146001817659,0.013195540988817811,0.013546707981731743,0.01230474892051212,4,,
credit,10002,1,fresh,13.258598382441054,26.43790919844141,13.258598382441054,13.179310816000358,29970,0,0,0,0,29970,,0.25837589550064877,0.25495166701148264,0.259806291986024,0.008412431043735671,0.2640255000005709,0.26025204101460986,0.2650911250093486,0.00868346262062875,0.33351778984069824,0.32753419876098633,0.33613133430480957,0.011026308280330608,0.03617634762485977,0.035960417095338926,0.0365389981016051,0.0066903893614448425,4,,0.0
credit,10002,1,none,13.258598382441054,26.43790919844141,13.258598382441054,13.179310816000358,29970,0,0,0,0,29970,0,0.1340877710026689,0.13281679098145105,0.13501012499909848,0.00785703543865211,0.14486860400938895,0.143477499979781,0.14641370897879824,0.009166771733832601,0.21297740936279297,0.21139192581176758,0.2165546417236328,0.011867856373755651,0.03598983446136117,0.03589525184361264,0.03617341603967361,0.0037318938928322665,4,,0.0
credit,10002,1,basic,13.258598382441054,26.43790919844141,13.258598382441054,13.179310816000358,29970,29970,0,0,29970,59940,0,0.21728208351123612,0.21600837502046488,0.21926029099267907,0.00671529896700771,0.22847102099331096,0.22762829199200496,0.2299140409741085,0.005033324347200597,0.2993202209472656,0.2977759838104248,0.3013448715209961,0.005485080810579004,0.04276320099597797,0.04260532383341342,0.043023799022194,0.004863800940613982,4,0.0,0.0
credit,10002,1,runnerup,13.258598382441054,26.43790919844141,13.258598382441054,13.179310816000358,29970,29970,0,0,29970,59940,0,0.22099099999468308,0.219354624976404,0.22164962498936802,0.0044618264588494536,0.2317252499924507,0.23010120799881406,0.23248533299192786,0.0043862719846972575,0.300146222114563,0.2967102527618408,0.30272412300109863,0.00856721955864479,0.042705120067694224,0.04245900301611982,0.04308500012848526,0.007048739512761216,4,0.0,0.0
credit,10002,2,fresh,12.840158264619793,25.641223847873466,12.840158264619793,12.801065583253672,59940,0,0,0,0,59940,,0.3425993959972402,0.33990762499161065,0.34467033299733885,0.005782482121597939,0.3483752500033006,0.34570379098295234,0.3502573749865405,0.005431320957541957,0.4163583517074585,0.4141099452972412,0.4172496795654297,0.00322178016301942,0.058817918121349066,0.05830612080171704,0.05893107209703885,0.004878520600850357,4,,0.0
credit,10002,2,none,12.840158264619793,25.641223847873466,12.840158264619793,12.801065583253672,59940,0,0,0,0,59940,0,0.21728045848431066,0.21670904199709184,0.21894325001630932,0.004444860838643272,0.23009816648846027,0.22950979098095559,0.23190287497709505,0.004637717294312739,0.2989227771759033,0.29795312881469727,0.301220178604126,0.0048077109072861696,0.058508079004241154,0.058486957976128906,0.05852703991695307,0.0003162123937587307,4,,0.0
credit,10002,2,basic,12.840158264619793,25.641223847873466,12.840158264619793,12.801065583253672,59940,29970,0,0,29970,89910,0,0.3025692289957078,0.30067075000260957,0.3038644589832984,0.004697811187306223,0.31563558349444065,0.31438812499982305,0.3169235000095796,0.0037947951902400443,0.3841131925582886,0.3815171718597412,0.3873779773712158,0.006295961487808437,0.06536263442831114,0.06497171596856788,0.06557583188987337,0.004393075770619516,4,0.0,0.0
credit,10002,2,runnerup,12.840158264619793,25.641223847873466,12.840158264619793,12.801065583253672,59940,29970,0,0,29970,89910,0,0.3030787085008342,0.30179195798700675,0.3055887910013553,0.005290411841429647,0.31588591648323927,0.31489424998289905,0.31834058300592005,0.00472478569095026,0.3838874101638794,0.383573055267334,0.390047550201416,0.008138246434249638,0.06516237906180322,0.06501733828918077,0.06670924904756248,0.012339296525450235,4,0.0,0.0
credit,10003,0,fresh,17.9336461890835,33.13136360154481,15.19771741246131,17.9336461890835,0,0,0,0,0,0,,0.17494433298998047,0.17419208300998434,0.17508691601688042,0.0023279283324150976,0.1797343749931315,0.17891483299899846,0.18001224999898113,0.002652843528650697,0.24742519855499268,0.24679088592529297,0.24778509140014648,0.0017838403973695679,0.01397372901556082,0.013781875983113423,0.014522125973599032,0.022702056613082933,4,,
credit,10003,0,none,17.9336461890835,33.13136360154481,15.19771741246131,17.9336461890835,0,0,0,0,0,0,0,0.04660583348595537,0.04582533301436342,0.04669158300384879,0.008757019779620024,0.05524070799583569,0.05440345898387022,0.05611416601459496,0.012908600192604026,0.12284314632415771,0.12236475944519043,0.12384343147277832,0.0052607682676529405,0.01244533300632611,0.01210979200550355,0.012674208031967282,0.02143259723272696,4,,
credit,10003,0,basic,17.9336461890835,33.13136360154481,15.19771741246131,17.9336461890835,0,0,0,0,0,0,,0.04662033301428892,0.04558058301336132,0.04702154200640507,0.013345846184150632,0.05527437549608294,0.05406495800707489,0.05558633300825022,0.012543713533674656,0.12242376804351807,0.12223505973815918,0.12315893173217773,0.0034553751104734807,0.01257072998851072,0.012340499029960483,0.012736458011204377,0.013173764364133537,4,,
credit,10003,0,runnerup,17.9336461890835,33.13136360154481,15.19771741246131,17.9336461890835,0,0,0,0,0,0,,0.04654639550426509,0.04626966701471247,0.04759266698965803,0.012565554737879991,0.05488506201072596,0.05477916600648314,0.056452999997418374,0.014595570719303485,0.12207436561584473,0.1217796802520752,0.12540102005004883,0.014076406777968498,0.012543521501356736,0.012285625009099022,0.012661667977226898,0.012876109769860448,4,,
credit,10003,1,fresh,13.52523087177043,26.772230622821496,13.246999751051066,13.52523087177043,29970,0,0,0,0,29970,,0.2574693130009109,0.25702983399969526,0.2599785000202246,0.005271841456551911,0.26289264601655304,0.2622735839977395,0.26512445899425074,0.004773731518880492,0.33155107498168945,0.32855844497680664,0.332683801651001,0.005999167743830474,0.0362913349235896,0.03621350185130723,0.03653875400777906,0.004101402013809161,4,,0.0
credit,10003,1,none,13.52523087177043,26.772230622821496,13.246999751051066,13.52523087177043,29970,0,0,0,0,29970,0,0.1314915625116555,0.12894249998498708,0.13308558298740536,0.013056910445782695,0.14231695850321557,0.13951220799935982,0.14390691701555625,0.012872975720727927,0.21016967296600342,0.20606446266174316,0.2113933563232422,0.01134253386654235,0.035222063917899504,0.034638297074707225,0.03551409568171948,0.01045904752130333,4,,0.0
credit,10003,1,basic,13.52523087177043,26.772230622821496,13.246999751051066,13.52523087177043,29970,29970,0,0,29970,59940,0,0.21539654150546994,0.21251312500680797,0.22109375000582077,0.016645013488068457,0.22614583300310187,0.22320949999266304,0.2318915840005502,0.01602963047285715,0.29363691806793213,0.29122352600097656,0.29924583435058594,0.011559561807834167,0.04227062709105667,0.04165624803863466,0.042960710008628666,0.013532657189292883,4,0.0,0.0
credit,10003,1,runnerup,13.52523087177043,26.772230622821496,13.246999751051066,13.52523087177043,29970,29970,0,0,29970,59940,0,0.21581268700538203,0.21493041698704474,0.21904283299227245,0.008367229096409785,0.2267497499997262,0.22565549999126233,0.2300039590045344,0.008278299786542804,0.29504549503326416,0.2937500476837158,0.2976069450378418,0.005670317051615979,0.04186675290111452,0.041546584194293246,0.042164243262959644,0.006535004123099015,4,0.0,0.0
credit,10003,2,fresh,12.983469492274399,25.921920661174774,12.938451168900377,12.983469492274399,59940,0,0,0,0,59940,,0.3409578545106342,0.3397857079980895,0.34520679200068116,0.007159388057718545,0.3466052704898175,0.34544362500309944,0.3507850000169128,0.006976429805965226,0.4151250123977661,0.4123365879058838,0.4203829765319824,0.008087458092811601,0.05865366895159241,0.05853791307890788,0.058820207486860454,0.0020246298981546275,4,,0.0
credit,10003,2,none,12.983469492274399,25.921920661174774,12.938451168900377,12.983469492274399,59940,0,0,0,0,59940,0,0.21452237550693098,0.21356991701759398,0.2152632089855615,0.0033773690209536735,0.22727233399928082,0.22676358299213462,0.2284429999999702,0.0034754671152177467,0.29477500915527344,0.2937021255493164,0.2993619441986084,0.00855216801547335,0.05800387429189868,0.05772974909632467,0.05966650290065445,0.015202659128484673,4,,0.0
credit,10003,2,basic,12.983469492274399,25.921920661174774,12.938451168900377,12.983469492274399,59940,29970,0,0,29970,89910,0,0.2978767080057878,0.29597604199079797,0.3017496659886092,0.008692531838588442,0.31062164600007236,0.3085090829990804,0.3145755419973284,0.00883356052915502,0.37951576709747314,0.37548112869262695,0.3822927474975586,0.007929070347225795,0.06447043915977702,0.06378016475355253,0.06510491180233657,0.008965176405115304,4,0.0,0.0
credit,10003,2,runnerup,12.983469492274399,25.921920661174774,12.938451168900377,12.983469492274399,59940,29970,0,0,29970,89910,0,0.3022406459931517,0.29946508299326524,0.3038110419875011,0.006026674041099468,0.3153587705019163,0.31246120799914934,0.3171332500060089,0.0061519672638213506,0.3860362768173218,0.3797180652618408,0.39125823974609375,0.012247458492524703,0.06458845117595047,0.06415724407997914,0.06482739295461215,0.004380545547411587,4,0.0,0.0
credit,10004,0,fresh,17.975073465744913,33.49370788720915,15.518634421464236,17.975073465744913,0,0,0,0,0,0,,0.17453295798623003,0.172847959009232,0.17571333298110403,0.006769058302450765,0.17930895848257933,0.1774829580099322,0.1804023330041673,0.0067660060497221714,0.24649548530578613,0.24593782424926758,0.24874234199523926,0.005242830284164238,0.013763312992523424,0.013654540991410613,0.013966000027721748,0.010236164651020615,4,,
credit,10004,0,none,17.975073465744913,33.49370788720915,15.518634421464236,17.975073465744913,0,0,0,0,0,0,0,0.047735207990626805,0.047596124990377575,0.048879707988817245,0.012496086503560166,0.056695104503887706,0.05623824999202043,0.05757641600212082,0.010069500859792678,0.12478971481323242,0.12269711494445801,0.1255960464477539,0.009965393563005402,0.013468978999298997,0.013358917000005022,0.013503417023457587,0.00471446100063364,4,,
credit,10004,0,basic,17.975073465744913,33.49370788720915,15.518634421464236,17.975073465744913,0,0,0,0,0,0,,0.047836395489866845,0.04756329199881293,0.0480892909981776,0.006006950892285858,0.056496145989513025,0.056074833002639934,0.05674670901498757,0.0049373184920280195,0.12507688999176025,0.1226809024810791,0.12847208976745605,0.019496344061737076,0.013456228509312496,0.013343124039238319,0.013586166984168813,0.007445905911233815,4,,
credit,10004,0,runnerup,17.975073465744913,33.49370788720915,15.518634421464236,17.975073465744913,0,0,0,0,0,0,,0.04776297901116777,0.047482124995440245,0.048743249994004145,0.011699233168952262,0.056629417013027705,0.056481916981283575,0.0575697919994127,0.008982730651543418,0.12642157077789307,0.12324190139770508,0.1275954246520996,0.014892280202368031,0.01359110398334451,0.013397417002124712,0.013693127024453133,0.010860052521925226,4,,
credit,10004,1,fresh,13.434240702159975,26.77798396237123,13.434240702159975,13.343743260211255,29970,0,0,0,0,29970,,0.25669939650106244,0.25461041601374745,0.258859499997925,0.006758805977379345,0.2619828544993652,0.2598220410000067,0.2641025000193622,0.006679449899097485,0.3303593397140503,0.32787609100341797,0.3316333293914795,0.004766887665106004,0.03555086195410695,0.035321622970514,0.03604579082457349,0.009371812419220254,4,,0.0
credit,10004,1,none,13.434240702159975,26.77798396237123,13.434240702159975,13.343743260211255,29970,0,0,0,0,29970,0,0.13041968749894295,0.13026958299451508,0.131326041999273,0.003760986512511077,0.141125791502418,0.14080012499471195,0.14226170899928547,0.004688488582019267,0.20827925205230713,0.20737266540527344,0.21029973030090332,0.006290940936291336,0.035368314405786805,0.034967961109941825,0.03564579295925796,0.007904811865000253,4,,0.0
credit,10004,1,basic,13.434240702159975,26.77798396237123,13.434240702159975,13.343743260211255,29970,29970,0,0,29970,59940,0,0.21633770850894507,0.21252508301404305,0.21699108299799263,0.009737558275146893,0.22709806248894893,0.22341741601121612,0.22778833299526013,0.008989107133629645,0.2943636178970337,0.2916221618652344,0.29483723640441895,0.0051206277796156845,0.04240036905684974,0.04202296448056586,0.04253308681654744,0.005281672468647581,4,0.0,0.0
credit,10004,1,runnerup,13.434240702159975,26.77798396237123,13.434240702159975,13.343743260211255,29970,29970,0,0,29970,59940,0,0.21541291651374195,0.21403091700631194,0.2177239169832319,0.007905755353548179,0.2263613959948998,0.2248079580022022,0.22858591700787656,0.007735636510226173,0.2943992614746094,0.2921600341796875,0.2961537837982178,0.006169130777271937,0.04229881441278849,0.042033246834762394,0.042840038862777874,0.009257173751809714,4,0.0,0.0
credit,10004,2,fresh,12.954826839202504,25.795401326377558,12.840574487175054,12.954826839202504,59940,0,0,0,0,59940,,0.3419463540049037,0.3394331249874085,0.3513358330237679,0.01563370591966197,0.34800547949271277,0.34545954200439155,0.35732312500476837,0.015379494994943205,0.41822803020477295,0.41585206985473633,0.4248201847076416,0.009791705778309366,0.058319309406215325,0.05762796214548871,0.05845391008188017,0.0065153068901813195,4,,0.0
credit,10004,2,none,12.954826839202504,25.795401326377558,12.840574487175054,12.954826839202504,59940,0,0,0,0,59940,0,0.21528091651271097,0.2140757089946419,0.21626804099651054,0.004175678085920717,0.22813610450248234,0.227185499999905,0.22990158398170024,0.005035909131363619,0.29537487030029297,0.29483628273010254,0.2991476058959961,0.006726842304103462,0.05790643914951943,0.05726675412734039,0.058149082702584565,0.006851676395324041,4,,0.0
credit,10004,2,basic,12.954826839202504,25.795401326377558,12.840574487175054,12.954826839202504,59940,29970,0,0,29970,89910,0,0.2987267085118219,0.2978161250066478,0.29983408300904557,0.0036728817031578672,0.3115944169985596,0.3103879170084838,0.3129097500059288,0.0037301738850059815,0.3809647560119629,0.37819957733154297,0.38305163383483887,0.006227661554252825,0.06496502735535614,0.06464887777110562,0.06520362119772471,0.004144902800919924,4,0.0,0.0
credit,10004,2,runnerup,12.954826839202504,25.795401326377558,12.840574487175054,12.954826839202504,59940,29970,0,0,29970,89910,0,0.3000395209965063,0.2976432090217713,0.30458658398129046,0.009720930892736542,0.313346395487315,0.3106206250085961,0.31764650001423433,0.009333199562074268,0.3818655014038086,0.37885355949401855,0.3861513137817383,0.008194590748141554,0.06514609935402405,0.06385995040182024,0.06527317597647198,0.010327688591906478,4,0.0,0.0
