dataset,T,seeds,Phi_mean,Phi_sd,Phi_min,Phi_max
adult,0,5,119.59361339529657,3.0479602237064705,114.67492282699168,122.4029641461287
adult,1,5,97.9411050633514,1.1839607762735693,96.85520683858066,99.46306050046745
adult,2,5,95.9312181256392,1.39130827614955,93.95193457630012,97.32649439629674
bank,0,5,47.958926516784736,0.7571761634563261,46.693035254079014,48.44522268442373
bank,1,5,34.01577096874843,1.1064047234551564,32.671086322763344,35.75420516347235
bank,2,5,33.00951024917232,0.928796370293699,32.043292947192036,34.48602631592609
credit,0,5,18.303069803879826,0.875523665508903,17.427166421560205,19.7289620467612
credit,1,5,13.460589978421297,0.21893736445173914,13.258598382441054,13.799988121004443
credit,2,5,12.972986389360221,0.14575219548665128,12.840158264619793,13.212089300390755
